Category,Subcategory,Search Keyword,Product Name,Company Name,Price,MOQ,Contact No,Email ID,Website,Location,Rating,Reviews,Image URL,Product URL,Product Description
IT Services,Seo Services,seo services,SEO Solution Service,Openxcode,Ask Price,Member: 3 months,+91 91577 65075,info@openxcode.com,https://www.openxcode.com,Rajkot,N/A,N/A,https://5.imimg.com/data5/SELLER/Default/2026/4/600733224/NP/HY/EW/264411483/seo-solution-250x250.png,https://www.indiamart.com/proddetail/seo-solution-service-2859014713130.html,GST Email Mobile Member: 3 months
IT Services,Seo Services,seo services,Explore Our SEO Solutions Service,Apphouse Infotech,"₹ 10,000",/Month,+91 99045 88813,info@apphouseinfotech.com,https://apphouseinfotech.com,Rajkot,N/A,N/A,https://5.imimg.com/data5/SELLER/Default/2025/6/521589475/IJ/GO/VA/123022079/explore-our-seo-solutions-service-250x250.jpg,https://www.indiamart.com/proddetail/explore-our-seo-solutions-service-2854560496262.html,Explore Our SEO Solutions Service
IT Services,Seo Services,seo services,Seo Search Engine Optimization,Rexter Tech,"₹ 12,000",/month,+91 70412 55969,info@rextertech.com,https://www.rextertech.com,Rajkot,N/A,N/A,https://5.imimg.com/data5/SELLER/Default/2021/7/RL/QE/LA/127230768/seo-optimization-250x250.jpg,https://www.indiamart.com/proddetail/seo-search-engine-optimization-23733605173.html,Seo Search Engine Optimization
IT Services,Seo Services,seo services,Search Engine Optimization Services,Smit Branding Private Limited,"₹ 15,000",Search Engine Optimization Services,+91 74908 56906,hi@smitbranding.com,https://smitbranding.com,Rajkot,N/A,N/A,https://5.imimg.com/data5/SELLER/Default/2026/5/609460327/SJ/GV/JX/6890698/search-engine-optimization-services-250x250.jpg,https://www.indiamart.com/proddetail/search-engine-optimization-services-2859271467497.html,Search Engine Optimization Services
IT Services,Seo Services,seo services,Website Seo Services,VK Tech Solution,"₹ 15,000",/Month,"+91 97256 97970, +91 90993 94647",info@vktechsolution.com,https://www.vktechsolution.com,Rajkot,N/A,N/A,https://5.imimg.com/data5/SELLER/Default/2025/5/507923888/FQ/JG/CF/156624171/search-engine-optimization-1-250x250.jpg,https://www.indiamart.com/proddetail/website-seo-services-2856460962230.html,GST Email Mobile Member: 3 yrs
IT Services,Seo Services,seo services,Seo Services,Neooctalchip Technology Private Limited,"₹ 12,000",/Month,Not Found,Not Found,Not Found,Rajkot,N/A,N/A,https://5.imimg.com/data5/SELLER/Default/2026/1/578727394/RX/RB/LG/263653338/seo-aeo-geo-triple-optimization-strategy-250x250.png,https://www.indiamart.com/proddetail/seo-services-2858653057248.html,Neooctalchip Technology Private Limited
IT Services,Seo Services,seo services,SEO Service,Flitzen Technologies (OPC) Private Limited,Ask Price,N/A,Not Found,darshan@flitzen.in,http://www.juniperwebs.com,Rajkot,N/A,N/A,https://3.imimg.com/data3/ID/EW/MY-8032996/seo-service-250x250.jpg,https://www.indiamart.com/proddetail/seo-service-8571777462.html,Flitzen Technologies (OPC) Private Limited
IT Services,Seo Services,seo services,SEO Service,Balaji Enterprise,Ask Price,N/A,+91 94264 30224,balajis_e@yahoo.com,https://balaji-enterprise.in,Rajkot,N/A,N/A,https://5.imimg.com/data5/SJ/TY/EQ/GLADMIN-12677961/selection-776-250x250.png,https://www.indiamart.com/proddetail/seo-service-21404169897.html,GST Email Mobile Member: 11 yrs
IT Services,Seo Services,seo services,SEO Service,Foxagle Web Solution,Ask Price,N/A,+91 97120 20865,info@foxagle.com,https://www.foxagle.com,Rajkot,N/A,N/A,https://5.imimg.com/data5/II/MN/GLADMIN-33779614/seo-service-250x250.png,https://www.indiamart.com/proddetail/seo-service-18150699991.html,GST Email Mobile Member: 9 yrs
IT Services,Seo Services,seo services,SEO Services,Bapa Corporates,Ask Price,N/A,Not Found,Not Found,https://www.bapaconsultancycompany.com/,Rajkot,N/A,N/A,https://5.imimg.com/data5/YU/MH/GLADMIN-35903171/seo-services-250x250.png,https://www.indiamart.com/proddetail/seo-services-18120406288.html,GST Email Mobile Member: 9 yrs
IT Services,Seo Services,seo services,Mobile SEO,Padmakuvar Growth Catalyst Private Limited,Ask Price,N/A,Not Found,Not Found,Not Found,Rajkot,N/A,N/A,https://5.imimg.com/data5/AJ/CP/XD/SELLER-95083497/mobile-seo-250x250.jpg,https://www.indiamart.com/proddetail/mobile-seo-22165165912.html,Padmakuvar Growth Catalyst Private Limited
IT Services,Seo Services,seo services,Search Engine Optimization (SEO),MS Pixcel Animation,Ask Price,N/A,+33 06 68 43 67 89,ms.animation66@gmail.com,https://www.ms-animation.com,Rajkot,N/A,N/A,https://3.imimg.com/data3/IN/HQ/MY-11094264/search-engine-optimization-seo-250x250.png,https://www.indiamart.com/proddetail/search-engine-optimization-seo-7481798862.html,Search Engine Optimization (SEO)
IT Services,Seo Services,seo services,"Search Engine Optimization Seo, in Pan India",Sanbharti Digital,Ask Price,N/A,Not Found,Not Found,https://sanbhartidigital.in,Rajkot,N/A,N/A,https://5.imimg.com/data5/SELLER/Default/2021/7/AN/JA/AI/97570898/plaet-arcadia-16--250x250.png,https://www.indiamart.com/proddetail/search-engine-optimization-seo-23686791348.html,"Search Engine Optimization Seo, in Pan India"
IT Services,Seo Services,seo services,SEO Optimization,Easy Hotel Solutions,Ask Price,N/A,63557 64607,"sales@yanoljacloudsolution.com,",https://www.ezeeabsolute.com/?country=India&state=Gujarat&city=Ahmedabad,Rajkot,N/A,N/A,https://4.imimg.com/data4/FV/JM/GLADMIN-8994433/uuuuuuuuuuuuuuuuuuuuu-250x250.jpg,https://www.indiamart.com/proddetail/seo-optimization-11378532848.html,GST Email Mobile Member: 12 yrs
IT Services,Seo Services,seo services,Search Engine Optimization (SEO),Kiddo Korner,Ask Price,N/A,+91 97125 55444,kiddokornerofficial@gmail.com,https://kiddokorner.in,Rajkot,N/A,N/A,https://3.imimg.com/data3/AR/WP/MY-11369000/search-engine-optimization-seo-250x250.jpg,https://www.indiamart.com/proddetail/search-engine-optimization-seo-7532503697.html,Search Engine Optimization (SEO)
IT Services,Seo Services,seo services,SEO & Web Promotion,Websmith Solutions,Ask Price,N/A,"+91 99980 69856, +91 70485 05550",web@websmithsolution.com,https://websmithsolution.com,Rajkot,N/A,N/A,https://3.imimg.com/data3/AL/XE/MY-3725585/seo-web-promotion-250x250.jpg,https://www.indiamart.com/proddetail/seo-web-promotion-4914640891.html,GST Email Mobile Member: 14 yrs
IT Services,Seo Services,seo services,"Digital Marketing Business Websites Search Engine Optimization Service, in Pan India, seo",Sphinix Marketing,"₹ 7,500",/Month,Not Found,Not Found,https://sphinixmarketing.com,Bhavnagar,N/A,N/A,https://5.imimg.com/data5/SELLER/Default/2022/2/DC/YL/SX/112616868/search-engine-optimization-service-250x250.jpg,https://www.indiamart.com/proddetail/search-engine-optimization-service-22725057197.html,"Digital Marketing Business Websites Search Engine Optimization Service, in Pan India, seo"
IT Services,Seo Services,seo services,SEO Solution Service,Openxcode,Ask Price,Member: 3 months,(+91) 6351545981,sales@openxcode.com,https://openxcode.com/contact-us/,Rajkot,N/A,N/A,https://5.imimg.com/data5/SELLER/Default/2026/4/600733224/NP/HY/EW/264411483/seo-solution-250x250.png,https://www.indiamart.com/proddetail/seo-solution-service-2859014713130.html,GST Email Mobile Member: 3 months
IT Services,Seo Services,seo services,Explore Our SEO Solutions Service,Apphouse Infotech,"₹ 10,000",/Month,099045 88813,NA,https://apphouseinfotech.com/,Rajkot,N/A,N/A,https://5.imimg.com/data5/SELLER/Default/2025/6/521589475/IJ/GO/VA/123022079/explore-our-seo-solutions-service-250x250.jpg,https://www.indiamart.com/proddetail/explore-our-seo-solutions-service-2854560496262.html,Explore Our SEO Solutions Service
IT Services,Seo Services,seo services,Seo Search Engine Optimization,Rexter Tech,"₹ 12,000",/month,070412 55969,info@rextertech.com,https://www.rextertech.com,Rajkot,N/A,N/A,https://5.imimg.com/data5/SELLER/Default/2021/7/RL/QE/LA/127230768/seo-optimization-250x250.jpg,https://www.indiamart.com/proddetail/seo-search-engine-optimization-23733605173.html,Seo Search Engine Optimization
IT Services,Seo Services,seo services,Search Engine Optimization Services,Smit Branding Private Limited,"₹ 15,000",Search Engine Optimization Services,90333 04049,NA,https://smitbranding.com/,Rajkot,N/A,N/A,https://5.imimg.com/data5/SELLER/Default/2026/5/609460327/SJ/GV/JX/6890698/search-engine-optimization-services-250x250.jpg,https://www.indiamart.com/proddetail/search-engine-optimization-services-2859271467497.html,Search Engine Optimization Services
IT Services,Seo Services,seo services,Website Seo Services,VK Tech Solution,"₹ 15,000",/Month,+91 97256 97970 ,info@vktechsolution.com ,https://www.vktechsolution.com/,Rajkot,N/A,N/A,https://5.imimg.com/data5/SELLER/Default/2025/5/507923888/FQ/JG/CF/156624171/search-engine-optimization-1-250x250.jpg,https://www.indiamart.com/proddetail/website-seo-services-2856460962230.html,GST Email Mobile Member: 3 yrs
IT Services,Seo Services,seo services,Seo Services,Neooctalchip Technology Private Limited,"₹ 12,000",/Month,+91 97277 88773,info@neooctalchip.com,https://www.neooctalchip.com,Rajkot,N/A,N/A,https://5.imimg.com/data5/SELLER/Default/2026/1/578727394/RX/RB/LG/263653338/seo-aeo-geo-triple-optimization-strategy-250x250.png,https://www.indiamart.com/proddetail/seo-services-2858653057248.html,Neooctalchip Technology Private Limited
IT Services,Seo Services,seo services,SEO Service,Flitzen Technologies (OPC) Private Limited,Ask Price,N/A,NA,Flitzen Technologies (OPC) Private Limited,https://flitzen.in/,Rajkot,N/A,N/A,https://3.imimg.com/data3/ID/EW/MY-8032996/seo-service-250x250.jpg,https://www.indiamart.com/proddetail/seo-service-8571777462.html,Flitzen Technologies (OPC) Private Limited
IT Services,Seo Services,seo services,SEO Service,Balaji Enterprise,Ask Price,N/A,+91 94264 30224,balajis_e@yahoo.com,https://balaji-enterprise.in,Rajkot,N/A,N/A,https://5.imimg.com/data5/SJ/TY/EQ/GLADMIN-12677961/selection-776-250x250.png,https://www.indiamart.com/proddetail/seo-service-21404169897.html,GST Email Mobile Member: 11 yrs
IT Services,Seo Services,seo services,SEO Service,Foxagle Web Solution,Ask Price,N/A,097120 20865,info@foxagle.com,https://www.foxagle.com/,Rajkot,N/A,N/A,https://5.imimg.com/data5/II/MN/GLADMIN-33779614/seo-service-250x250.png,https://www.indiamart.com/proddetail/seo-service-18150699991.html,GST Email Mobile Member: 9 yrs
IT Services,Seo Services,seo services,SEO Services,Bapa Corporates,Ask Price,N/A,8140 9999 01,support@bapaconsultancycompany.com,https://www.bapaconsultancycompany.com/#contact-us,Rajkot,N/A,N/A,https://5.imimg.com/data5/YU/MH/GLADMIN-35903171/seo-services-250x250.png,https://www.indiamart.com/proddetail/seo-services-18120406288.html,GST Email Mobile Member: 9 yrs
IT Services,Seo Services,seo services,Mobile SEO,Padmakuvar Growth Catalyst Private Limited,Ask Price,N/A,+91 97243 99666,info@padmakuvar.com,https://padmakuvar.com,Rajkot,N/A,N/A,https://5.imimg.com/data5/AJ/CP/XD/SELLER-95083497/mobile-seo-250x250.jpg,https://www.indiamart.com/proddetail/mobile-seo-22165165912.html,Padmakuvar Growth Catalyst Private Limited
IT Services,Seo Services,seo services,Search Engine Optimization (SEO),MS Pixcel Animation,Ask Price,N/A,Not Found,Not Found,Not Found,Rajkot,N/A,N/A,https://3.imimg.com/data3/IN/HQ/MY-11094264/search-engine-optimization-seo-250x250.png,https://www.indiamart.com/proddetail/search-engine-optimization-seo-7481798862.html,Search Engine Optimization (SEO)
IT Services,Seo Services,seo services,"Search Engine Optimization Seo, in Pan India",Sanbharti Digital,Ask Price,N/A,090999 14085,NA,https://sanbhartidigital.in/,Rajkot,N/A,N/A,https://5.imimg.com/data5/SELLER/Default/2021/7/AN/JA/AI/97570898/plaet-arcadia-16--250x250.png,https://www.indiamart.com/proddetail/search-engine-optimization-seo-23686791348.html,"Search Engine Optimization Seo, in Pan India"
IT Services,Seo Services,seo services,SEO Optimization,Easy Hotel Solutions,Ask Price,N/A,63557 64607,"sales@yanoljacloudsolution.com,",https://www.ezeeabsolute.com/?country=India&state=Gujarat&city=Ahmedabad,Rajkot,N/A,N/A,https://4.imimg.com/data4/FV/JM/GLADMIN-8994433/uuuuuuuuuuuuuuuuuuuuu-250x250.jpg,https://www.indiamart.com/proddetail/seo-optimization-11378532848.html,GST Email Mobile Member: 12 yrs
IT Services,Seo Services,seo services,Search Engine Optimization (SEO),Kiddo Korner,Ask Price,N/A,+91 97125 55444,kiddokornerofficial@gmail.com,https://kiddokorner.in,Rajkot,N/A,N/A,https://3.imimg.com/data3/AR/WP/MY-11369000/search-engine-optimization-seo-250x250.jpg,https://www.indiamart.com/proddetail/search-engine-optimization-seo-7532503697.html,Search Engine Optimization (SEO)
IT Services,Seo Services,seo services,SEO & Web Promotion,Websmith Solutions,Ask Price,N/A,099980 69856,Not Found,https://www.websmithsolution.com,Rajkot,N/A,N/A,https://3.imimg.com/data3/AL/XE/MY-3725585/seo-web-promotion-250x250.jpg,https://www.indiamart.com/proddetail/seo-web-promotion-4914640891.html,GST Email Mobile Member: 14 yrs
IT Services,Seo Services,seo services,"Digital Marketing Business Websites Search Engine Optimization Service, in Pan India, seo",Sphinix Marketing,"₹ 7,500",/Month,Not Found,Not Found,https://sphinixmarketing.com,Bhavnagar,N/A,N/A,https://5.imimg.com/data5/SELLER/Default/2022/2/DC/YL/SX/112616868/search-engine-optimization-service-250x250.jpg,https://www.indiamart.com/proddetail/search-engine-optimization-service-22725057197.html,"Digital Marketing Business Websites Search Engine Optimization Service, in Pan India, seo"
IT Services,Seo Services,seo services,SEO Solution Service,Openxcode,Ask Price,Member: 3 months,+91 57776 5075,info@openxcode.com,openxcode.com,Rajkot,N/A,N/A,https://5.imimg.com/data5/SELLER/Default/2026/4/600733224/NP/HY/EW/264411483/seo-solution-250x250.png,https://www.indiamart.com/proddetail/seo-solution-service-2859014713130.html,GST Email Mobile Member: 3 months
IT Services,Seo Services,seo services,Explore Our SEO Solutions Service,Apphouse Infotech,"₹ 10,000",/Month,+91 99045 88813,info@apphouseinfotech.com,apphouseinfotech.com,Rajkot,N/A,N/A,https://5.imimg.com/data5/SELLER/Default/2025/6/521589475/IJ/GO/VA/123022079/explore-our-seo-solutions-service-250x250.jpg,https://www.indiamart.com/proddetail/explore-our-seo-solutions-service-2854560496262.html,Explore Our SEO Solutions Service
IT Services,Seo Services,seo services,Seo Search Engine Optimization,Rexter Tech,"₹ 12,000",/month,+91 70412 55969,info@rextertech.com,rextertech.com,Rajkot,N/A,N/A,https://5.imimg.com/data5/SELLER/Default/2021/7/RL/QE/LA/127230768/seo-optimization-250x250.jpg,https://www.indiamart.com/proddetail/seo-search-engine-optimization-23733605173.html,Seo Search Engine Optimization
IT Services,Seo Services,seo services,Search Engine Optimization Services,Smit Branding Private Limited,"₹ 15,000",Search Engine Optimization Services,090333 04049,Not Found,http://www.smitbranding.com,Rajkot,N/A,N/A,https://5.imimg.com/data5/SELLER/Default/2026/5/609460327/SJ/GV/JX/6890698/search-engine-optimization-services-250x250.jpg,https://www.indiamart.com/proddetail/search-engine-optimization-services-2859271467497.html,Search Engine Optimization Services
IT Services,Seo Services,seo services,Website Seo Services,VK Tech Solution,"₹ 15,000",/Month,Not Found,Not Found,https://www.vktechsolution.com,Rajkot,N/A,N/A,https://5.imimg.com/data5/SELLER/Default/2025/5/507923888/FQ/JG/CF/156624171/search-engine-optimization-1-250x250.jpg,https://www.indiamart.com/proddetail/website-seo-services-2856460962230.html,GST Email Mobile Member: 3 yrs
IT Services,Seo Services,seo services,Seo Services,Neooctalchip Technology Private Limited,"₹ 12,000",/Month,+91 97277 88773,info@neooctalchip.com,https://www.neooctalchip.com,Rajkot,N/A,N/A,https://5.imimg.com/data5/SELLER/Default/2026/1/578727394/RX/RB/LG/263653338/seo-aeo-geo-triple-optimization-strategy-250x250.png,https://www.indiamart.com/proddetail/seo-services-2858653057248.html,Neooctalchip Technology Private Limited
IT Services,Seo Services,seo services,SEO Service,Flitzen Technologies (OPC) Private Limited,Ask Price,N/A,darshan@flitzen.in,Not Found,http://www.juniperwebs.com,Rajkot,N/A,N/A,https://3.imimg.com/data3/ID/EW/MY-8032996/seo-service-250x250.jpg,https://www.indiamart.com/proddetail/seo-service-8571777462.html,Flitzen Technologies (OPC) Private Limited
IT Services,Seo Services,seo services,SEO Service,Balaji Enterprise,Ask Price,N/A,+91 94264 30224,balajis_e@yahoo.com,https://balaji-enterprise.in,Rajkot,N/A,N/A,https://5.imimg.com/data5/SJ/TY/EQ/GLADMIN-12677961/selection-776-250x250.png,https://www.indiamart.com/proddetail/seo-service-21404169897.html,GST Email Mobile Member: 11 yrs
IT Services,Seo Services,seo services,SEO Service,Foxagle Web Solution,Ask Price,N/A,info@foxagle.com,+91 97120 20865,https://www.foxagle.com,Rajkot,N/A,N/A,https://5.imimg.com/data5/II/MN/GLADMIN-33779614/seo-service-250x250.png,https://www.indiamart.com/proddetail/seo-service-18150699991.html,GST Email Mobile Member: 9 yrs
IT Services,Seo Services,seo services,SEO Services,Bapa Corporates,Ask Price,N/A,8140 9999 01,support@bapaconsultancycompany.com,https://www.bapaconsultancycompany.com/#contact-us,Rajkot,N/A,N/A,https://5.imimg.com/data5/YU/MH/GLADMIN-35903171/seo-services-250x250.png,https://www.indiamart.com/proddetail/seo-services-18120406288.html,GST Email Mobile Member: 9 yrs
IT Services,Seo Services,seo services,Mobile SEO,Padmakuvar Growth Catalyst Private Limited,Ask Price,N/A,+91 97243 99666,info@padmakuvar.com,https://padmakuvar.com,Rajkot,N/A,N/A,https://5.imimg.com/data5/AJ/CP/XD/SELLER-95083497/mobile-seo-250x250.jpg,https://www.indiamart.com/proddetail/mobile-seo-22165165912.html,Padmakuvar Growth Catalyst Private Limited
IT Services,Seo Services,seo services,Search Engine Optimization (SEO),MS Pixcel Animation,Ask Price,N/A,Not Found,Not Found,Not Found,Rajkot,N/A,N/A,https://3.imimg.com/data3/IN/HQ/MY-11094264/search-engine-optimization-seo-250x250.png,https://www.indiamart.com/proddetail/search-engine-optimization-seo-7481798862.html,Search Engine Optimization (SEO)
IT Services,Seo Services,seo services,"Search Engine Optimization Seo, in Pan India",Sanbharti Digital,Ask Price,N/A,9099914085,Not Found,https://sanbhartidigital.in,Rajkot,N/A,N/A,https://5.imimg.com/data5/SELLER/Default/2021/7/AN/JA/AI/97570898/plaet-arcadia-16--250x250.png,https://www.indiamart.com/proddetail/search-engine-optimization-seo-23686791348.html,"Search Engine Optimization Seo, in Pan India"
IT Services,Seo Services,seo services,SEO Optimization,Easy Hotel Solutions,Ask Price,N/A,63557 64607,"sales@yanoljacloudsolution.com,",https://www.ezeeabsolute.com/?country=India&state=Gujarat&city=Ahmedabad,Rajkot,N/A,N/A,https://4.imimg.com/data4/FV/JM/GLADMIN-8994433/uuuuuuuuuuuuuuuuuuuuu-250x250.jpg,https://www.indiamart.com/proddetail/seo-optimization-11378532848.html,GST Email Mobile Member: 12 yrs
IT Services,Seo Services,seo services,Search Engine Optimization (SEO),Kiddo Korner,Ask Price,N/A,+91 97125 55444,kiddokornerofficial@gmail.com,https://kiddokorner.in,Rajkot,N/A,N/A,https://3.imimg.com/data3/AR/WP/MY-11369000/search-engine-optimization-seo-250x250.jpg,https://www.indiamart.com/proddetail/search-engine-optimization-seo-7532503697.html,Search Engine Optimization (SEO)
IT Services,Seo Services,seo services,SEO & Web Promotion,Websmith Solutions,Ask Price,N/A,099980 69856,Not Found,https://www.websmithsolution.com,Rajkot,N/A,N/A,https://3.imimg.com/data3/AL/XE/MY-3725585/seo-web-promotion-250x250.jpg,https://www.indiamart.com/proddetail/seo-web-promotion-4914640891.html,GST Email Mobile Member: 14 yrs
IT Services,Seo Services,seo services,"Digital Marketing Business Websites Search Engine Optimization Service, in Pan India, seo",Sphinix Marketing,"₹ 7,500",/Month,Not Found,Not Found,https://sphinixmarketing.com,Bhavnagar,N/A,N/A,https://5.imimg.com/data5/SELLER/Default/2022/2/DC/YL/SX/112616868/search-engine-optimization-service-250x250.jpg,https://www.indiamart.com/proddetail/search-engine-optimization-service-22725057197.html,"Digital Marketing Business Websites Search Engine Optimization Service, in Pan India, seo"
IT Services,Seo Services,seo services,SEO Solution Service,Openxcode,Ask Price,Member: 3 months,+91 57776 5075,info@openxcode.com,openxcode.com,Rajkot,N/A,N/A,https://5.imimg.com/data5/SELLER/Default/2026/4/600733224/NP/HY/EW/264411483/seo-solution-250x250.png,https://www.indiamart.com/proddetail/seo-solution-service-2859014713130.html,GST Email Mobile Member: 3 months
IT Services,Seo Services,seo services,Explore Our SEO Solutions Service,Apphouse Infotech,"₹ 10,000",/Month,+91 99045 88813,info@apphouseinfotech.com,apphouseinfotech.com,Rajkot,N/A,N/A,https://5.imimg.com/data5/SELLER/Default/2025/6/521589475/IJ/GO/VA/123022079/explore-our-seo-solutions-service-250x250.jpg,https://www.indiamart.com/proddetail/explore-our-seo-solutions-service-2854560496262.html,Explore Our SEO Solutions Service
IT Services,Seo Services,seo services,Seo Search Engine Optimization,Rexter Tech,"₹ 12,000",/month,+91 70412 55969,info@rextertech.com,rextertech.com,Rajkot,N/A,N/A,https://5.imimg.com/data5/SELLER/Default/2021/7/RL/QE/LA/127230768/seo-optimization-250x250.jpg,https://www.indiamart.com/proddetail/seo-search-engine-optimization-23733605173.html,Seo Search Engine Optimization
IT Services,Seo Services,seo services,Search Engine Optimization Services,Smit Branding Private Limited,"₹ 15,000",Search Engine Optimization Services,090333 04049,Not Found,http://www.smitbranding.com,Rajkot,N/A,N/A,https://5.imimg.com/data5/SELLER/Default/2026/5/609460327/SJ/GV/JX/6890698/search-engine-optimization-services-250x250.jpg,https://www.indiamart.com/proddetail/search-engine-optimization-services-2859271467497.html,Search Engine Optimization Services
IT Services,Seo Services,seo services,Website Seo Services,VK Tech Solution,"₹ 15,000",/Month,Not Found,Not Found,https://www.vktechsolution.com,Rajkot,N/A,N/A,https://5.imimg.com/data5/SELLER/Default/2025/5/507923888/FQ/JG/CF/156624171/search-engine-optimization-1-250x250.jpg,https://www.indiamart.com/proddetail/website-seo-services-2856460962230.html,GST Email Mobile Member: 3 yrs
IT Services,Seo Services,seo services,Seo Services,Neooctalchip Technology Private Limited,"₹ 12,000",/Month,+91 97277 88773,info@neooctalchip.com,https://www.neooctalchip.com,Rajkot,N/A,N/A,https://5.imimg.com/data5/SELLER/Default/2026/1/578727394/RX/RB/LG/263653338/seo-aeo-geo-triple-optimization-strategy-250x250.png,https://www.indiamart.com/proddetail/seo-services-2858653057248.html,Neooctalchip Technology Private Limited
IT Services,Seo Services,seo services,SEO Service,Flitzen Technologies (OPC) Private Limited,Ask Price,N/A,darshan@flitzen.in,Not Found,http://www.juniperwebs.com,Rajkot,N/A,N/A,https://3.imimg.com/data3/ID/EW/MY-8032996/seo-service-250x250.jpg,https://www.indiamart.com/proddetail/seo-service-8571777462.html,Flitzen Technologies (OPC) Private Limited
IT Services,Seo Services,seo services,SEO Service,Balaji Enterprise,Ask Price,N/A,+91 94264 30224,balajis_e@yahoo.com,https://balaji-enterprise.in,Rajkot,N/A,N/A,https://5.imimg.com/data5/SJ/TY/EQ/GLADMIN-12677961/selection-776-250x250.png,https://www.indiamart.com/proddetail/seo-service-21404169897.html,GST Email Mobile Member: 11 yrs
IT Services,Seo Services,seo services,SEO Service,Foxagle Web Solution,Ask Price,N/A,info@foxagle.com,+91 97120 20865,https://www.foxagle.com,Rajkot,N/A,N/A,https://5.imimg.com/data5/II/MN/GLADMIN-33779614/seo-service-250x250.png,https://www.indiamart.com/proddetail/seo-service-18150699991.html,GST Email Mobile Member: 9 yrs
IT Services,Seo Services,seo services,SEO Services,Bapa Corporates,Ask Price,N/A,8140 9999 01,support@bapaconsultancycompany.com,https://www.bapaconsultancycompany.com/#contact-us,Rajkot,N/A,N/A,https://5.imimg.com/data5/YU/MH/GLADMIN-35903171/seo-services-250x250.png,https://www.indiamart.com/proddetail/seo-services-18120406288.html,GST Email Mobile Member: 9 yrs
IT Services,Seo Services,seo services,Mobile SEO,Padmakuvar Growth Catalyst Private Limited,Ask Price,N/A,+91 97243 99666,info@padmakuvar.com,https://padmakuvar.com,Rajkot,N/A,N/A,https://5.imimg.com/data5/AJ/CP/XD/SELLER-95083497/mobile-seo-250x250.jpg,https://www.indiamart.com/proddetail/mobile-seo-22165165912.html,Padmakuvar Growth Catalyst Private Limited
IT Services,Seo Services,seo services,Search Engine Optimization (SEO),MS Pixcel Animation,Ask Price,N/A,Not Found,Not Found,Not Found,Rajkot,N/A,N/A,https://3.imimg.com/data3/IN/HQ/MY-11094264/search-engine-optimization-seo-250x250.png,https://www.indiamart.com/proddetail/search-engine-optimization-seo-7481798862.html,Search Engine Optimization (SEO)
IT Services,Seo Services,seo services,"Search Engine Optimization Seo, in Pan India",Sanbharti Digital,Ask Price,N/A,9099914085,Not Found,https://sanbhartidigital.in,Rajkot,N/A,N/A,https://5.imimg.com/data5/SELLER/Default/2021/7/AN/JA/AI/97570898/plaet-arcadia-16--250x250.png,https://www.indiamart.com/proddetail/search-engine-optimization-seo-23686791348.html,"Search Engine Optimization Seo, in Pan India"
IT Services,Seo Services,seo services,SEO Optimization,Easy Hotel Solutions,Ask Price,N/A,63557 64607,"sales@yanoljacloudsolution.com,",https://www.ezeeabsolute.com/?country=India&state=Gujarat&city=Ahmedabad,Rajkot,N/A,N/A,https://4.imimg.com/data4/FV/JM/GLADMIN-8994433/uuuuuuuuuuuuuuuuuuuuu-250x250.jpg,https://www.indiamart.com/proddetail/seo-optimization-11378532848.html,GST Email Mobile Member: 12 yrs
IT Services,Seo Services,seo services,Search Engine Optimization (SEO),Kiddo Korner,Ask Price,N/A,+91 97125 55444,kiddokornerofficial@gmail.com,https://kiddokorner.in,Rajkot,N/A,N/A,https://3.imimg.com/data3/AR/WP/MY-11369000/search-engine-optimization-seo-250x250.jpg,https://www.indiamart.com/proddetail/search-engine-optimization-seo-7532503697.html,Search Engine Optimization (SEO)
IT Services,Seo Services,seo services,SEO & Web Promotion,Websmith Solutions,Ask Price,N/A,099980 69856,Not Found,https://www.websmithsolution.com,Rajkot,N/A,N/A,https://3.imimg.com/data3/AL/XE/MY-3725585/seo-web-promotion-250x250.jpg,https://www.indiamart.com/proddetail/seo-web-promotion-4914640891.html,GST Email Mobile Member: 14 yrs
IT Services,Seo Services,seo services,"Digital Marketing Business Websites Search Engine Optimization Service, in Pan India, seo",Sphinix Marketing,"₹ 7,500",/Month,Not Found,Not Found,https://sphinixmarketing.com,Bhavnagar,N/A,N/A,https://5.imimg.com/data5/SELLER/Default/2022/2/DC/YL/SX/112616868/search-engine-optimization-service-250x250.jpg,https://www.indiamart.com/proddetail/search-engine-optimization-service-22725057197.html,"Digital Marketing Business Websites Search Engine Optimization Service, in Pan India, seo"
IT Services,Seo Services,seo services,SEO Solution Service,Openxcode,Ask Price,Member: 3 months,+91 57776 5075,info@openxcode.com,openxcode.com,Rajkot,N/A,N/A,https://5.imimg.com/data5/SELLER/Default/2026/4/600733224/NP/HY/EW/264411483/seo-solution-250x250.png,https://www.indiamart.com/proddetail/seo-solution-service-2859014713130.html,GST Email Mobile Member: 3 months
IT Services,Seo Services,seo services,Explore Our SEO Solutions Service,Apphouse Infotech,"₹ 10,000",/Month,+91 99045 88813,info@apphouseinfotech.com,apphouseinfotech.com,Rajkot,N/A,N/A,https://5.imimg.com/data5/SELLER/Default/2025/6/521589475/IJ/GO/VA/123022079/explore-our-seo-solutions-service-250x250.jpg,https://www.indiamart.com/proddetail/explore-our-seo-solutions-service-2854560496262.html,Explore Our SEO Solutions Service
IT Services,Seo Services,seo services,Seo Search Engine Optimization,Rexter Tech,"₹ 12,000",/month,+91 70412 55969,info@rextertech.com,rextertech.com,Rajkot,N/A,N/A,https://5.imimg.com/data5/SELLER/Default/2021/7/RL/QE/LA/127230768/seo-optimization-250x250.jpg,https://www.indiamart.com/proddetail/seo-search-engine-optimization-23733605173.html,Seo Search Engine Optimization
IT Services,Seo Services,seo services,Search Engine Optimization Services,Smit Branding Private Limited,"₹ 15,000",Search Engine Optimization Services,090333 04049,Not Found,http://www.smitbranding.com,Rajkot,N/A,N/A,https://5.imimg.com/data5/SELLER/Default/2026/5/609460327/SJ/GV/JX/6890698/search-engine-optimization-services-250x250.jpg,https://www.indiamart.com/proddetail/search-engine-optimization-services-2859271467497.html,Search Engine Optimization Services
IT Services,Seo Services,seo services,Website Seo Services,VK Tech Solution,"₹ 15,000",/Month,Not Found,Not Found,https://www.vktechsolution.com,Rajkot,N/A,N/A,https://5.imimg.com/data5/SELLER/Default/2025/5/507923888/FQ/JG/CF/156624171/search-engine-optimization-1-250x250.jpg,https://www.indiamart.com/proddetail/website-seo-services-2856460962230.html,GST Email Mobile Member: 3 yrs
IT Services,Seo Services,seo services,Seo Services,Neooctalchip Technology Private Limited,"₹ 12,000",/Month,+91 97277 88773,info@neooctalchip.com,https://www.neooctalchip.com,Rajkot,N/A,N/A,https://5.imimg.com/data5/SELLER/Default/2026/1/578727394/RX/RB/LG/263653338/seo-aeo-geo-triple-optimization-strategy-250x250.png,https://www.indiamart.com/proddetail/seo-services-2858653057248.html,Neooctalchip Technology Private Limited
IT Services,Seo Services,seo services,SEO Service,Flitzen Technologies (OPC) Private Limited,Ask Price,N/A,darshan@flitzen.in,Not Found,http://www.juniperwebs.com,Rajkot,N/A,N/A,https://3.imimg.com/data3/ID/EW/MY-8032996/seo-service-250x250.jpg,https://www.indiamart.com/proddetail/seo-service-8571777462.html,Flitzen Technologies (OPC) Private Limited
IT Services,Seo Services,seo services,SEO Service,Balaji Enterprise,Ask Price,N/A,+91 94264 30224,balajis_e@yahoo.com,https://balaji-enterprise.in,Rajkot,N/A,N/A,https://5.imimg.com/data5/SJ/TY/EQ/GLADMIN-12677961/selection-776-250x250.png,https://www.indiamart.com/proddetail/seo-service-21404169897.html,GST Email Mobile Member: 11 yrs
IT Services,Seo Services,seo services,SEO Service,Foxagle Web Solution,Ask Price,N/A,info@foxagle.com,+91 97120 20865,https://www.foxagle.com,Rajkot,N/A,N/A,https://5.imimg.com/data5/II/MN/GLADMIN-33779614/seo-service-250x250.png,https://www.indiamart.com/proddetail/seo-service-18150699991.html,GST Email Mobile Member: 9 yrs
IT Services,Seo Services,seo services,SEO Services,Bapa Corporates,Ask Price,N/A,8140 9999 01,support@bapaconsultancycompany.com,https://www.bapaconsultancycompany.com/#contact-us,Rajkot,N/A,N/A,https://5.imimg.com/data5/YU/MH/GLADMIN-35903171/seo-services-250x250.png,https://www.indiamart.com/proddetail/seo-services-18120406288.html,GST Email Mobile Member: 9 yrs
IT Services,Seo Services,seo services,Mobile SEO,Padmakuvar Growth Catalyst Private Limited,Ask Price,N/A,+91 97243 99666,info@padmakuvar.com,https://padmakuvar.com,Rajkot,N/A,N/A,https://5.imimg.com/data5/AJ/CP/XD/SELLER-95083497/mobile-seo-250x250.jpg,https://www.indiamart.com/proddetail/mobile-seo-22165165912.html,Padmakuvar Growth Catalyst Private Limited
IT Services,Seo Services,seo services,Search Engine Optimization (SEO),MS Pixcel Animation,Ask Price,N/A,Not Found,Not Found,Not Found,Rajkot,N/A,N/A,https://3.imimg.com/data3/IN/HQ/MY-11094264/search-engine-optimization-seo-250x250.png,https://www.indiamart.com/proddetail/search-engine-optimization-seo-7481798862.html,Search Engine Optimization (SEO)
IT Services,Seo Services,seo services,"Search Engine Optimization Seo, in Pan India",Sanbharti Digital,Ask Price,N/A,9099914085,Not Found,https://sanbhartidigital.in,Rajkot,N/A,N/A,https://5.imimg.com/data5/SELLER/Default/2021/7/AN/JA/AI/97570898/plaet-arcadia-16--250x250.png,https://www.indiamart.com/proddetail/search-engine-optimization-seo-23686791348.html,"Search Engine Optimization Seo, in Pan India"
IT Services,Seo Services,seo services,SEO Optimization,Easy Hotel Solutions,Ask Price,N/A,63557 64607,"sales@yanoljacloudsolution.com,",https://www.ezeeabsolute.com/?country=India&state=Gujarat&city=Ahmedabad,Rajkot,N/A,N/A,https://4.imimg.com/data4/FV/JM/GLADMIN-8994433/uuuuuuuuuuuuuuuuuuuuu-250x250.jpg,https://www.indiamart.com/proddetail/seo-optimization-11378532848.html,GST Email Mobile Member: 12 yrs
IT Services,Seo Services,seo services,Search Engine Optimization (SEO),Kiddo Korner,Ask Price,N/A,+91 97125 55444,kiddokornerofficial@gmail.com,https://kiddokorner.in,Rajkot,N/A,N/A,https://3.imimg.com/data3/AR/WP/MY-11369000/search-engine-optimization-seo-250x250.jpg,https://www.indiamart.com/proddetail/search-engine-optimization-seo-7532503697.html,Search Engine Optimization (SEO)
IT Services,Seo Services,seo services,SEO & Web Promotion,Websmith Solutions,Ask Price,N/A,099980 69856,Not Found,https://www.websmithsolution.com,Rajkot,N/A,N/A,https://3.imimg.com/data3/AL/XE/MY-3725585/seo-web-promotion-250x250.jpg,https://www.indiamart.com/proddetail/seo-web-promotion-4914640891.html,GST Email Mobile Member: 14 yrs
IT Services,Seo Services,seo services,"Digital Marketing Business Websites Search Engine Optimization Service, in Pan India, seo",Sphinix Marketing,"₹ 7,500",/Month,Not Found,Not Found,https://sphinixmarketing.com,Bhavnagar,N/A,N/A,https://5.imimg.com/data5/SELLER/Default/2022/2/DC/YL/SX/112616868/search-engine-optimization-service-250x250.jpg,https://www.indiamart.com/proddetail/search-engine-optimization-service-22725057197.html,"Digital Marketing Business Websites Search Engine Optimization Service, in Pan India, seo"
IT Services,Mobile App Development,mobile app development,Mobile App Development,VK Tech Solution,"₹ 40,000",/Project,Not Found,Not Found,https://www.vktechsolution.com,Rajkot,N/A,N/A,https://5.imimg.com/data5/SELLER/Default/2025/5/508125655/CC/II/CH/156624171/mobile-app-development-250x250.jpg,https://www.indiamart.com/proddetail/mobile-app-development-2856460962430.html,Mobile App Development
IT Services,Mobile App Development,mobile app development,Mobile App Development Services,Apphouse Infotech,"₹ 10,000",/Project,+91 99045 88813,info@apphouseinfotech.com,apphouseinfotech.com,Rajkot,N/A,N/A,https://5.imimg.com/data5/SELLER/Default/2024/8/439656553/VE/GP/EO/123022079/mobile-app-services-250x250.jpg,https://www.indiamart.com/proddetail/mobile-app-development-services-2856794577591.html,Mobile App Development Services
IT Services,Mobile App Development,mobile app development,AI Mobile App Development Service,Openxcode,Ask Price,Member: 3 months,+91 57776 5075,info@openxcode.com,openxcode.com,Rajkot,N/A,N/A,https://5.imimg.com/data5/SELLER/Default/2026/5/605051323/FB/QM/WM/264411483/ai-mobile-app-development-service-250x250.png,https://www.indiamart.com/proddetail/ai-mobile-app-development-service-2859190688633.html,AI Mobile App Development Service
IT Services,Mobile App Development,mobile app development,ADFL 05 WITH MOBILE APP,RD Infosec,"₹ 10,000",/Month,+91 80004 25379,jayesh@rdinfosec.com,rdinfosec.com,Rajkot,N/A,N/A,https://5.imimg.com/data5/SELLER/Default/2024/12/474972582/YX/MW/EL/107006526/download-2-250x250.png,https://www.indiamart.com/proddetail/adfl-05-with-mobile-app-2855505242630.html,ADFL 05 WITH MOBILE APP
IT Services,Mobile App Development,mobile app development,"Mobile Application Development Services, app development",Auto Design Online,Ask Price,N/A,098242 47774,Not Found,https://www.auto-design-online.com/,Bhavnagar,N/A,N/A,https://5.imimg.com/data5/SELLER/Default/2020/9/KW/PW/BM/3198754/no-code-based-android-application-software-250x250.png,https://www.indiamart.com/proddetail/mobile-application-development-services-22590400091.html,"Mobile Application Development Services, app development"
IT Services,Mobile App Development,mobile app development,"Offline & Online Mobile Application Development, Development Platforms: Flutter and react",Rexter Tech,"₹ 10,000",/Project,+91 70412 55969,info@rextertech.com,rextertech.com,Rajkot,N/A,N/A,https://5.imimg.com/data5/SELLER/Default/2021/4/PD/OC/CC/127230768/mobile-application-development-250x250.jpg,https://www.indiamart.com/proddetail/mobile-application-development-23708936833.html,"Offline & Online Mobile Application Development, Development Platforms: Flutter and react"
IT Services,Mobile App Development,mobile app development,Mobile Application Development Service,Setu Consulting Services Private Limited,Ask Price,Mobile Application Development Service,075676 85929,Not Found,https://www.setuconsulting.com,Rajkot,N/A,N/A,https://5.imimg.com/data5/SELLER/Default/2026/4/599547443/VX/AF/LC/65339726/mobile-application-development-250x250.jpg,https://www.indiamart.com/proddetail/mobile-application-development-service-2859067817697.html,Mobile Application Development Service
IT Services,Mobile App Development,mobile app development,Customized Mobile App Development Service,Sava AI (OPC) Private Limited,"₹ 25,000",/Project,Not Found,Not Found,https://www.indiamart.com › sava-ai,Rajkot,N/A,N/A,https://5.imimg.com/data5/SELLER/Default/2025/10/553776444/TH/NX/FL/243531995/customized-mobile-app-development-250x250.png,https://www.indiamart.com/proddetail/customized-mobile-app-development-service-2857733615973.html,Customized Mobile App Development Service
IT Services,Mobile App Development,mobile app development,Website And Mobile App Development Services,Krishiv Groups,"₹ 9,999",/Project,Contact Form Available,Contact Form Available,https://krishivgroups.in,Rajkot,N/A,N/A,https://5.imimg.com/data5/SELLER/Default/2025/3/496292986/VL/VR/OG/92772922/web-1-250x250.png,https://www.indiamart.com/proddetail/website-and-mobile-app-development-services-2856146033662.html,Website And Mobile App Development Services
IT Services,Mobile App Development,mobile app development,Mobile App Development Service,Uncanny Consulting Services LLP,Ask Price,Uncanny Consulting Services LLP,Not Found,Not Found,https://www.indiamart.com › uncanny-consulting-services › profile.html,Rajkot,N/A,N/A,https://5.imimg.com/data5/SELLER/Default/2025/4/507196890/LU/QE/OI/181242108/woocommerce-development-service-250x250.jpg,https://www.indiamart.com/proddetail/mobile-app-development-service-2853678973712.html,Mobile App Development Service
IT Services,Mobile App Development,mobile app development,Mobile Application Development Services,Mekanism Electronics Private Limited,"₹ 1,00,000",Mobile Application Development Services,+91 87545 61554,management@mekanism.cc,https://mekanism.cc/,Rajkot,N/A,N/A,https://5.imimg.com/data5/SELLER/Default/2026/3/589452642/KB/BO/EI/13203495/mobile-application-development-services-250x250.jpg,https://www.indiamart.com/proddetail/mobile-application-development-services-2858918864312.html,Mobile Application Development Services
IT Services,Mobile App Development,mobile app development,Mobile Application Development Services,Keshav Infotech,"₹ 5,000",Mobile Application Development Services,+91 97235 23243,info@keshavinfotech.com,https://www.keshavinfotech.com,Rajkot,N/A,N/A,https://5.imimg.com/data5/SELLER/Default/2024/8/442968504/RO/QN/SO/227533935/mobile-application-development-services-250x250.png,https://www.indiamart.com/proddetail/mobile-application-development-services-2854621512597.html,Mobile Application Development Services
IT Services,Mobile App Development,mobile app development,eCount Mobile Android Application Development,Ecount Infotech Private Limited,"₹ 25,000",/Project,+91 8490 911 911,sales@ecount.in,www.ecount.in,Rajkot,N/A,N/A,https://5.imimg.com/data5/SELLER/Default/2023/10/350191435/MH/RA/DH/2951522/mobile-android-application-development-250x250.jpg,https://www.indiamart.com/proddetail/ecount-mobile-android-application-development-2852611347373.html,eCount Mobile Android Application Development
IT Services,Mobile App Development,mobile app development,Mobile App Development,VK Tech Solution,"₹ 40,000",/Project,Not Found,Not Found,https://www.vktechsolution.com,Rajkot,N/A,N/A,https://5.imimg.com/data5/SELLER/Default/2025/5/508125655/CC/II/CH/156624171/mobile-app-development-250x250.jpg,https://www.indiamart.com/proddetail/mobile-app-development-2856460962430.html,Mobile App Development
IT Services,Mobile App Development,mobile app development,Mobile App Development Services,Apphouse Infotech,"₹ 10,000",/Project,+91 99045 88813,info@apphouseinfotech.com,apphouseinfotech.com,Rajkot,N/A,N/A,https://5.imimg.com/data5/SELLER/Default/2024/8/439656553/VE/GP/EO/123022079/mobile-app-services-250x250.jpg,https://www.indiamart.com/proddetail/mobile-app-development-services-2856794577591.html,Mobile App Development Services
IT Services,Mobile App Development,mobile app development,AI Mobile App Development Service,Openxcode,Ask Price,Member: 3 months,+91 57776 5075,info@openxcode.com,openxcode.com,Rajkot,N/A,N/A,https://5.imimg.com/data5/SELLER/Default/2026/5/605051323/FB/QM/WM/264411483/ai-mobile-app-development-service-250x250.png,https://www.indiamart.com/proddetail/ai-mobile-app-development-service-2859190688633.html,AI Mobile App Development Service
IT Services,Mobile App Development,mobile app development,ADFL 05 WITH MOBILE APP,RD Infosec,"₹ 10,000",/Month,+91 80004 25379,jayesh@rdinfosec.com,rdinfosec.com,Rajkot,N/A,N/A,https://5.imimg.com/data5/SELLER/Default/2024/12/474972582/YX/MW/EL/107006526/download-2-250x250.png,https://www.indiamart.com/proddetail/adfl-05-with-mobile-app-2855505242630.html,ADFL 05 WITH MOBILE APP
IT Services,Mobile App Development,mobile app development,"Mobile Application Development Services, app development",Auto Design Online,Ask Price,N/A,098242 47774,Not Found,https://www.auto-design-online.com/,Bhavnagar,N/A,N/A,https://5.imimg.com/data5/SELLER/Default/2020/9/KW/PW/BM/3198754/no-code-based-android-application-software-250x250.png,https://www.indiamart.com/proddetail/mobile-application-development-services-22590400091.html,"Mobile Application Development Services, app development"
IT Services,Mobile App Development,mobile app development,"Offline & Online Mobile Application Development, Development Platforms: Flutter and react",Rexter Tech,"₹ 10,000",/Project,+91 70412 55969,info@rextertech.com,rextertech.com,Rajkot,N/A,N/A,https://5.imimg.com/data5/SELLER/Default/2021/4/PD/OC/CC/127230768/mobile-application-development-250x250.jpg,https://www.indiamart.com/proddetail/mobile-application-development-23708936833.html,"Offline & Online Mobile Application Development, Development Platforms: Flutter and react"
IT Services,Mobile App Development,mobile app development,Mobile Application Development Service,Setu Consulting Services Private Limited,Ask Price,Mobile Application Development Service,075676 85929,Not Found,https://www.setuconsulting.com,Rajkot,N/A,N/A,https://5.imimg.com/data5/SELLER/Default/2026/4/599547443/VX/AF/LC/65339726/mobile-application-development-250x250.jpg,https://www.indiamart.com/proddetail/mobile-application-development-service-2859067817697.html,Mobile Application Development Service
IT Services,Mobile App Development,mobile app development,Customized Mobile App Development Service,Sava AI (OPC) Private Limited,"₹ 25,000",/Project,Not Found,Not Found,https://www.indiamart.com › sava-ai,Rajkot,N/A,N/A,https://5.imimg.com/data5/SELLER/Default/2025/10/553776444/TH/NX/FL/243531995/customized-mobile-app-development-250x250.png,https://www.indiamart.com/proddetail/customized-mobile-app-development-service-2857733615973.html,Customized Mobile App Development Service
IT Services,Mobile App Development,mobile app development,Website And Mobile App Development Services,Krishiv Groups,"₹ 9,999",/Project,Contact Form Available,Contact Form Available,https://krishivgroups.in,Rajkot,N/A,N/A,https://5.imimg.com/data5/SELLER/Default/2025/3/496292986/VL/VR/OG/92772922/web-1-250x250.png,https://www.indiamart.com/proddetail/website-and-mobile-app-development-services-2856146033662.html,Website And Mobile App Development Services
IT Services,Mobile App Development,mobile app development,Mobile App Development Service,Uncanny Consulting Services LLP,Ask Price,Uncanny Consulting Services LLP,Not Found,Not Found,https://www.indiamart.com › uncanny-consulting-services › profile.html,Rajkot,N/A,N/A,https://5.imimg.com/data5/SELLER/Default/2025/4/507196890/LU/QE/OI/181242108/woocommerce-development-service-250x250.jpg,https://www.indiamart.com/proddetail/mobile-app-development-service-2853678973712.html,Mobile App Development Service
IT Services,Mobile App Development,mobile app development,Mobile Application Development Services,Mekanism Electronics Private Limited,"₹ 1,00,000",Mobile Application Development Services,+91 87545 61554,management@mekanism.cc,https://mekanism.cc/,Rajkot,N/A,N/A,https://5.imimg.com/data5/SELLER/Default/2026/3/589452642/KB/BO/EI/13203495/mobile-application-development-services-250x250.jpg,https://www.indiamart.com/proddetail/mobile-application-development-services-2858918864312.html,Mobile Application Development Services
IT Services,Mobile App Development,mobile app development,Mobile Application Development Services,Keshav Infotech,"₹ 5,000",Mobile Application Development Services,+91 97235 23243,info@keshavinfotech.com,https://www.keshavinfotech.com,Rajkot,N/A,N/A,https://5.imimg.com/data5/SELLER/Default/2024/8/442968504/RO/QN/SO/227533935/mobile-application-development-services-250x250.png,https://www.indiamart.com/proddetail/mobile-application-development-services-2854621512597.html,Mobile Application Development Services
IT Services,Mobile App Development,mobile app development,eCount Mobile Android Application Development,Ecount Infotech Private Limited,"₹ 25,000",/Project,+91 8490 911 911,sales@ecount.in,www.ecount.in,Rajkot,N/A,N/A,https://5.imimg.com/data5/SELLER/Default/2023/10/350191435/MH/RA/DH/2951522/mobile-android-application-development-250x250.jpg,https://www.indiamart.com/proddetail/ecount-mobile-android-application-development-2852611347373.html,eCount Mobile Android Application Development
IT Services,Mobile App Development,mobile app development,Mobile App Development,VK Tech Solution,"₹ 40,000",/Project,Not Found,Not Found,https://www.vktechsolution.com,Rajkot,N/A,N/A,https://5.imimg.com/data5/SELLER/Default/2025/5/508125655/CC/II/CH/156624171/mobile-app-development-250x250.jpg,https://www.indiamart.com/proddetail/mobile-app-development-2856460962430.html,Mobile App Development
IT Services,Mobile App Development,mobile app development,Mobile App Development Services,Apphouse Infotech,"₹ 10,000",/Project,+91 99045 88813,info@apphouseinfotech.com,apphouseinfotech.com,Rajkot,N/A,N/A,https://5.imimg.com/data5/SELLER/Default/2024/8/439656553/VE/GP/EO/123022079/mobile-app-services-250x250.jpg,https://www.indiamart.com/proddetail/mobile-app-development-services-2856794577591.html,Mobile App Development Services
IT Services,Mobile App Development,mobile app development,AI Mobile App Development Service,Openxcode,Ask Price,Member: 3 months,+91 57776 5075,info@openxcode.com,openxcode.com,Rajkot,N/A,N/A,https://5.imimg.com/data5/SELLER/Default/2026/5/605051323/FB/QM/WM/264411483/ai-mobile-app-development-service-250x250.png,https://www.indiamart.com/proddetail/ai-mobile-app-development-service-2859190688633.html,AI Mobile App Development Service
IT Services,Mobile App Development,mobile app development,ADFL 05 WITH MOBILE APP,RD Infosec,"₹ 10,000",/Month,+91 80004 25379,jayesh@rdinfosec.com,rdinfosec.com,Rajkot,N/A,N/A,https://5.imimg.com/data5/SELLER/Default/2024/12/474972582/YX/MW/EL/107006526/download-2-250x250.png,https://www.indiamart.com/proddetail/adfl-05-with-mobile-app-2855505242630.html,ADFL 05 WITH MOBILE APP
IT Services,Mobile App Development,mobile app development,"Mobile Application Development Services, app development",Auto Design Online,Ask Price,N/A,098242 47774,Not Found,https://www.auto-design-online.com/,Bhavnagar,N/A,N/A,https://5.imimg.com/data5/SELLER/Default/2020/9/KW/PW/BM/3198754/no-code-based-android-application-software-250x250.png,https://www.indiamart.com/proddetail/mobile-application-development-services-22590400091.html,"Mobile Application Development Services, app development"
IT Services,Mobile App Development,mobile app development,"Offline & Online Mobile Application Development, Development Platforms: Flutter and react",Rexter Tech,"₹ 10,000",/Project,+91 70412 55969,info@rextertech.com,rextertech.com,Rajkot,N/A,N/A,https://5.imimg.com/data5/SELLER/Default/2021/4/PD/OC/CC/127230768/mobile-application-development-250x250.jpg,https://www.indiamart.com/proddetail/mobile-application-development-23708936833.html,"Offline & Online Mobile Application Development, Development Platforms: Flutter and react"
IT Services,Mobile App Development,mobile app development,Mobile Application Development Service,Setu Consulting Services Private Limited,Ask Price,Mobile Application Development Service,075676 85929,Not Found,https://www.setuconsulting.com,Rajkot,N/A,N/A,https://5.imimg.com/data5/SELLER/Default/2026/4/599547443/VX/AF/LC/65339726/mobile-application-development-250x250.jpg,https://www.indiamart.com/proddetail/mobile-application-development-service-2859067817697.html,Mobile Application Development Service
IT Services,Mobile App Development,mobile app development,Customized Mobile App Development Service,Sava AI (OPC) Private Limited,"₹ 25,000",/Project,Not Found,Not Found,https://www.indiamart.com › sava-ai,Rajkot,N/A,N/A,https://5.imimg.com/data5/SELLER/Default/2025/10/553776444/TH/NX/FL/243531995/customized-mobile-app-development-250x250.png,https://www.indiamart.com/proddetail/customized-mobile-app-development-service-2857733615973.html,Customized Mobile App Development Service
IT Services,Mobile App Development,mobile app development,Website And Mobile App Development Services,Krishiv Groups,"₹ 9,999",/Project,Contact Form Available,Contact Form Available,https://krishivgroups.in,Rajkot,N/A,N/A,https://5.imimg.com/data5/SELLER/Default/2025/3/496292986/VL/VR/OG/92772922/web-1-250x250.png,https://www.indiamart.com/proddetail/website-and-mobile-app-development-services-2856146033662.html,Website And Mobile App Development Services
IT Services,Mobile App Development,mobile app development,Mobile App Development Service,Uncanny Consulting Services LLP,Ask Price,Uncanny Consulting Services LLP,Not Found,Not Found,https://www.indiamart.com › uncanny-consulting-services › profile.html,Rajkot,N/A,N/A,https://5.imimg.com/data5/SELLER/Default/2025/4/507196890/LU/QE/OI/181242108/woocommerce-development-service-250x250.jpg,https://www.indiamart.com/proddetail/mobile-app-development-service-2853678973712.html,Mobile App Development Service
IT Services,Mobile App Development,mobile app development,Mobile Application Development Services,Mekanism Electronics Private Limited,"₹ 1,00,000",Mobile Application Development Services,+91 87545 61554,management@mekanism.cc,https://mekanism.cc/,Rajkot,N/A,N/A,https://5.imimg.com/data5/SELLER/Default/2026/3/589452642/KB/BO/EI/13203495/mobile-application-development-services-250x250.jpg,https://www.indiamart.com/proddetail/mobile-application-development-services-2858918864312.html,Mobile Application Development Services
IT Services,Mobile App Development,mobile app development,Mobile Application Development Services,Keshav Infotech,"₹ 5,000",Mobile Application Development Services,+91 97235 23243,info@keshavinfotech.com,https://www.keshavinfotech.com,Rajkot,N/A,N/A,https://5.imimg.com/data5/SELLER/Default/2024/8/442968504/RO/QN/SO/227533935/mobile-application-development-services-250x250.png,https://www.indiamart.com/proddetail/mobile-application-development-services-2854621512597.html,Mobile Application Development Services
IT Services,Mobile App Development,mobile app development,eCount Mobile Android Application Development,Ecount Infotech Private Limited,"₹ 25,000",/Project,+91 8490 911 911,sales@ecount.in,www.ecount.in,Rajkot,N/A,N/A,https://5.imimg.com/data5/SELLER/Default/2023/10/350191435/MH/RA/DH/2951522/mobile-android-application-development-250x250.jpg,https://www.indiamart.com/proddetail/ecount-mobile-android-application-development-2852611347373.html,eCount Mobile Android Application Development
IT Services,Mobile App Development,mobile app development,Mobile App Development,VK Tech Solution,"₹ 40,000",/Project,Not Found,Not Found,https://www.vktechsolution.com,Rajkot,N/A,N/A,https://5.imimg.com/data5/SELLER/Default/2025/5/508125655/CC/II/CH/156624171/mobile-app-development-250x250.jpg,https://www.indiamart.com/proddetail/mobile-app-development-2856460962430.html,Mobile App Development
IT Services,Mobile App Development,mobile app development,Mobile App Development Services,Apphouse Infotech,"₹ 10,000",/Project,+91 99045 88813,info@apphouseinfotech.com,apphouseinfotech.com,Rajkot,N/A,N/A,https://5.imimg.com/data5/SELLER/Default/2024/8/439656553/VE/GP/EO/123022079/mobile-app-services-250x250.jpg,https://www.indiamart.com/proddetail/mobile-app-development-services-2856794577591.html,Mobile App Development Services
IT Services,Mobile App Development,mobile app development,AI Mobile App Development Service,Openxcode,Ask Price,Member: 3 months,+91 57776 5075,info@openxcode.com,openxcode.com,Rajkot,N/A,N/A,https://5.imimg.com/data5/SELLER/Default/2026/5/605051323/FB/QM/WM/264411483/ai-mobile-app-development-service-250x250.png,https://www.indiamart.com/proddetail/ai-mobile-app-development-service-2859190688633.html,AI Mobile App Development Service
IT Services,Mobile App Development,mobile app development,ADFL 05 WITH MOBILE APP,RD Infosec,"₹ 10,000",/Month,+91 80004 25379,jayesh@rdinfosec.com,rdinfosec.com,Rajkot,N/A,N/A,https://5.imimg.com/data5/SELLER/Default/2024/12/474972582/YX/MW/EL/107006526/download-2-250x250.png,https://www.indiamart.com/proddetail/adfl-05-with-mobile-app-2855505242630.html,ADFL 05 WITH MOBILE APP
IT Services,Mobile App Development,mobile app development,"Mobile Application Development Services, app development",Auto Design Online,Ask Price,N/A,098242 47774,Not Found,https://www.auto-design-online.com/,Bhavnagar,N/A,N/A,https://5.imimg.com/data5/SELLER/Default/2020/9/KW/PW/BM/3198754/no-code-based-android-application-software-250x250.png,https://www.indiamart.com/proddetail/mobile-application-development-services-22590400091.html,"Mobile Application Development Services, app development"
IT Services,Mobile App Development,mobile app development,"Offline & Online Mobile Application Development, Development Platforms: Flutter and react",Rexter Tech,"₹ 10,000",/Project,+91 70412 55969,info@rextertech.com,rextertech.com,Rajkot,N/A,N/A,https://5.imimg.com/data5/SELLER/Default/2021/4/PD/OC/CC/127230768/mobile-application-development-250x250.jpg,https://www.indiamart.com/proddetail/mobile-application-development-23708936833.html,"Offline & Online Mobile Application Development, Development Platforms: Flutter and react"
IT Services,Mobile App Development,mobile app development,Mobile Application Development Service,Setu Consulting Services Private Limited,Ask Price,Mobile Application Development Service,075676 85929,Not Found,https://www.setuconsulting.com,Rajkot,N/A,N/A,https://5.imimg.com/data5/SELLER/Default/2026/4/599547443/VX/AF/LC/65339726/mobile-application-development-250x250.jpg,https://www.indiamart.com/proddetail/mobile-application-development-service-2859067817697.html,Mobile Application Development Service
IT Services,Mobile App Development,mobile app development,Customized Mobile App Development Service,Sava AI (OPC) Private Limited,"₹ 25,000",/Project,Not Found,Not Found,https://www.indiamart.com › sava-ai,Rajkot,N/A,N/A,https://5.imimg.com/data5/SELLER/Default/2025/10/553776444/TH/NX/FL/243531995/customized-mobile-app-development-250x250.png,https://www.indiamart.com/proddetail/customized-mobile-app-development-service-2857733615973.html,Customized Mobile App Development Service
IT Services,Mobile App Development,mobile app development,Website And Mobile App Development Services,Krishiv Groups,"₹ 9,999",/Project,Contact Form Available,Contact Form Available,https://krishivgroups.in,Rajkot,N/A,N/A,https://5.imimg.com/data5/SELLER/Default/2025/3/496292986/VL/VR/OG/92772922/web-1-250x250.png,https://www.indiamart.com/proddetail/website-and-mobile-app-development-services-2856146033662.html,Website And Mobile App Development Services
IT Services,Mobile App Development,mobile app development,Mobile App Development Service,Uncanny Consulting Services LLP,Ask Price,Uncanny Consulting Services LLP,Not Found,Not Found,https://www.indiamart.com › uncanny-consulting-services › profile.html,Rajkot,N/A,N/A,https://5.imimg.com/data5/SELLER/Default/2025/4/507196890/LU/QE/OI/181242108/woocommerce-development-service-250x250.jpg,https://www.indiamart.com/proddetail/mobile-app-development-service-2853678973712.html,Mobile App Development Service
IT Services,Mobile App Development,mobile app development,Mobile Application Development Services,Mekanism Electronics Private Limited,"₹ 1,00,000",Mobile Application Development Services,+91 87545 61554,management@mekanism.cc,https://mekanism.cc/,Rajkot,N/A,N/A,https://5.imimg.com/data5/SELLER/Default/2026/3/589452642/KB/BO/EI/13203495/mobile-application-development-services-250x250.jpg,https://www.indiamart.com/proddetail/mobile-application-development-services-2858918864312.html,Mobile Application Development Services
IT Services,Mobile App Development,mobile app development,Mobile Application Development Services,Keshav Infotech,"₹ 5,000",Mobile Application Development Services,+91 97235 23243,info@keshavinfotech.com,https://www.keshavinfotech.com,Rajkot,N/A,N/A,https://5.imimg.com/data5/SELLER/Default/2024/8/442968504/RO/QN/SO/227533935/mobile-application-development-services-250x250.png,https://www.indiamart.com/proddetail/mobile-application-development-services-2854621512597.html,Mobile Application Development Services
IT Services,Mobile App Development,mobile app development,eCount Mobile Android Application Development,Ecount Infotech Private Limited,"₹ 25,000",/Project,+91 8490 911 911,sales@ecount.in,www.ecount.in,Rajkot,N/A,N/A,https://5.imimg.com/data5/SELLER/Default/2023/10/350191435/MH/RA/DH/2951522/mobile-android-application-development-250x250.jpg,https://www.indiamart.com/proddetail/ecount-mobile-android-application-development-2852611347373.html,eCount Mobile Android Application Development
IT Services,Mobile App Development,mobile app development,Mobile App Development,VK Tech Solution,"₹ 40,000",/Project,Not Found,Not Found,https://www.vktechsolution.com,Rajkot,N/A,N/A,https://5.imimg.com/data5/SELLER/Default/2025/5/508125655/CC/II/CH/156624171/mobile-app-development-250x250.jpg,https://www.indiamart.com/proddetail/mobile-app-development-2856460962430.html,Mobile App Development
IT Services,Mobile App Development,mobile app development,Mobile App Development Services,Apphouse Infotech,"₹ 10,000",/Project,+91 99045 88813,info@apphouseinfotech.com,apphouseinfotech.com,Rajkot,N/A,N/A,https://5.imimg.com/data5/SELLER/Default/2024/8/439656553/VE/GP/EO/123022079/mobile-app-services-250x250.jpg,https://www.indiamart.com/proddetail/mobile-app-development-services-2856794577591.html,Mobile App Development Services
IT Services,Mobile App Development,mobile app development,AI Mobile App Development Service,Openxcode,Ask Price,Member: 3 months,+91 57776 5075,info@openxcode.com,openxcode.com,Rajkot,N/A,N/A,https://5.imimg.com/data5/SELLER/Default/2026/5/605051323/FB/QM/WM/264411483/ai-mobile-app-development-service-250x250.png,https://www.indiamart.com/proddetail/ai-mobile-app-development-service-2859190688633.html,AI Mobile App Development Service
IT Services,Mobile App Development,mobile app development,ADFL 05 WITH MOBILE APP,RD Infosec,"₹ 10,000",/Month,+91 80004 25379,jayesh@rdinfosec.com,rdinfosec.com,Rajkot,N/A,N/A,https://5.imimg.com/data5/SELLER/Default/2024/12/474972582/YX/MW/EL/107006526/download-2-250x250.png,https://www.indiamart.com/proddetail/adfl-05-with-mobile-app-2855505242630.html,ADFL 05 WITH MOBILE APP
IT Services,Mobile App Development,mobile app development,"Mobile Application Development Services, app development",Auto Design Online,Ask Price,N/A,098242 47774,Not Found,https://www.auto-design-online.com/,Bhavnagar,N/A,N/A,https://5.imimg.com/data5/SELLER/Default/2020/9/KW/PW/BM/3198754/no-code-based-android-application-software-250x250.png,https://www.indiamart.com/proddetail/mobile-application-development-services-22590400091.html,"Mobile Application Development Services, app development"
IT Services,Mobile App Development,mobile app development,"Offline & Online Mobile Application Development, Development Platforms: Flutter and react",Rexter Tech,"₹ 10,000",/Project,+91 70412 55969,info@rextertech.com,rextertech.com,Rajkot,N/A,N/A,https://5.imimg.com/data5/SELLER/Default/2021/4/PD/OC/CC/127230768/mobile-application-development-250x250.jpg,https://www.indiamart.com/proddetail/mobile-application-development-23708936833.html,"Offline & Online Mobile Application Development, Development Platforms: Flutter and react"
IT Services,Mobile App Development,mobile app development,Mobile Application Development Service,Setu Consulting Services Private Limited,Ask Price,Mobile Application Development Service,075676 85929,Not Found,https://www.setuconsulting.com,Rajkot,N/A,N/A,https://5.imimg.com/data5/SELLER/Default/2026/4/599547443/VX/AF/LC/65339726/mobile-application-development-250x250.jpg,https://www.indiamart.com/proddetail/mobile-application-development-service-2859067817697.html,Mobile Application Development Service
IT Services,Mobile App Development,mobile app development,Customized Mobile App Development Service,Sava AI (OPC) Private Limited,"₹ 25,000",/Project,Not Found,Not Found,https://www.indiamart.com › sava-ai,Rajkot,N/A,N/A,https://5.imimg.com/data5/SELLER/Default/2025/10/553776444/TH/NX/FL/243531995/customized-mobile-app-development-250x250.png,https://www.indiamart.com/proddetail/customized-mobile-app-development-service-2857733615973.html,Customized Mobile App Development Service
IT Services,Mobile App Development,mobile app development,Website And Mobile App Development Services,Krishiv Groups,"₹ 9,999",/Project,Contact Form Available,Contact Form Available,https://krishivgroups.in,Rajkot,N/A,N/A,https://5.imimg.com/data5/SELLER/Default/2025/3/496292986/VL/VR/OG/92772922/web-1-250x250.png,https://www.indiamart.com/proddetail/website-and-mobile-app-development-services-2856146033662.html,Website And Mobile App Development Services
IT Services,Mobile App Development,mobile app development,Mobile App Development Service,Uncanny Consulting Services LLP,Ask Price,Uncanny Consulting Services LLP,Not Found,Not Found,https://www.indiamart.com › uncanny-consulting-services › profile.html,Rajkot,N/A,N/A,https://5.imimg.com/data5/SELLER/Default/2025/4/507196890/LU/QE/OI/181242108/woocommerce-development-service-250x250.jpg,https://www.indiamart.com/proddetail/mobile-app-development-service-2853678973712.html,Mobile App Development Service
IT Services,Mobile App Development,mobile app development,Mobile Application Development Services,Mekanism Electronics Private Limited,"₹ 1,00,000",Mobile Application Development Services,+91 87545 61554,management@mekanism.cc,https://mekanism.cc/,Rajkot,N/A,N/A,https://5.imimg.com/data5/SELLER/Default/2026/3/589452642/KB/BO/EI/13203495/mobile-application-development-services-250x250.jpg,https://www.indiamart.com/proddetail/mobile-application-development-services-2858918864312.html,Mobile Application Development Services
IT Services,Mobile App Development,mobile app development,Mobile Application Development Services,Keshav Infotech,"₹ 5,000",Mobile Application Development Services,+91 97235 23243,info@keshavinfotech.com,https://www.keshavinfotech.com,Rajkot,N/A,N/A,https://5.imimg.com/data5/SELLER/Default/2024/8/442968504/RO/QN/SO/227533935/mobile-application-development-services-250x250.png,https://www.indiamart.com/proddetail/mobile-application-development-services-2854621512597.html,Mobile Application Development Services
IT Services,Mobile App Development,mobile app development,eCount Mobile Android Application Development,Ecount Infotech Private Limited,"₹ 25,000",/Project,+91 8490 911 911,sales@ecount.in,www.ecount.in,Rajkot,N/A,N/A,https://5.imimg.com/data5/SELLER/Default/2023/10/350191435/MH/RA/DH/2951522/mobile-android-application-development-250x250.jpg,https://www.indiamart.com/proddetail/ecount-mobile-android-application-development-2852611347373.html,eCount Mobile Android Application Development
IT Services,Custom Software Development,custom software development,"Within A Week Latest Custom Software Development Services, in Anywhere",Teknovative Solution,"₹ 3,85,000",N/A,"
094292 42201",Not Found,https://www.teknovativesolution.com,Rajkot,N/A,N/A,https://5.imimg.com/data5/SELLER/Default/2024/10/455727171/DW/GH/HS/16673406/crm-software-lead-management-software-250x250.jpg,https://www.indiamart.com/proddetail/custom-software-development-services-2850433233662.html,"Within A Week Latest Custom Software Development Services, in Anywhere"
IT Services,Custom Software Development,custom software development,Custom Software Development Service,Apphouse Infotech,"₹ 10,000",/Project,+91 99045 88813,info@apphouseinfotech.com,apphouseinfotech.com,Rajkot,N/A,N/A,https://5.imimg.com/data5/SELLER/Default/2025/6/521583456/UR/LD/EO/123022079/custom-software-development-service-250x250.jpg,https://www.indiamart.com/proddetail/custom-software-development-service-2854560481312.html,Custom Software Development Service
IT Services,Custom Software Development,custom software development,"Online,Offline Online Test Software Development Services",Rama Softway,"₹ 15,000",N/A,+91 95372 30173,rkinfotekh@gmail.com,https://www.ramasoftway.com/#contact,Rajkot - Deals in Amreli,N/A,N/A,https://5.imimg.com/data5/SELLER/Default/2023/5/309688695/MG/CC/IP/8675179/online-test-software-development-services-250x250.jpg,https://www.indiamart.com/proddetail/online-test-software-development-services-11549331748.html,"Online,Offline Online Test Software Development Services"
IT Services,Custom Software Development,custom software development,"Customized Software Solution Service, software development",Setu Consulting Services Private Limited,Ask Price,Setu Consulting Services Private Limited,075676 85929,Not Found,https://www.setuconsulting.com,Rajkot,N/A,N/A,https://5.imimg.com/data5/SELLER/Default/2026/4/599547530/KF/HU/UH/65339726/customized-software-solution-250x250.jpg,https://www.indiamart.com/proddetail/customized-software-solution-service-2859070691730.html,"Customized Software Solution Service, software development"
IT Services,Custom Software Development,custom software development,Customized Software Solution,Openxcode,Ask Price,Member: 3 months,+91 57776 5075,info@openxcode.com,openxcode.com,Rajkot,N/A,N/A,https://5.imimg.com/data5/SELLER/Default/2026/4/600738313/TT/PH/CS/264411483/customized-software-solution-250x250.png,https://www.indiamart.com/proddetail/customized-software-solution-2859032408291.html,Customized Software Solution
IT Services,Custom Software Development,custom software development,Customized Software Development,Websmith Solutions,Ask Price,N/A,099980 69856,Not Found,https://www.websmithsolution.com,Rajkot,N/A,N/A,https://3.imimg.com/data3/TL/II/MY-3725585/customized-software-development-250x250.jpg,https://www.indiamart.com/proddetail/customized-software-development-3956365097.html,Customized Software Development
IT Services,Custom Software Development,custom software development,Customize Software Development,Hakimi Solutions,Ask Price,N/A,+91 95580 91052,info@hakimisolutions.com,https://hakimisolutions.com,Rajkot,N/A,N/A,https://5.imimg.com/data5/SR/AS/AF/SELLER-3700868/customize-software-development-250x250.png,https://www.indiamart.com/proddetail/customize-software-development-22079769888.html,Customize Software Development
IT Services,Custom Software Development,custom software development,"Online Test Software Development Services, Pan India",Rexter Tech,"₹ 20,000",N/A,+91 70412 55969,info@rextertech.com,rextertech.com,Rajkot,N/A,N/A,https://5.imimg.com/data5/SELLER/Default/2021/7/BX/KE/AT/127230768/online-test-software-development-services-250x250.jpg,https://www.indiamart.com/proddetail/online-test-software-development-services-23730311173.html,"Online Test Software Development Services, Pan India"
IT Services,Custom Software Development,custom software development,Customized Software Solution,Ravi Techworld,Ask Price,N/A,9408 90 96 82,Info@ravitechworld.com,https://www.ravitechworld.com/,Bhavnagar,N/A,N/A,https://3.imimg.com/data3/BG/WK/MY-14394079/customized-software-solution-250x250.jpg,https://www.indiamart.com/proddetail/customized-software-solution-8843966630.html,Customized Software Solution
IT Services,Custom Software Development,custom software development,Software Development,Weybee Solutions Private Limited,Ask Price,N/A,088660 08860,Not Found,https://www.weybee.com,Rajkot,N/A,N/A,https://3.imimg.com/data3/GG/IN/MY-12295328/software-development-250x250.png,https://www.indiamart.com/proddetail/software-development-8006917991.html,Weybee Solutions Private Limited
IT Services,Custom Software Development,custom software development,Software Development Service,Suntech Software Solution,Ask Price,N/A,094274 28390,Not Found,http://suntechsoftware.com,Rajkot,N/A,N/A,https://5.imimg.com/data5/HS/AU/CN/SELLER-31178205/software-development-service-250x250.png,https://www.indiamart.com/proddetail/software-development-service-21924809912.html,Software Development Service
IT Services,Custom Software Development,custom software development,Outsourcing Software Development,Ways Software,Ask Price,N/A,099250 28058,Not Found,https://www.wayssoftware.com,Rajkot,N/A,N/A,https://3.imimg.com/data3/DJ/XE/MY-8144166/outsourcing-software-development-250x250.png,https://www.indiamart.com/proddetail/outsourcing-software-development-7175236388.html,Outsourcing Software Development
IT Services,Custom Software Development,custom software development,"Computer Software Development Services, India",TGS Solution,"₹ 40,000",N/A,076980 35555,Not Found,https://www.tgssolution.in,Rajkot,N/A,N/A,https://5.imimg.com/data5/SELLER/Default/2023/10/353940356/US/MI/PY/57022254/computer-software-development-services-250x250.jpg,https://www.indiamart.com/proddetail/computer-software-development-services-2852699064388.html,"Computer Software Development Services, India"
IT Services,Custom Software Development,custom software development,"Within A Week Latest Custom Software Development Services, in Anywhere",Teknovative Solution,"₹ 3,85,000",N/A,"
094292 42201",Not Found,https://www.teknovativesolution.com,Rajkot,N/A,N/A,https://5.imimg.com/data5/SELLER/Default/2024/10/455727171/DW/GH/HS/16673406/crm-software-lead-management-software-250x250.jpg,https://www.indiamart.com/proddetail/custom-software-development-services-2850433233662.html,"Within A Week Latest Custom Software Development Services, in Anywhere"
IT Services,Custom Software Development,custom software development,Custom Software Development Service,Apphouse Infotech,"₹ 10,000",/Project,+91 99045 88813,info@apphouseinfotech.com,apphouseinfotech.com,Rajkot,N/A,N/A,https://5.imimg.com/data5/SELLER/Default/2025/6/521583456/UR/LD/EO/123022079/custom-software-development-service-250x250.jpg,https://www.indiamart.com/proddetail/custom-software-development-service-2854560481312.html,Custom Software Development Service
IT Services,Custom Software Development,custom software development,"Online,Offline Online Test Software Development Services",Rama Softway,"₹ 15,000",N/A,+91 95372 30173,rkinfotekh@gmail.com,https://www.ramasoftway.com/#contact,Rajkot - Deals in Amreli,N/A,N/A,https://5.imimg.com/data5/SELLER/Default/2023/5/309688695/MG/CC/IP/8675179/online-test-software-development-services-250x250.jpg,https://www.indiamart.com/proddetail/online-test-software-development-services-11549331748.html,"Online,Offline Online Test Software Development Services"
IT Services,Custom Software Development,custom software development,"Customized Software Solution Service, software development",Setu Consulting Services Private Limited,Ask Price,Setu Consulting Services Private Limited,075676 85929,Not Found,https://www.setuconsulting.com,Rajkot,N/A,N/A,https://5.imimg.com/data5/SELLER/Default/2026/4/599547530/KF/HU/UH/65339726/customized-software-solution-250x250.jpg,https://www.indiamart.com/proddetail/customized-software-solution-service-2859070691730.html,"Customized Software Solution Service, software development"
IT Services,Custom Software Development,custom software development,Customized Software Solution,Openxcode,Ask Price,Member: 3 months,+91 57776 5075,info@openxcode.com,openxcode.com,Rajkot,N/A,N/A,https://5.imimg.com/data5/SELLER/Default/2026/4/600738313/TT/PH/CS/264411483/customized-software-solution-250x250.png,https://www.indiamart.com/proddetail/customized-software-solution-2859032408291.html,Customized Software Solution
IT Services,Custom Software Development,custom software development,Customized Software Development,Websmith Solutions,Ask Price,N/A,099980 69856,Not Found,https://www.websmithsolution.com,Rajkot,N/A,N/A,https://3.imimg.com/data3/TL/II/MY-3725585/customized-software-development-250x250.jpg,https://www.indiamart.com/proddetail/customized-software-development-3956365097.html,Customized Software Development
IT Services,Custom Software Development,custom software development,Customize Software Development,Hakimi Solutions,Ask Price,N/A,+91 95580 91052,info@hakimisolutions.com,https://hakimisolutions.com,Rajkot,N/A,N/A,https://5.imimg.com/data5/SR/AS/AF/SELLER-3700868/customize-software-development-250x250.png,https://www.indiamart.com/proddetail/customize-software-development-22079769888.html,Customize Software Development
IT Services,Custom Software Development,custom software development,"Online Test Software Development Services, Pan India",Rexter Tech,"₹ 20,000",N/A,+91 70412 55969,info@rextertech.com,rextertech.com,Rajkot,N/A,N/A,https://5.imimg.com/data5/SELLER/Default/2021/7/BX/KE/AT/127230768/online-test-software-development-services-250x250.jpg,https://www.indiamart.com/proddetail/online-test-software-development-services-23730311173.html,"Online Test Software Development Services, Pan India"
IT Services,Custom Software Development,custom software development,Customized Software Solution,Ravi Techworld,Ask Price,N/A,9408 90 96 82,Info@ravitechworld.com,https://www.ravitechworld.com/,Bhavnagar,N/A,N/A,https://3.imimg.com/data3/BG/WK/MY-14394079/customized-software-solution-250x250.jpg,https://www.indiamart.com/proddetail/customized-software-solution-8843966630.html,Customized Software Solution
IT Services,Custom Software Development,custom software development,Software Development,Weybee Solutions Private Limited,Ask Price,N/A,088660 08860,Not Found,https://www.weybee.com,Rajkot,N/A,N/A,https://3.imimg.com/data3/GG/IN/MY-12295328/software-development-250x250.png,https://www.indiamart.com/proddetail/software-development-8006917991.html,Weybee Solutions Private Limited
IT Services,Custom Software Development,custom software development,Software Development Service,Suntech Software Solution,Ask Price,N/A,094274 28390,Not Found,http://suntechsoftware.com,Rajkot,N/A,N/A,https://5.imimg.com/data5/HS/AU/CN/SELLER-31178205/software-development-service-250x250.png,https://www.indiamart.com/proddetail/software-development-service-21924809912.html,Software Development Service
IT Services,Custom Software Development,custom software development,Outsourcing Software Development,Ways Software,Ask Price,N/A,099250 28058,Not Found,https://www.wayssoftware.com,Rajkot,N/A,N/A,https://3.imimg.com/data3/DJ/XE/MY-8144166/outsourcing-software-development-250x250.png,https://www.indiamart.com/proddetail/outsourcing-software-development-7175236388.html,Outsourcing Software Development
IT Services,Custom Software Development,custom software development,"Computer Software Development Services, India",TGS Solution,"₹ 40,000",N/A,076980 35555,Not Found,https://www.tgssolution.in,Rajkot,N/A,N/A,https://5.imimg.com/data5/SELLER/Default/2023/10/353940356/US/MI/PY/57022254/computer-software-development-services-250x250.jpg,https://www.indiamart.com/proddetail/computer-software-development-services-2852699064388.html,"Computer Software Development Services, India"
IT Services,Custom Software Development,custom software development,"Within A Week Latest Custom Software Development Services, in Anywhere",Teknovative Solution,"₹ 3,85,000",N/A,"
094292 42201",Not Found,https://www.teknovativesolution.com,Rajkot,N/A,N/A,https://5.imimg.com/data5/SELLER/Default/2024/10/455727171/DW/GH/HS/16673406/crm-software-lead-management-software-250x250.jpg,https://www.indiamart.com/proddetail/custom-software-development-services-2850433233662.html,"Within A Week Latest Custom Software Development Services, in Anywhere"
IT Services,Custom Software Development,custom software development,Custom Software Development Service,Apphouse Infotech,"₹ 10,000",/Project,+91 99045 88813,info@apphouseinfotech.com,apphouseinfotech.com,Rajkot,N/A,N/A,https://5.imimg.com/data5/SELLER/Default/2025/6/521583456/UR/LD/EO/123022079/custom-software-development-service-250x250.jpg,https://www.indiamart.com/proddetail/custom-software-development-service-2854560481312.html,Custom Software Development Service
IT Services,Custom Software Development,custom software development,"Online,Offline Online Test Software Development Services",Rama Softway,"₹ 15,000",N/A,+91 95372 30173,rkinfotekh@gmail.com,https://www.ramasoftway.com/#contact,Rajkot - Deals in Amreli,N/A,N/A,https://5.imimg.com/data5/SELLER/Default/2023/5/309688695/MG/CC/IP/8675179/online-test-software-development-services-250x250.jpg,https://www.indiamart.com/proddetail/online-test-software-development-services-11549331748.html,"Online,Offline Online Test Software Development Services"
IT Services,Custom Software Development,custom software development,"Customized Software Solution Service, software development",Setu Consulting Services Private Limited,Ask Price,Setu Consulting Services Private Limited,075676 85929,Not Found,https://www.setuconsulting.com,Rajkot,N/A,N/A,https://5.imimg.com/data5/SELLER/Default/2026/4/599547530/KF/HU/UH/65339726/customized-software-solution-250x250.jpg,https://www.indiamart.com/proddetail/customized-software-solution-service-2859070691730.html,"Customized Software Solution Service, software development"
IT Services,Custom Software Development,custom software development,Customized Software Solution,Openxcode,Ask Price,Member: 3 months,+91 57776 5075,info@openxcode.com,openxcode.com,Rajkot,N/A,N/A,https://5.imimg.com/data5/SELLER/Default/2026/4/600738313/TT/PH/CS/264411483/customized-software-solution-250x250.png,https://www.indiamart.com/proddetail/customized-software-solution-2859032408291.html,Customized Software Solution
IT Services,Custom Software Development,custom software development,Customized Software Development,Websmith Solutions,Ask Price,N/A,099980 69856,Not Found,https://www.websmithsolution.com,Rajkot,N/A,N/A,https://3.imimg.com/data3/TL/II/MY-3725585/customized-software-development-250x250.jpg,https://www.indiamart.com/proddetail/customized-software-development-3956365097.html,Customized Software Development
IT Services,Custom Software Development,custom software development,Customize Software Development,Hakimi Solutions,Ask Price,N/A,+91 95580 91052,info@hakimisolutions.com,https://hakimisolutions.com,Rajkot,N/A,N/A,https://5.imimg.com/data5/SR/AS/AF/SELLER-3700868/customize-software-development-250x250.png,https://www.indiamart.com/proddetail/customize-software-development-22079769888.html,Customize Software Development
IT Services,Custom Software Development,custom software development,"Online Test Software Development Services, Pan India",Rexter Tech,"₹ 20,000",N/A,+91 70412 55969,info@rextertech.com,rextertech.com,Rajkot,N/A,N/A,https://5.imimg.com/data5/SELLER/Default/2021/7/BX/KE/AT/127230768/online-test-software-development-services-250x250.jpg,https://www.indiamart.com/proddetail/online-test-software-development-services-23730311173.html,"Online Test Software Development Services, Pan India"
IT Services,Custom Software Development,custom software development,Customized Software Solution,Ravi Techworld,Ask Price,N/A,9408 90 96 82,Info@ravitechworld.com,https://www.ravitechworld.com/,Bhavnagar,N/A,N/A,https://3.imimg.com/data3/BG/WK/MY-14394079/customized-software-solution-250x250.jpg,https://www.indiamart.com/proddetail/customized-software-solution-8843966630.html,Customized Software Solution
IT Services,Custom Software Development,custom software development,Software Development,Weybee Solutions Private Limited,Ask Price,N/A,088660 08860,Not Found,https://www.weybee.com,Rajkot,N/A,N/A,https://3.imimg.com/data3/GG/IN/MY-12295328/software-development-250x250.png,https://www.indiamart.com/proddetail/software-development-8006917991.html,Weybee Solutions Private Limited
IT Services,Custom Software Development,custom software development,Software Development Service,Suntech Software Solution,Ask Price,N/A,094274 28390,Not Found,http://suntechsoftware.com,Rajkot,N/A,N/A,https://5.imimg.com/data5/HS/AU/CN/SELLER-31178205/software-development-service-250x250.png,https://www.indiamart.com/proddetail/software-development-service-21924809912.html,Software Development Service
IT Services,Custom Software Development,custom software development,Outsourcing Software Development,Ways Software,Ask Price,N/A,099250 28058,Not Found,https://www.wayssoftware.com,Rajkot,N/A,N/A,https://3.imimg.com/data3/DJ/XE/MY-8144166/outsourcing-software-development-250x250.png,https://www.indiamart.com/proddetail/outsourcing-software-development-7175236388.html,Outsourcing Software Development
IT Services,Custom Software Development,custom software development,"Computer Software Development Services, India",TGS Solution,"₹ 40,000",N/A,076980 35555,Not Found,https://www.tgssolution.in,Rajkot,N/A,N/A,https://5.imimg.com/data5/SELLER/Default/2023/10/353940356/US/MI/PY/57022254/computer-software-development-services-250x250.jpg,https://www.indiamart.com/proddetail/computer-software-development-services-2852699064388.html,"Computer Software Development Services, India"
IT Services,Custom Software Development,custom software development,"Within A Week Latest Custom Software Development Services, in Anywhere",Teknovative Solution,"₹ 3,85,000",N/A,"
094292 42201",Not Found,https://www.teknovativesolution.com,Rajkot,N/A,N/A,https://5.imimg.com/data5/SELLER/Default/2024/10/455727171/DW/GH/HS/16673406/crm-software-lead-management-software-250x250.jpg,https://www.indiamart.com/proddetail/custom-software-development-services-2850433233662.html,"Within A Week Latest Custom Software Development Services, in Anywhere"
IT Services,Custom Software Development,custom software development,Custom Software Development Service,Apphouse Infotech,"₹ 10,000",/Project,+91 99045 88813,info@apphouseinfotech.com,apphouseinfotech.com,Rajkot,N/A,N/A,https://5.imimg.com/data5/SELLER/Default/2025/6/521583456/UR/LD/EO/123022079/custom-software-development-service-250x250.jpg,https://www.indiamart.com/proddetail/custom-software-development-service-2854560481312.html,Custom Software Development Service
IT Services,Custom Software Development,custom software development,"Online,Offline Online Test Software Development Services",Rama Softway,"₹ 15,000",N/A,+91 95372 30173,rkinfotekh@gmail.com,https://www.ramasoftway.com/#contact,Rajkot - Deals in Amreli,N/A,N/A,https://5.imimg.com/data5/SELLER/Default/2023/5/309688695/MG/CC/IP/8675179/online-test-software-development-services-250x250.jpg,https://www.indiamart.com/proddetail/online-test-software-development-services-11549331748.html,"Online,Offline Online Test Software Development Services"
IT Services,Custom Software Development,custom software development,"Customized Software Solution Service, software development",Setu Consulting Services Private Limited,Ask Price,Setu Consulting Services Private Limited,075676 85929,Not Found,https://www.setuconsulting.com,Rajkot,N/A,N/A,https://5.imimg.com/data5/SELLER/Default/2026/4/599547530/KF/HU/UH/65339726/customized-software-solution-250x250.jpg,https://www.indiamart.com/proddetail/customized-software-solution-service-2859070691730.html,"Customized Software Solution Service, software development"
IT Services,Custom Software Development,custom software development,Customized Software Solution,Openxcode,Ask Price,Member: 3 months,+91 57776 5075,info@openxcode.com,openxcode.com,Rajkot,N/A,N/A,https://5.imimg.com/data5/SELLER/Default/2026/4/600738313/TT/PH/CS/264411483/customized-software-solution-250x250.png,https://www.indiamart.com/proddetail/customized-software-solution-2859032408291.html,Customized Software Solution
IT Services,Custom Software Development,custom software development,Customized Software Development,Websmith Solutions,Ask Price,N/A,099980 69856,Not Found,https://www.websmithsolution.com,Rajkot,N/A,N/A,https://3.imimg.com/data3/TL/II/MY-3725585/customized-software-development-250x250.jpg,https://www.indiamart.com/proddetail/customized-software-development-3956365097.html,Customized Software Development
IT Services,Custom Software Development,custom software development,Customize Software Development,Hakimi Solutions,Ask Price,N/A,+91 95580 91052,info@hakimisolutions.com,https://hakimisolutions.com,Rajkot,N/A,N/A,https://5.imimg.com/data5/SR/AS/AF/SELLER-3700868/customize-software-development-250x250.png,https://www.indiamart.com/proddetail/customize-software-development-22079769888.html,Customize Software Development
IT Services,Custom Software Development,custom software development,"Online Test Software Development Services, Pan India",Rexter Tech,"₹ 20,000",N/A,+91 70412 55969,info@rextertech.com,rextertech.com,Rajkot,N/A,N/A,https://5.imimg.com/data5/SELLER/Default/2021/7/BX/KE/AT/127230768/online-test-software-development-services-250x250.jpg,https://www.indiamart.com/proddetail/online-test-software-development-services-23730311173.html,"Online Test Software Development Services, Pan India"
IT Services,Custom Software Development,custom software development,Customized Software Solution,Ravi Techworld,Ask Price,N/A,9408 90 96 82,Info@ravitechworld.com,https://www.ravitechworld.com/,Bhavnagar,N/A,N/A,https://3.imimg.com/data3/BG/WK/MY-14394079/customized-software-solution-250x250.jpg,https://www.indiamart.com/proddetail/customized-software-solution-8843966630.html,Customized Software Solution
IT Services,Custom Software Development,custom software development,Software Development,Weybee Solutions Private Limited,Ask Price,N/A,088660 08860,Not Found,https://www.weybee.com,Rajkot,N/A,N/A,https://3.imimg.com/data3/GG/IN/MY-12295328/software-development-250x250.png,https://www.indiamart.com/proddetail/software-development-8006917991.html,Weybee Solutions Private Limited
IT Services,Custom Software Development,custom software development,Software Development Service,Suntech Software Solution,Ask Price,N/A,094274 28390,Not Found,http://suntechsoftware.com,Rajkot,N/A,N/A,https://5.imimg.com/data5/HS/AU/CN/SELLER-31178205/software-development-service-250x250.png,https://www.indiamart.com/proddetail/software-development-service-21924809912.html,Software Development Service
IT Services,Custom Software Development,custom software development,Outsourcing Software Development,Ways Software,Ask Price,N/A,099250 28058,Not Found,https://www.wayssoftware.com,Rajkot,N/A,N/A,https://3.imimg.com/data3/DJ/XE/MY-8144166/outsourcing-software-development-250x250.png,https://www.indiamart.com/proddetail/outsourcing-software-development-7175236388.html,Outsourcing Software Development
IT Services,Custom Software Development,custom software development,"Computer Software Development Services, India",TGS Solution,"₹ 40,000",N/A,076980 35555,Not Found,https://www.tgssolution.in,Rajkot,N/A,N/A,https://5.imimg.com/data5/SELLER/Default/2023/10/353940356/US/MI/PY/57022254/computer-software-development-services-250x250.jpg,https://www.indiamart.com/proddetail/computer-software-development-services-2852699064388.html,"Computer Software Development Services, India"
IT Services,Custom Software Development,custom software development,"Within A Week Latest Custom Software Development Services, in Anywhere",Teknovative Solution,"₹ 3,85,000",N/A,"
094292 42201",Not Found,https://www.teknovativesolution.com,Rajkot,N/A,N/A,https://5.imimg.com/data5/SELLER/Default/2024/10/455727171/DW/GH/HS/16673406/crm-software-lead-management-software-250x250.jpg,https://www.indiamart.com/proddetail/custom-software-development-services-2850433233662.html,"Within A Week Latest Custom Software Development Services, in Anywhere"
IT Services,Custom Software Development,custom software development,Custom Software Development Service,Apphouse Infotech,"₹ 10,000",/Project,+91 99045 88813,info@apphouseinfotech.com,apphouseinfotech.com,Rajkot,N/A,N/A,https://5.imimg.com/data5/SELLER/Default/2025/6/521583456/UR/LD/EO/123022079/custom-software-development-service-250x250.jpg,https://www.indiamart.com/proddetail/custom-software-development-service-2854560481312.html,Custom Software Development Service
IT Services,Custom Software Development,custom software development,"Online,Offline Online Test Software Development Services",Rama Softway,"₹ 15,000",N/A,+91 95372 30173,rkinfotekh@gmail.com,https://www.ramasoftway.com/#contact,Rajkot - Deals in Amreli,N/A,N/A,https://5.imimg.com/data5/SELLER/Default/2023/5/309688695/MG/CC/IP/8675179/online-test-software-development-services-250x250.jpg,https://www.indiamart.com/proddetail/online-test-software-development-services-11549331748.html,"Online,Offline Online Test Software Development Services"
IT Services,Custom Software Development,custom software development,"Customized Software Solution Service, software development",Setu Consulting Services Private Limited,Ask Price,Setu Consulting Services Private Limited,075676 85929,Not Found,https://www.setuconsulting.com,Rajkot,N/A,N/A,https://5.imimg.com/data5/SELLER/Default/2026/4/599547530/KF/HU/UH/65339726/customized-software-solution-250x250.jpg,https://www.indiamart.com/proddetail/customized-software-solution-service-2859070691730.html,"Customized Software Solution Service, software development"
IT Services,Custom Software Development,custom software development,Customized Software Solution,Openxcode,Ask Price,Member: 3 months,+91 57776 5075,info@openxcode.com,openxcode.com,Rajkot,N/A,N/A,https://5.imimg.com/data5/SELLER/Default/2026/4/600738313/TT/PH/CS/264411483/customized-software-solution-250x250.png,https://www.indiamart.com/proddetail/customized-software-solution-2859032408291.html,Customized Software Solution
IT Services,Custom Software Development,custom software development,Customized Software Development,Websmith Solutions,Ask Price,N/A,099980 69856,Not Found,https://www.websmithsolution.com,Rajkot,N/A,N/A,https://3.imimg.com/data3/TL/II/MY-3725585/customized-software-development-250x250.jpg,https://www.indiamart.com/proddetail/customized-software-development-3956365097.html,Customized Software Development
IT Services,Custom Software Development,custom software development,Customize Software Development,Hakimi Solutions,Ask Price,N/A,+91 95580 91052,info@hakimisolutions.com,https://hakimisolutions.com,Rajkot,N/A,N/A,https://5.imimg.com/data5/SR/AS/AF/SELLER-3700868/customize-software-development-250x250.png,https://www.indiamart.com/proddetail/customize-software-development-22079769888.html,Customize Software Development
IT Services,Custom Software Development,custom software development,"Online Test Software Development Services, Pan India",Rexter Tech,"₹ 20,000",N/A,+91 70412 55969,info@rextertech.com,rextertech.com,Rajkot,N/A,N/A,https://5.imimg.com/data5/SELLER/Default/2021/7/BX/KE/AT/127230768/online-test-software-development-services-250x250.jpg,https://www.indiamart.com/proddetail/online-test-software-development-services-23730311173.html,"Online Test Software Development Services, Pan India"
IT Services,Custom Software Development,custom software development,Customized Software Solution,Ravi Techworld,Ask Price,N/A,9408 90 96 82,Info@ravitechworld.com,https://www.ravitechworld.com/,Bhavnagar,N/A,N/A,https://3.imimg.com/data3/BG/WK/MY-14394079/customized-software-solution-250x250.jpg,https://www.indiamart.com/proddetail/customized-software-solution-8843966630.html,Customized Software Solution
IT Services,Custom Software Development,custom software development,Software Development,Weybee Solutions Private Limited,Ask Price,N/A,088660 08860,Not Found,https://www.weybee.com,Rajkot,N/A,N/A,https://3.imimg.com/data3/GG/IN/MY-12295328/software-development-250x250.png,https://www.indiamart.com/proddetail/software-development-8006917991.html,Weybee Solutions Private Limited
IT Services,Custom Software Development,custom software development,Software Development Service,Suntech Software Solution,Ask Price,N/A,094274 28390,Not Found,http://suntechsoftware.com,Rajkot,N/A,N/A,https://5.imimg.com/data5/HS/AU/CN/SELLER-31178205/software-development-service-250x250.png,https://www.indiamart.com/proddetail/software-development-service-21924809912.html,Software Development Service
IT Services,Custom Software Development,custom software development,Outsourcing Software Development,Ways Software,Ask Price,N/A,099250 28058,Not Found,https://www.wayssoftware.com,Rajkot,N/A,N/A,https://3.imimg.com/data3/DJ/XE/MY-8144166/outsourcing-software-development-250x250.png,https://www.indiamart.com/proddetail/outsourcing-software-development-7175236388.html,Outsourcing Software Development
IT Services,Custom Software Development,custom software development,"Computer Software Development Services, India",TGS Solution,"₹ 40,000",N/A,076980 35555,Not Found,https://www.tgssolution.in,Rajkot,N/A,N/A,https://5.imimg.com/data5/SELLER/Default/2023/10/353940356/US/MI/PY/57022254/computer-software-development-services-250x250.jpg,https://www.indiamart.com/proddetail/computer-software-development-services-2852699064388.html,"Computer Software Development Services, India"
Business Services,Ca Services,ca services,"Chartered Accountant Services, ca",Mox Digisign Private Limited,Ask Price,N/A,+91 8048977701,moxdspl@gmail.com,https://www.moxdigisign.com,Ahmedabad - Deals in Amreli,N/A,N/A,https://5.imimg.com/data5/OG/ED/HM/SELLER-7666114/chartered-accountant-services-250x250.png,https://www.indiamart.com/proddetail/chartered-accountant-services-14482543997.html,"Chartered Accountant Services, ca"
Business Services,Ca Services,ca services,CA Near Me,H V Shah & Company,Ask Price,N/A,+91 99745 33898,Contact Form Available,https://www.hvshahcompany.com,Ahmedabad,N/A,N/A,https://5.imimg.com/data5/SELLER/Default/2021/11/OT/EN/GJ/22046360/ca-near-me-250x250.jpg,https://www.indiamart.com/proddetail/ca-near-me-24179653912.html,GST Email Mobile Member: 10 yrs
Business Services,Ca Services,ca services,"Chartered Accountant Services In Surat, ca",Astute Consultants,"₹ 2,500",N/A,+91 99099 15150,atul.singh@astuteconsult.in,astuteconsult.in,Surat,N/A,N/A,https://5.imimg.com/data5/SELLER/Default/2024/2/390653489/FM/RV/LJ/6623004/chartered-accountant-services-in-surat-250x250.png,https://www.indiamart.com/proddetail/chartered-accountant-services-in-surat-23588003588.html,"Chartered Accountant Services In Surat, ca"
Business Services,Ca Services,ca services,"Chartered Accountant Services, ca",Mox Digisign Private Limited,Ask Price,N/A,+91 8048977701,moxdspl@gmail.com,https://www.moxdigisign.com,Ahmedabad - Deals in Amreli,N/A,N/A,https://5.imimg.com/data5/OG/ED/HM/SELLER-7666114/chartered-accountant-services-250x250.png,https://www.indiamart.com/proddetail/chartered-accountant-services-14482543997.html,"Chartered Accountant Services, ca"
Business Services,Ca Services,ca services,CA Near Me,H V Shah & Company,Ask Price,N/A,+91 99745 33898,Contact Form Available,https://www.hvshahcompany.com,Ahmedabad,N/A,N/A,https://5.imimg.com/data5/SELLER/Default/2021/11/OT/EN/GJ/22046360/ca-near-me-250x250.jpg,https://www.indiamart.com/proddetail/ca-near-me-24179653912.html,GST Email Mobile Member: 10 yrs
Business Services,Ca Services,ca services,"Chartered Accountant Services In Surat, ca",Astute Consultants,"₹ 2,500",N/A,+91 99099 15150,atul.singh@astuteconsult.in,astuteconsult.in,Surat,N/A,N/A,https://5.imimg.com/data5/SELLER/Default/2024/2/390653489/FM/RV/LJ/6623004/chartered-accountant-services-in-surat-250x250.png,https://www.indiamart.com/proddetail/chartered-accountant-services-in-surat-23588003588.html,"Chartered Accountant Services In Surat, ca"
Business Services,Ca Services,ca services,"Chartered Accountant Services, ca",Mox Digisign Private Limited,Ask Price,N/A,+91 8048977701,moxdspl@gmail.com,https://www.moxdigisign.com,Ahmedabad - Deals in Amreli,N/A,N/A,https://5.imimg.com/data5/OG/ED/HM/SELLER-7666114/chartered-accountant-services-250x250.png,https://www.indiamart.com/proddetail/chartered-accountant-services-14482543997.html,"Chartered Accountant Services, ca"
Business Services,Ca Services,ca services,CA Near Me,H V Shah & Company,Ask Price,N/A,+91 99745 33898,Contact Form Available,https://www.hvshahcompany.com,Ahmedabad,N/A,N/A,https://5.imimg.com/data5/SELLER/Default/2021/11/OT/EN/GJ/22046360/ca-near-me-250x250.jpg,https://www.indiamart.com/proddetail/ca-near-me-24179653912.html,GST Email Mobile Member: 10 yrs
Business Services,Ca Services,ca services,"Chartered Accountant Services In Surat, ca",Astute Consultants,"₹ 2,500",N/A,+91 99099 15150,atul.singh@astuteconsult.in,astuteconsult.in,Surat,N/A,N/A,https://5.imimg.com/data5/SELLER/Default/2024/2/390653489/FM/RV/LJ/6623004/chartered-accountant-services-in-surat-250x250.png,https://www.indiamart.com/proddetail/chartered-accountant-services-in-surat-23588003588.html,"Chartered Accountant Services In Surat, ca"
Business Services,Ca Services,ca services,"Chartered Accountant Services, ca",Mox Digisign Private Limited,Ask Price,N/A,+91 8048977701,moxdspl@gmail.com,https://www.moxdigisign.com,Ahmedabad - Deals in Amreli,N/A,N/A,https://5.imimg.com/data5/OG/ED/HM/SELLER-7666114/chartered-accountant-services-250x250.png,https://www.indiamart.com/proddetail/chartered-accountant-services-14482543997.html,"Chartered Accountant Services, ca"
Business Services,Ca Services,ca services,CA Near Me,H V Shah & Company,Ask Price,N/A,+91 99745 33898,Contact Form Available,https://www.hvshahcompany.com,Ahmedabad,N/A,N/A,https://5.imimg.com/data5/SELLER/Default/2021/11/OT/EN/GJ/22046360/ca-near-me-250x250.jpg,https://www.indiamart.com/proddetail/ca-near-me-24179653912.html,GST Email Mobile Member: 10 yrs
Business Services,Ca Services,ca services,"Chartered Accountant Services In Surat, ca",Astute Consultants,"₹ 2,500",N/A,+91 99099 15150,atul.singh@astuteconsult.in,astuteconsult.in,Surat,N/A,N/A,https://5.imimg.com/data5/SELLER/Default/2024/2/390653489/FM/RV/LJ/6623004/chartered-accountant-services-in-surat-250x250.png,https://www.indiamart.com/proddetail/chartered-accountant-services-in-surat-23588003588.html,"Chartered Accountant Services In Surat, ca"
Business Services,Ca Services,ca services,"Chartered Accountant Services, ca",Mox Digisign Private Limited,Ask Price,N/A,+91 8048977701,moxdspl@gmail.com,https://www.moxdigisign.com,Ahmedabad - Deals in Amreli,N/A,N/A,https://5.imimg.com/data5/OG/ED/HM/SELLER-7666114/chartered-accountant-services-250x250.png,https://www.indiamart.com/proddetail/chartered-accountant-services-14482543997.html,"Chartered Accountant Services, ca"
Business Services,Ca Services,ca services,CA Near Me,H V Shah & Company,Ask Price,N/A,+91 99745 33898,Contact Form Available,https://www.hvshahcompany.com,Ahmedabad,N/A,N/A,https://5.imimg.com/data5/SELLER/Default/2021/11/OT/EN/GJ/22046360/ca-near-me-250x250.jpg,https://www.indiamart.com/proddetail/ca-near-me-24179653912.html,GST Email Mobile Member: 10 yrs
Business Services,Ca Services,ca services,"Chartered Accountant Services In Surat, ca",Astute Consultants,"₹ 2,500",N/A,+91 99099 15150,atul.singh@astuteconsult.in,astuteconsult.in,Surat,N/A,N/A,https://5.imimg.com/data5/SELLER/Default/2024/2/390653489/FM/RV/LJ/6623004/chartered-accountant-services-in-surat-250x250.png,https://www.indiamart.com/proddetail/chartered-accountant-services-in-surat-23588003588.html,"Chartered Accountant Services In Surat, ca"
Business Services,Accounting Services,accounting services,Finance Account Services,Steerway Business Consultants,"₹ 50,000",Finance Account Services,076240 13188,Not Found,http://www.steerway.in,Rajkot,N/A,N/A,https://5.imimg.com/data5/SELLER/Default/2024/11/466907896/ZH/DN/ED/99197505/finance-account-services-250x250.jpg,https://www.indiamart.com/proddetail/finance-account-services-2855318289433.html,Finance Account Services
Business Services,Accounting Services,accounting services,Business Accounting Service,Certifix India,"₹ 1,500",/Month,+91 76009 06612,info@certifix.in,https://www.certifix.in,Rajkot,N/A,N/A,https://5.imimg.com/data5/SELLER/Default/2026/3/590566328/BS/EK/UQ/239670298/business-accounting-service-250x250.jpeg,https://www.indiamart.com/proddetail/business-accounting-service-2858909017488.html,Business Accounting Service
Business Services,Accounting Services,accounting services,Virtual Accountant Service,Aura Solution,Ask Price,Virtual Accountant Service,6357955073,Not Found,https://aurasolution.co.in,Rajkot,N/A,N/A,https://3.imimg.com/data3/IF/LS/MY-11020374/virtual-accountant-service-250x250.jpg,https://www.indiamart.com/proddetail/virtual-accountant-service-7468676088.html,Virtual Accountant Service
Business Services,Accounting Services,accounting services,E-Accounting Services,Zobone International Outsourcing Private Limited,Ask Price,N/A,097148 14899,Not Found,https://aurasolution.co.in,Rajkot,N/A,N/A,https://4.imimg.com/data4/UW/GY/MY-14169780/e-accounting-services-250x250.jpg,https://www.indiamart.com/proddetail/e-accounting-services-11425686373.html,E-Accounting Services
Business Services,Accounting Services,accounting services,Odoo Financial Accounting Service,Uncanny Consulting Services LLP,Ask Price,Uncanny Consulting Services LLP,Not Found,Not Found,https://www.indiamart.com › uncanny-consulting-services › profile.html,Rajkot,N/A,N/A,https://5.imimg.com/data5/SELLER/Default/2025/4/507197708/CJ/IU/UY/181242108/wordpress-website-development-service-250x250.jpg,https://www.indiamart.com/proddetail/odoo-financial-accounting-service-2853678893691.html,Odoo Financial Accounting Service
Business Services,Accounting Services,accounting services,Accounting Services,Ravi Techworld,Ask Price,N/A,9408 90 96 82,Info@ravitechworld.com,https://www.ravitechworld.com/,Bhavnagar,N/A,N/A,https://5.imimg.com/data5/GU/UD/VI/GLADMIN-14394079/selection-068-250x250.png,https://www.indiamart.com/proddetail/accounting-services-20791810555.html,GST Email Mobile Member: 11 yrs
Business Services,Accounting Services,accounting services,Accounting And Related Services,HD Accounting,"₹ 3,000",/Month,084600 13880,Not Found,https://www.google.com/search?q=HD+Accounting%0D%0A&sca_esv=f21729c6c462f6e2&biw=764&bih=722&sxsrf=ANbL-n6XVm26-u3oOF8apmkm_lh5H3THIA%3A1780659335732&ei=h7QiaviuLIKvwcsP7_OEOQ&ved=0ahUKEwi4jrD5gPCUAxWCV3ADHe85IQcQ4dUDCBA&uact=5&oq=HD+Accounting%0D%0A&gs_lp=Egxnd3Mtd2l6LXNlcnAiDkhEIEFjY291bnRpbmcKMh0QLhiABBiKBRiRAhjnBhjHARjRAxjqAhi0AtgBATIXEAAYgAQYigUYkQIY5wYY6gIYtALYAQEyFxAAGIAEGIoFGJECGOcGGOoCGLQC2AEBMh0QLhiABBiKBRiRAhjnBhjHARivARjqAhi0AtgBATIdEC4YgAQYigUYkQIY5wYYxwEY0QMY6gIYtALYAQEyHRAuGIAEGIoFGJECGOcGGMcBGNEDGOoCGLQC2AEBMhAQABgDGI8BGOoCGLQC2AEBMhAQABgDGI8BGOoCGLQC2AEBMhAQABgDGI8BGOoCGLQC2AEBMhAQABgDGI8BGOoCGLQC2AEBSIERUIEIWIEIcAF4AJABAJgBAKABAKoBALgBA8gBAPgBAfgBApgCAaACCqgCCpgDCvEFOEzOdtoRv_-6BgQIARgHkgcBMaAHALIHALgHAMIHAzMtMcgHCIAIAQ&sclient=gws-wiz-serp,Rajkot,N/A,N/A,https://5.imimg.com/data5/AD/WD/SV/SELLER-22341626/accounting-and-related-services-250x250.jpg,https://www.indiamart.com/proddetail/accounting-and-related-services-20916174862.html,Accounting And Related Services
Business Services,Accounting Services,accounting services,Finance Account Services,Steerway Business Consultants,"₹ 50,000",Finance Account Services,076240 13188,Not Found,http://www.steerway.in,Rajkot,N/A,N/A,https://5.imimg.com/data5/SELLER/Default/2024/11/466907896/ZH/DN/ED/99197505/finance-account-services-250x250.jpg,https://www.indiamart.com/proddetail/finance-account-services-2855318289433.html,Finance Account Services
Business Services,Accounting Services,accounting services,Business Accounting Service,Certifix India,"₹ 1,500",/Month,+91 76009 06612,info@certifix.in,https://www.certifix.in,Rajkot,N/A,N/A,https://5.imimg.com/data5/SELLER/Default/2026/3/590566328/BS/EK/UQ/239670298/business-accounting-service-250x250.jpeg,https://www.indiamart.com/proddetail/business-accounting-service-2858909017488.html,Business Accounting Service
Business Services,Accounting Services,accounting services,Virtual Accountant Service,Aura Solution,Ask Price,Virtual Accountant Service,6357955073,Not Found,https://aurasolution.co.in,Rajkot,N/A,N/A,https://3.imimg.com/data3/IF/LS/MY-11020374/virtual-accountant-service-250x250.jpg,https://www.indiamart.com/proddetail/virtual-accountant-service-7468676088.html,Virtual Accountant Service
Business Services,Accounting Services,accounting services,E-Accounting Services,Zobone International Outsourcing Private Limited,Ask Price,N/A,097148 14899,Not Found,http://www.zobonebpo.com,Rajkot,N/A,N/A,https://4.imimg.com/data4/UW/GY/MY-14169780/e-accounting-services-250x250.jpg,https://www.indiamart.com/proddetail/e-accounting-services-11425686373.html,E-Accounting Services
Business Services,Accounting Services,accounting services,Odoo Financial Accounting Service,Uncanny Consulting Services LLP,Ask Price,Uncanny Consulting Services LLP,Not Found,Not Found,https://www.indiamart.com › uncanny-consulting-services › profile.html,Rajkot,N/A,N/A,https://5.imimg.com/data5/SELLER/Default/2025/4/507197708/CJ/IU/UY/181242108/wordpress-website-development-service-250x250.jpg,https://www.indiamart.com/proddetail/odoo-financial-accounting-service-2853678893691.html,Odoo Financial Accounting Service
Business Services,Accounting Services,accounting services,Accounting Services,Ravi Techworld,Ask Price,N/A,9408 90 96 82,Info@ravitechworld.com,https://www.ravitechworld.com/,Bhavnagar,N/A,N/A,https://5.imimg.com/data5/GU/UD/VI/GLADMIN-14394079/selection-068-250x250.png,https://www.indiamart.com/proddetail/accounting-services-20791810555.html,GST Email Mobile Member: 11 yrs
Business Services,Accounting Services,accounting services,Accounting And Related Services,HD Accounting,"₹ 3,000",/Month,084600 13880,Not Found,https://www.google.com/search?q=HD+Accounting%0D%0A&sca_esv=f21729c6c462f6e2&biw=764&bih=722&sxsrf=ANbL-n6XVm26-u3oOF8apmkm_lh5H3THIA%3A1780659335732&ei=h7QiaviuLIKvwcsP7_OEOQ&ved=0ahUKEwi4jrD5gPCUAxWCV3ADHe85IQcQ4dUDCBA&uact=5&oq=HD+Accounting%0D%0A&gs_lp=Egxnd3Mtd2l6LXNlcnAiDkhEIEFjY291bnRpbmcKMh0QLhiABBiKBRiRAhjnBhjHARjRAxjqAhi0AtgBATIXEAAYgAQYigUYkQIY5wYY6gIYtALYAQEyFxAAGIAEGIoFGJECGOcGGOoCGLQC2AEBMh0QLhiABBiKBRiRAhjnBhjHARivARjqAhi0AtgBATIdEC4YgAQYigUYkQIY5wYYxwEY0QMY6gIYtALYAQEyHRAuGIAEGIoFGJECGOcGGMcBGNEDGOoCGLQC2AEBMhAQABgDGI8BGOoCGLQC2AEBMhAQABgDGI8BGOoCGLQC2AEBMhAQABgDGI8BGOoCGLQC2AEBMhAQABgDGI8BGOoCGLQC2AEBSIERUIEIWIEIcAF4AJABAJgBAKABAKoBALgBA8gBAPgBAfgBApgCAaACCqgCCpgDCvEFOEzOdtoRv_-6BgQIARgHkgcBMaAHALIHALgHAMIHAzMtMcgHCIAIAQ&sclient=gws-wiz-serp,Rajkot,N/A,N/A,https://5.imimg.com/data5/AD/WD/SV/SELLER-22341626/accounting-and-related-services-250x250.jpg,https://www.indiamart.com/proddetail/accounting-and-related-services-20916174862.html,Accounting And Related Services
Business Services,Accounting Services,accounting services,Finance Account Services,Steerway Business Consultants,"₹ 50,000",Finance Account Services,076240 13188,Not Found,http://www.steerway.in,Rajkot,N/A,N/A,https://5.imimg.com/data5/SELLER/Default/2024/11/466907896/ZH/DN/ED/99197505/finance-account-services-250x250.jpg,https://www.indiamart.com/proddetail/finance-account-services-2855318289433.html,Finance Account Services
Business Services,Accounting Services,accounting services,Business Accounting Service,Certifix India,"₹ 1,500",/Month,+91 76009 06612,info@certifix.in,https://www.certifix.in,Rajkot,N/A,N/A,https://5.imimg.com/data5/SELLER/Default/2026/3/590566328/BS/EK/UQ/239670298/business-accounting-service-250x250.jpeg,https://www.indiamart.com/proddetail/business-accounting-service-2858909017488.html,Business Accounting Service
Business Services,Accounting Services,accounting services,Virtual Accountant Service,Aura Solution,Ask Price,Virtual Accountant Service,6357955073,Not Found,https://aurasolution.co.in,Rajkot,N/A,N/A,https://3.imimg.com/data3/IF/LS/MY-11020374/virtual-accountant-service-250x250.jpg,https://www.indiamart.com/proddetail/virtual-accountant-service-7468676088.html,Virtual Accountant Service
Business Services,Accounting Services,accounting services,E-Accounting Services,Zobone International Outsourcing Private Limited,Ask Price,N/A,097148 14899,Not Found,http://www.zobonebpo.com,Rajkot,N/A,N/A,https://4.imimg.com/data4/UW/GY/MY-14169780/e-accounting-services-250x250.jpg,https://www.indiamart.com/proddetail/e-accounting-services-11425686373.html,E-Accounting Services
Business Services,Accounting Services,accounting services,Odoo Financial Accounting Service,Uncanny Consulting Services LLP,Ask Price,Uncanny Consulting Services LLP,Not Found,Not Found,https://www.indiamart.com › uncanny-consulting-services › profile.html,Rajkot,N/A,N/A,https://5.imimg.com/data5/SELLER/Default/2025/4/507197708/CJ/IU/UY/181242108/wordpress-website-development-service-250x250.jpg,https://www.indiamart.com/proddetail/odoo-financial-accounting-service-2853678893691.html,Odoo Financial Accounting Service
Business Services,Accounting Services,accounting services,Accounting Services,Ravi Techworld,Ask Price,N/A,9408 90 96 82,Info@ravitechworld.com,https://www.ravitechworld.com/,Bhavnagar,N/A,N/A,https://5.imimg.com/data5/GU/UD/VI/GLADMIN-14394079/selection-068-250x250.png,https://www.indiamart.com/proddetail/accounting-services-20791810555.html,GST Email Mobile Member: 11 yrs
Business Services,Accounting Services,accounting services,Accounting And Related Services,HD Accounting,"₹ 3,000",/Month,084600 13880,Not Found,https://www.google.com/search?q=HD+Accounting%0D%0A&sca_esv=f21729c6c462f6e2&biw=764&bih=722&sxsrf=ANbL-n6XVm26-u3oOF8apmkm_lh5H3THIA%3A1780659335732&ei=h7QiaviuLIKvwcsP7_OEOQ&ved=0ahUKEwi4jrD5gPCUAxWCV3ADHe85IQcQ4dUDCBA&uact=5&oq=HD+Accounting%0D%0A&gs_lp=Egxnd3Mtd2l6LXNlcnAiDkhEIEFjY291bnRpbmcKMh0QLhiABBiKBRiRAhjnBhjHARjRAxjqAhi0AtgBATIXEAAYgAQYigUYkQIY5wYY6gIYtALYAQEyFxAAGIAEGIoFGJECGOcGGOoCGLQC2AEBMh0QLhiABBiKBRiRAhjnBhjHARivARjqAhi0AtgBATIdEC4YgAQYigUYkQIY5wYYxwEY0QMY6gIYtALYAQEyHRAuGIAEGIoFGJECGOcGGMcBGNEDGOoCGLQC2AEBMhAQABgDGI8BGOoCGLQC2AEBMhAQABgDGI8BGOoCGLQC2AEBMhAQABgDGI8BGOoCGLQC2AEBMhAQABgDGI8BGOoCGLQC2AEBSIERUIEIWIEIcAF4AJABAJgBAKABAKoBALgBA8gBAPgBAfgBApgCAaACCqgCCpgDCvEFOEzOdtoRv_-6BgQIARgHkgcBMaAHALIHALgHAMIHAzMtMcgHCIAIAQ&sclient=gws-wiz-serp,Rajkot,N/A,N/A,https://5.imimg.com/data5/AD/WD/SV/SELLER-22341626/accounting-and-related-services-250x250.jpg,https://www.indiamart.com/proddetail/accounting-and-related-services-20916174862.html,Accounting And Related Services
Business Services,Accounting Services,accounting services,Finance Account Services,Steerway Business Consultants,"₹ 50,000",Finance Account Services,076240 13188,Not Found,http://www.steerway.in,Rajkot,N/A,N/A,https://5.imimg.com/data5/SELLER/Default/2024/11/466907896/ZH/DN/ED/99197505/finance-account-services-250x250.jpg,https://www.indiamart.com/proddetail/finance-account-services-2855318289433.html,Finance Account Services
Business Services,Accounting Services,accounting services,Business Accounting Service,Certifix India,"₹ 1,500",/Month,+91 76009 06612,info@certifix.in,https://www.certifix.in,Rajkot,N/A,N/A,https://5.imimg.com/data5/SELLER/Default/2026/3/590566328/BS/EK/UQ/239670298/business-accounting-service-250x250.jpeg,https://www.indiamart.com/proddetail/business-accounting-service-2858909017488.html,Business Accounting Service
Business Services,Accounting Services,accounting services,Virtual Accountant Service,Aura Solution,Ask Price,Virtual Accountant Service,6357955073,Not Found,https://aurasolution.co.in,Rajkot,N/A,N/A,https://3.imimg.com/data3/IF/LS/MY-11020374/virtual-accountant-service-250x250.jpg,https://www.indiamart.com/proddetail/virtual-accountant-service-7468676088.html,Virtual Accountant Service
Business Services,Accounting Services,accounting services,E-Accounting Services,Zobone International Outsourcing Private Limited,Ask Price,N/A,097148 14899,Not Found,http://www.zobonebpo.com,Rajkot,N/A,N/A,https://4.imimg.com/data4/UW/GY/MY-14169780/e-accounting-services-250x250.jpg,https://www.indiamart.com/proddetail/e-accounting-services-11425686373.html,E-Accounting Services
Business Services,Accounting Services,accounting services,Odoo Financial Accounting Service,Uncanny Consulting Services LLP,Ask Price,Uncanny Consulting Services LLP,Not Found,Not Found,https://www.indiamart.com › uncanny-consulting-services › profile.html,Rajkot,N/A,N/A,https://5.imimg.com/data5/SELLER/Default/2025/4/507197708/CJ/IU/UY/181242108/wordpress-website-development-service-250x250.jpg,https://www.indiamart.com/proddetail/odoo-financial-accounting-service-2853678893691.html,Odoo Financial Accounting Service
Business Services,Accounting Services,accounting services,Accounting Services,Ravi Techworld,Ask Price,N/A,9408 90 96 82,Info@ravitechworld.com,https://www.ravitechworld.com/,Bhavnagar,N/A,N/A,https://5.imimg.com/data5/GU/UD/VI/GLADMIN-14394079/selection-068-250x250.png,https://www.indiamart.com/proddetail/accounting-services-20791810555.html,GST Email Mobile Member: 11 yrs
Business Services,Accounting Services,accounting services,Accounting And Related Services,HD Accounting,"₹ 3,000",/Month,084600 13880,Not Found,https://www.google.com/search?q=HD+Accounting%0D%0A&sca_esv=f21729c6c462f6e2&biw=764&bih=722&sxsrf=ANbL-n6XVm26-u3oOF8apmkm_lh5H3THIA%3A1780659335732&ei=h7QiaviuLIKvwcsP7_OEOQ&ved=0ahUKEwi4jrD5gPCUAxWCV3ADHe85IQcQ4dUDCBA&uact=5&oq=HD+Accounting%0D%0A&gs_lp=Egxnd3Mtd2l6LXNlcnAiDkhEIEFjY291bnRpbmcKMh0QLhiABBiKBRiRAhjnBhjHARjRAxjqAhi0AtgBATIXEAAYgAQYigUYkQIY5wYY6gIYtALYAQEyFxAAGIAEGIoFGJECGOcGGOoCGLQC2AEBMh0QLhiABBiKBRiRAhjnBhjHARivARjqAhi0AtgBATIdEC4YgAQYigUYkQIY5wYYxwEY0QMY6gIYtALYAQEyHRAuGIAEGIoFGJECGOcGGMcBGNEDGOoCGLQC2AEBMhAQABgDGI8BGOoCGLQC2AEBMhAQABgDGI8BGOoCGLQC2AEBMhAQABgDGI8BGOoCGLQC2AEBMhAQABgDGI8BGOoCGLQC2AEBSIERUIEIWIEIcAF4AJABAJgBAKABAKoBALgBA8gBAPgBAfgBApgCAaACCqgCCpgDCvEFOEzOdtoRv_-6BgQIARgHkgcBMaAHALIHALgHAMIHAzMtMcgHCIAIAQ&sclient=gws-wiz-serp,Rajkot,N/A,N/A,https://5.imimg.com/data5/AD/WD/SV/SELLER-22341626/accounting-and-related-services-250x250.jpg,https://www.indiamart.com/proddetail/accounting-and-related-services-20916174862.html,Accounting And Related Services
Business Services,Accounting Services,accounting services,Finance Account Services,Steerway Business Consultants,"₹ 50,000",Finance Account Services,076240 13188,Not Found,http://www.steerway.in,Rajkot,N/A,N/A,https://5.imimg.com/data5/SELLER/Default/2024/11/466907896/ZH/DN/ED/99197505/finance-account-services-250x250.jpg,https://www.indiamart.com/proddetail/finance-account-services-2855318289433.html,Finance Account Services
Business Services,Accounting Services,accounting services,Business Accounting Service,Certifix India,"₹ 1,500",/Month,+91 76009 06612,info@certifix.in,https://www.certifix.in,Rajkot,N/A,N/A,https://5.imimg.com/data5/SELLER/Default/2026/3/590566328/BS/EK/UQ/239670298/business-accounting-service-250x250.jpeg,https://www.indiamart.com/proddetail/business-accounting-service-2858909017488.html,Business Accounting Service
Business Services,Accounting Services,accounting services,Virtual Accountant Service,Aura Solution,Ask Price,Virtual Accountant Service,6357955073,Not Found,https://aurasolution.co.in,Rajkot,N/A,N/A,https://3.imimg.com/data3/IF/LS/MY-11020374/virtual-accountant-service-250x250.jpg,https://www.indiamart.com/proddetail/virtual-accountant-service-7468676088.html,Virtual Accountant Service
Business Services,Accounting Services,accounting services,E-Accounting Services,Zobone International Outsourcing Private Limited,Ask Price,N/A,097148 14899,Not Found,http://www.zobonebpo.com,Rajkot,N/A,N/A,https://4.imimg.com/data4/UW/GY/MY-14169780/e-accounting-services-250x250.jpg,https://www.indiamart.com/proddetail/e-accounting-services-11425686373.html,E-Accounting Services
Business Services,Accounting Services,accounting services,Odoo Financial Accounting Service,Uncanny Consulting Services LLP,Ask Price,Uncanny Consulting Services LLP,Not Found,Not Found,https://www.indiamart.com › uncanny-consulting-services › profile.html,Rajkot,N/A,N/A,https://5.imimg.com/data5/SELLER/Default/2025/4/507197708/CJ/IU/UY/181242108/wordpress-website-development-service-250x250.jpg,https://www.indiamart.com/proddetail/odoo-financial-accounting-service-2853678893691.html,Odoo Financial Accounting Service
Business Services,Accounting Services,accounting services,Accounting Services,Ravi Techworld,Ask Price,N/A,9408 90 96 82,Info@ravitechworld.com,https://www.ravitechworld.com/,Bhavnagar,N/A,N/A,https://5.imimg.com/data5/GU/UD/VI/GLADMIN-14394079/selection-068-250x250.png,https://www.indiamart.com/proddetail/accounting-services-20791810555.html,GST Email Mobile Member: 11 yrs
Business Services,Accounting Services,accounting services,Accounting And Related Services,HD Accounting,"₹ 3,000",/Month,084600 13880,Not Found,https://www.google.com/search?q=HD+Accounting%0D%0A&sca_esv=f21729c6c462f6e2&biw=764&bih=722&sxsrf=ANbL-n6XVm26-u3oOF8apmkm_lh5H3THIA%3A1780659335732&ei=h7QiaviuLIKvwcsP7_OEOQ&ved=0ahUKEwi4jrD5gPCUAxWCV3ADHe85IQcQ4dUDCBA&uact=5&oq=HD+Accounting%0D%0A&gs_lp=Egxnd3Mtd2l6LXNlcnAiDkhEIEFjY291bnRpbmcKMh0QLhiABBiKBRiRAhjnBhjHARjRAxjqAhi0AtgBATIXEAAYgAQYigUYkQIY5wYY6gIYtALYAQEyFxAAGIAEGIoFGJECGOcGGOoCGLQC2AEBMh0QLhiABBiKBRiRAhjnBhjHARivARjqAhi0AtgBATIdEC4YgAQYigUYkQIY5wYYxwEY0QMY6gIYtALYAQEyHRAuGIAEGIoFGJECGOcGGMcBGNEDGOoCGLQC2AEBMhAQABgDGI8BGOoCGLQC2AEBMhAQABgDGI8BGOoCGLQC2AEBMhAQABgDGI8BGOoCGLQC2AEBMhAQABgDGI8BGOoCGLQC2AEBSIERUIEIWIEIcAF4AJABAJgBAKABAKoBALgBA8gBAPgBAfgBApgCAaACCqgCCpgDCvEFOEzOdtoRv_-6BgQIARgHkgcBMaAHALIHALgHAMIHAzMtMcgHCIAIAQ&sclient=gws-wiz-serp,Rajkot,N/A,N/A,https://5.imimg.com/data5/AD/WD/SV/SELLER-22341626/accounting-and-related-services-250x250.jpg,https://www.indiamart.com/proddetail/accounting-and-related-services-20916174862.html,Accounting And Related Services
Business Services,Gst Registration Services,gst registration services,GST Refund Consultants Service,Vraj Consultancy,Ask Price,GST Refund Consultants Service,Not Found,Not Found,https://www.indiamart.com › vrajconsultancy › profile.html,Jetalsar,N/A,N/A,https://5.imimg.com/data5/SELLER/Default/2025/11/561077884/UH/DB/PQ/256558984/gst-refund-consultants-service-250x250.jpg,https://www.indiamart.com/proddetail/gst-refund-consultants-service-2857919536673.html,GST Refund Consultants Service
Business Services,Gst Registration Services,gst registration services,7 Days Business GST Registration Service,Sagar Korat & Associates,"₹ 1,000",/Service,Not Found,Not Found,https://www.indiamart.com › sagarkoratassociates › profile.html,Rajkot,N/A,N/A,https://5.imimg.com/data5/SELLER/Default/2022/6/DD/MD/HH/85226656/gst-registration-service-250x250.jpg,https://www.indiamart.com/proddetail/gst-registration-service-25860060088.html,7 Days Business GST Registration Service
Business Services,Gst Registration Services,gst registration services,Gst Registration Consultants Services,Dream Loan Consultancy,Ask Price,Services,+91 83758 50735,info@dreamloans.in,https://www.dreamloans.in,Rajkot,N/A,N/A,https://5.imimg.com/data5/HF/BO/MY-57796111/gst-registration-consultants-services-250x250.jpg,https://www.indiamart.com/proddetail/gst-registration-consultants-services-18469523491.html,Gst Registration Consultants Services
Business Services,Gst Registration Services,gst registration services,"Online Gst Registration And Return Filings, services",Karamveer Enterprise,"₹ 6,000",services,Not Found,Not Found,Not Found,Rajkot,N/A,N/A,https://5.imimg.com/data5/SELLER/Default/2023/12/365152858/NY/KY/KN/51466513/gst-registration-and-return-filings-250x250.jpg,https://www.indiamart.com/proddetail/gst-registration-and-return-filings-24275793633.html,"Online Gst Registration And Return Filings, services"
Business Services,Gst Registration Services,gst registration services,Pan India Gst Registration Service,Entrepreneurcell India Private Limited,"₹ 2,000",/Month,9818473246,support@entrepreneurcell.com,https://entrepreneurcell.com/,Noida - Deals in Amreli,N/A,N/A,https://5.imimg.com/data5/SELLER/Default/2024/1/381654455/ZY/YM/GZ/119401383/gst-registration-service-250x250.jpg,https://www.indiamart.com/proddetail/gst-registration-service-25591208155.html,Pan India Gst Registration Service
Business Services,Gst Registration Services,gst registration services,Top 5 India GST Registration Service,Bharat Solutions,₹ 999,N/A,+91 92657 09027,tbsseoagency@gmail.com,https://thebharatsolutions.com?utm_source=chatgpt.com,New Delhi - Deals in Amreli,N/A,N/A,https://5.imimg.com/data5/SELLER/Default/2024/9/452246766/ZO/HG/KF/188877046/top-5-india-gst-registration-service-250x250.png,https://www.indiamart.com/proddetail/top-5-india-gst-registration-service-2853594025830.html,Top 5 India GST Registration Service
Business Services,Gst Registration Services,gst registration services,"Gst Registration Consultants, services",PSR Compliance,"₹ 1,000",services,+91 99989 70787,info@psrcompliance.com,https://psrcompliance.com,Noida - Deals in Amreli,N/A,N/A,https://5.imimg.com/data5/SELLER/Default/2025/3/494513821/XL/KN/SX/183276296/pan-india-gst-consultant-250x250.png,https://www.indiamart.com/proddetail/gst-registration-consultants-2852421905462.html,"Gst Registration Consultants, services"
Business Services,Gst Registration Services,gst registration services,"Gst Consultant & Services, gst registration",Power India Services,"₹ 5,000",Services,+91 98250 52782,powerindiaservices@gmail.com,https://powerindiaservices.com,New Delhi - Deals in Amreli,N/A,N/A,https://5.imimg.com/data5/SELLER/Default/2024/10/457692638/FI/DD/RD/103639368/gst-consultant-250x250.jpg,https://www.indiamart.com/proddetail/gst-consultant-services-24742741312.html,"Gst Consultant & Services, gst registration"
Business Services,Gst Registration Services,gst registration services,GST Refund Consultants Service,Vraj Consultancy,Ask Price,GST Refund Consultants Service,Not Found,Not Found,https://www.indiamart.com › vrajconsultancy › profile.html,Jetalsar,N/A,N/A,https://5.imimg.com/data5/SELLER/Default/2025/11/561077884/UH/DB/PQ/256558984/gst-refund-consultants-service-250x250.jpg,https://www.indiamart.com/proddetail/gst-refund-consultants-service-2857919536673.html,GST Refund Consultants Service
Business Services,Gst Registration Services,gst registration services,7 Days Business GST Registration Service,Sagar Korat & Associates,"₹ 1,000",/Service,Not Found,Not Found,https://www.indiamart.com › sagarkoratassociates › profile.html,Rajkot,N/A,N/A,https://5.imimg.com/data5/SELLER/Default/2022/6/DD/MD/HH/85226656/gst-registration-service-250x250.jpg,https://www.indiamart.com/proddetail/gst-registration-service-25860060088.html,7 Days Business GST Registration Service
Business Services,Gst Registration Services,gst registration services,Gst Registration Consultants Services,Dream Loan Consultancy,Ask Price,Services,+91 83758 50735,info@dreamloans.in,https://www.dreamloans.in,Rajkot,N/A,N/A,https://5.imimg.com/data5/HF/BO/MY-57796111/gst-registration-consultants-services-250x250.jpg,https://www.indiamart.com/proddetail/gst-registration-consultants-services-18469523491.html,Gst Registration Consultants Services
Business Services,Gst Registration Services,gst registration services,"Online Gst Registration And Return Filings, services",Karamveer Enterprise,"₹ 6,000",services,Not Found,Not Found,Not Found,Rajkot,N/A,N/A,https://5.imimg.com/data5/SELLER/Default/2023/12/365152858/NY/KY/KN/51466513/gst-registration-and-return-filings-250x250.jpg,https://www.indiamart.com/proddetail/gst-registration-and-return-filings-24275793633.html,"Online Gst Registration And Return Filings, services"
Business Services,Gst Registration Services,gst registration services,Pan India Gst Registration Service,Entrepreneurcell India Private Limited,"₹ 2,000",/Month,9818473246,support@entrepreneurcell.com,https://entrepreneurcell.com/,Noida - Deals in Amreli,N/A,N/A,https://5.imimg.com/data5/SELLER/Default/2024/1/381654455/ZY/YM/GZ/119401383/gst-registration-service-250x250.jpg,https://www.indiamart.com/proddetail/gst-registration-service-25591208155.html,Pan India Gst Registration Service
Business Services,Gst Registration Services,gst registration services,Top 5 India GST Registration Service,Bharat Solutions,₹ 999,N/A,+91 92657 09027,tbsseoagency@gmail.com,https://thebharatsolutions.com?utm_source=chatgpt.com,New Delhi - Deals in Amreli,N/A,N/A,https://5.imimg.com/data5/SELLER/Default/2024/9/452246766/ZO/HG/KF/188877046/top-5-india-gst-registration-service-250x250.png,https://www.indiamart.com/proddetail/top-5-india-gst-registration-service-2853594025830.html,Top 5 India GST Registration Service
Business Services,Gst Registration Services,gst registration services,"Gst Registration Consultants, services",PSR Compliance,"₹ 1,000",services,+91 99989 70787,info@psrcompliance.com,https://psrcompliance.com,Noida - Deals in Amreli,N/A,N/A,https://5.imimg.com/data5/SELLER/Default/2025/3/494513821/XL/KN/SX/183276296/pan-india-gst-consultant-250x250.png,https://www.indiamart.com/proddetail/gst-registration-consultants-2852421905462.html,"Gst Registration Consultants, services"
Business Services,Gst Registration Services,gst registration services,"Gst Consultant & Services, gst registration",Power India Services,"₹ 5,000",Services,+91 98250 52782,powerindiaservices@gmail.com,https://powerindiaservices.com,New Delhi - Deals in Amreli,N/A,N/A,https://5.imimg.com/data5/SELLER/Default/2024/10/457692638/FI/DD/RD/103639368/gst-consultant-250x250.jpg,https://www.indiamart.com/proddetail/gst-consultant-services-24742741312.html,"Gst Consultant & Services, gst registration"
Business Services,Gst Registration Services,gst registration services,GST Refund Consultants Service,Vraj Consultancy,Ask Price,GST Refund Consultants Service,Not Found,Not Found,https://www.indiamart.com › vrajconsultancy › profile.html,Jetalsar,N/A,N/A,https://5.imimg.com/data5/SELLER/Default/2025/11/561077884/UH/DB/PQ/256558984/gst-refund-consultants-service-250x250.jpg,https://www.indiamart.com/proddetail/gst-refund-consultants-service-2857919536673.html,GST Refund Consultants Service
Business Services,Gst Registration Services,gst registration services,7 Days Business GST Registration Service,Sagar Korat & Associates,"₹ 1,000",/Service,Not Found,Not Found,https://www.indiamart.com › sagarkoratassociates › profile.html,Rajkot,N/A,N/A,https://5.imimg.com/data5/SELLER/Default/2022/6/DD/MD/HH/85226656/gst-registration-service-250x250.jpg,https://www.indiamart.com/proddetail/gst-registration-service-25860060088.html,7 Days Business GST Registration Service
Business Services,Gst Registration Services,gst registration services,Gst Registration Consultants Services,Dream Loan Consultancy,Ask Price,Services,+91 83758 50735,info@dreamloans.in,https://www.dreamloans.in,Rajkot,N/A,N/A,https://5.imimg.com/data5/HF/BO/MY-57796111/gst-registration-consultants-services-250x250.jpg,https://www.indiamart.com/proddetail/gst-registration-consultants-services-18469523491.html,Gst Registration Consultants Services
Business Services,Gst Registration Services,gst registration services,"Online Gst Registration And Return Filings, services",Karamveer Enterprise,"₹ 6,000",services,Not Found,Not Found,Not Found,Rajkot,N/A,N/A,https://5.imimg.com/data5/SELLER/Default/2023/12/365152858/NY/KY/KN/51466513/gst-registration-and-return-filings-250x250.jpg,https://www.indiamart.com/proddetail/gst-registration-and-return-filings-24275793633.html,"Online Gst Registration And Return Filings, services"
Business Services,Gst Registration Services,gst registration services,Pan India Gst Registration Service,Entrepreneurcell India Private Limited,"₹ 2,000",/Month,9818473246,support@entrepreneurcell.com,https://entrepreneurcell.com/,Noida - Deals in Amreli,N/A,N/A,https://5.imimg.com/data5/SELLER/Default/2024/1/381654455/ZY/YM/GZ/119401383/gst-registration-service-250x250.jpg,https://www.indiamart.com/proddetail/gst-registration-service-25591208155.html,Pan India Gst Registration Service
Business Services,Gst Registration Services,gst registration services,Top 5 India GST Registration Service,Bharat Solutions,₹ 999,N/A,+91 92657 09027,tbsseoagency@gmail.com,https://thebharatsolutions.com?utm_source=chatgpt.com,New Delhi - Deals in Amreli,N/A,N/A,https://5.imimg.com/data5/SELLER/Default/2024/9/452246766/ZO/HG/KF/188877046/top-5-india-gst-registration-service-250x250.png,https://www.indiamart.com/proddetail/top-5-india-gst-registration-service-2853594025830.html,Top 5 India GST Registration Service
Business Services,Gst Registration Services,gst registration services,"Gst Registration Consultants, services",PSR Compliance,"₹ 1,000",services,+91 99989 70787,info@psrcompliance.com,https://psrcompliance.com,Noida - Deals in Amreli,N/A,N/A,https://5.imimg.com/data5/SELLER/Default/2025/3/494513821/XL/KN/SX/183276296/pan-india-gst-consultant-250x250.png,https://www.indiamart.com/proddetail/gst-registration-consultants-2852421905462.html,"Gst Registration Consultants, services"
Business Services,Gst Registration Services,gst registration services,"Gst Consultant & Services, gst registration",Power India Services,"₹ 5,000",Services,+91 98250 52782,powerindiaservices@gmail.com,https://powerindiaservices.com,New Delhi - Deals in Amreli,N/A,N/A,https://5.imimg.com/data5/SELLER/Default/2024/10/457692638/FI/DD/RD/103639368/gst-consultant-250x250.jpg,https://www.indiamart.com/proddetail/gst-consultant-services-24742741312.html,"Gst Consultant & Services, gst registration"
Business Services,Gst Registration Services,gst registration services,GST Refund Consultants Service,Vraj Consultancy,Ask Price,GST Refund Consultants Service,Not Found,Not Found,https://www.indiamart.com › vrajconsultancy › profile.html,Jetalsar,N/A,N/A,https://5.imimg.com/data5/SELLER/Default/2025/11/561077884/UH/DB/PQ/256558984/gst-refund-consultants-service-250x250.jpg,https://www.indiamart.com/proddetail/gst-refund-consultants-service-2857919536673.html,GST Refund Consultants Service
Business Services,Gst Registration Services,gst registration services,7 Days Business GST Registration Service,Sagar Korat & Associates,"₹ 1,000",/Service,Not Found,Not Found,https://www.indiamart.com › sagarkoratassociates › profile.html,Rajkot,N/A,N/A,https://5.imimg.com/data5/SELLER/Default/2022/6/DD/MD/HH/85226656/gst-registration-service-250x250.jpg,https://www.indiamart.com/proddetail/gst-registration-service-25860060088.html,7 Days Business GST Registration Service
Business Services,Gst Registration Services,gst registration services,Gst Registration Consultants Services,Dream Loan Consultancy,Ask Price,Services,+91 83758 50735,info@dreamloans.in,https://www.dreamloans.in,Rajkot,N/A,N/A,https://5.imimg.com/data5/HF/BO/MY-57796111/gst-registration-consultants-services-250x250.jpg,https://www.indiamart.com/proddetail/gst-registration-consultants-services-18469523491.html,Gst Registration Consultants Services
Business Services,Gst Registration Services,gst registration services,"Online Gst Registration And Return Filings, services",Karamveer Enterprise,"₹ 6,000",services,Not Found,Not Found,Not Found,Rajkot,N/A,N/A,https://5.imimg.com/data5/SELLER/Default/2023/12/365152858/NY/KY/KN/51466513/gst-registration-and-return-filings-250x250.jpg,https://www.indiamart.com/proddetail/gst-registration-and-return-filings-24275793633.html,"Online Gst Registration And Return Filings, services"
Business Services,Gst Registration Services,gst registration services,Pan India Gst Registration Service,Entrepreneurcell India Private Limited,"₹ 2,000",/Month,9818473246,support@entrepreneurcell.com,https://entrepreneurcell.com/,Noida - Deals in Amreli,N/A,N/A,https://5.imimg.com/data5/SELLER/Default/2024/1/381654455/ZY/YM/GZ/119401383/gst-registration-service-250x250.jpg,https://www.indiamart.com/proddetail/gst-registration-service-25591208155.html,Pan India Gst Registration Service
Business Services,Gst Registration Services,gst registration services,Top 5 India GST Registration Service,Bharat Solutions,₹ 999,N/A,+91 92657 09027,tbsseoagency@gmail.com,https://thebharatsolutions.com?utm_source=chatgpt.com,New Delhi - Deals in Amreli,N/A,N/A,https://5.imimg.com/data5/SELLER/Default/2024/9/452246766/ZO/HG/KF/188877046/top-5-india-gst-registration-service-250x250.png,https://www.indiamart.com/proddetail/top-5-india-gst-registration-service-2853594025830.html,Top 5 India GST Registration Service
Business Services,Gst Registration Services,gst registration services,"Gst Registration Consultants, services",PSR Compliance,"₹ 1,000",services,+91 99989 70787,info@psrcompliance.com,https://psrcompliance.com,Noida - Deals in Amreli,N/A,N/A,https://5.imimg.com/data5/SELLER/Default/2025/3/494513821/XL/KN/SX/183276296/pan-india-gst-consultant-250x250.png,https://www.indiamart.com/proddetail/gst-registration-consultants-2852421905462.html,"Gst Registration Consultants, services"
Business Services,Gst Registration Services,gst registration services,"Gst Consultant & Services, gst registration",Power India Services,"₹ 5,000",Services,+91 98250 52782,powerindiaservices@gmail.com,https://powerindiaservices.com,New Delhi - Deals in Amreli,N/A,N/A,https://5.imimg.com/data5/SELLER/Default/2024/10/457692638/FI/DD/RD/103639368/gst-consultant-250x250.jpg,https://www.indiamart.com/proddetail/gst-consultant-services-24742741312.html,"Gst Consultant & Services, gst registration"
Business Services,Gst Registration Services,gst registration services,GST Refund Consultants Service,Vraj Consultancy,Ask Price,GST Refund Consultants Service,Not Found,Not Found,https://www.indiamart.com › vrajconsultancy › profile.html,Jetalsar,N/A,N/A,https://5.imimg.com/data5/SELLER/Default/2025/11/561077884/UH/DB/PQ/256558984/gst-refund-consultants-service-250x250.jpg,https://www.indiamart.com/proddetail/gst-refund-consultants-service-2857919536673.html,GST Refund Consultants Service
Business Services,Gst Registration Services,gst registration services,7 Days Business GST Registration Service,Sagar Korat & Associates,"₹ 1,000",/Service,Not Found,Not Found,https://www.indiamart.com › sagarkoratassociates › profile.html,Rajkot,N/A,N/A,https://5.imimg.com/data5/SELLER/Default/2022/6/DD/MD/HH/85226656/gst-registration-service-250x250.jpg,https://www.indiamart.com/proddetail/gst-registration-service-25860060088.html,7 Days Business GST Registration Service
Business Services,Gst Registration Services,gst registration services,Gst Registration Consultants Services,Dream Loan Consultancy,Ask Price,Services,+91 83758 50735,info@dreamloans.in,https://www.dreamloans.in,Rajkot,N/A,N/A,https://5.imimg.com/data5/HF/BO/MY-57796111/gst-registration-consultants-services-250x250.jpg,https://www.indiamart.com/proddetail/gst-registration-consultants-services-18469523491.html,Gst Registration Consultants Services
Business Services,Gst Registration Services,gst registration services,"Online Gst Registration And Return Filings, services",Karamveer Enterprise,"₹ 6,000",services,Not Found,Not Found,Not Found,Rajkot,N/A,N/A,https://5.imimg.com/data5/SELLER/Default/2023/12/365152858/NY/KY/KN/51466513/gst-registration-and-return-filings-250x250.jpg,https://www.indiamart.com/proddetail/gst-registration-and-return-filings-24275793633.html,"Online Gst Registration And Return Filings, services"
Business Services,Gst Registration Services,gst registration services,Pan India Gst Registration Service,Entrepreneurcell India Private Limited,"₹ 2,000",/Month,9818473246,support@entrepreneurcell.com,https://entrepreneurcell.com/,Noida - Deals in Amreli,N/A,N/A,https://5.imimg.com/data5/SELLER/Default/2024/1/381654455/ZY/YM/GZ/119401383/gst-registration-service-250x250.jpg,https://www.indiamart.com/proddetail/gst-registration-service-25591208155.html,Pan India Gst Registration Service
Business Services,Gst Registration Services,gst registration services,Top 5 India GST Registration Service,Bharat Solutions,₹ 999,N/A,+91 92657 09027,tbsseoagency@gmail.com,https://thebharatsolutions.com?utm_source=chatgpt.com,New Delhi - Deals in Amreli,N/A,N/A,https://5.imimg.com/data5/SELLER/Default/2024/9/452246766/ZO/HG/KF/188877046/top-5-india-gst-registration-service-250x250.png,https://www.indiamart.com/proddetail/top-5-india-gst-registration-service-2853594025830.html,Top 5 India GST Registration Service
Business Services,Gst Registration Services,gst registration services,"Gst Registration Consultants, services",PSR Compliance,"₹ 1,000",services,+91 99989 70787,info@psrcompliance.com,https://psrcompliance.com,Noida - Deals in Amreli,N/A,N/A,https://5.imimg.com/data5/SELLER/Default/2025/3/494513821/XL/KN/SX/183276296/pan-india-gst-consultant-250x250.png,https://www.indiamart.com/proddetail/gst-registration-consultants-2852421905462.html,"Gst Registration Consultants, services"
Business Services,Gst Registration Services,gst registration services,"Gst Consultant & Services, gst registration",Power India Services,"₹ 5,000",Services,+91 98250 52782,powerindiaservices@gmail.com,https://powerindiaservices.com,New Delhi - Deals in Amreli,N/A,N/A,https://5.imimg.com/data5/SELLER/Default/2024/10/457692638/FI/DD/RD/103639368/gst-consultant-250x250.jpg,https://www.indiamart.com/proddetail/gst-consultant-services-24742741312.html,"Gst Consultant & Services, gst registration"
Business Services,Trademark Registration,trademark registration,Trademark Registration Service,Certifix India,"₹ 9,500",N/A,+91 76009 06612,info@certifix.in,https://www.certifix.in,Rajkot,N/A,N/A,https://5.imimg.com/data5/IOS/Default/2026/3/588896584/IH/NC/FT/239670298/product-jpeg-250x250.jpeg,https://www.indiamart.com/proddetail/trademark-registration-service-2857789592712.html,Trademark Registration Service
Business Services,Trademark Registration,trademark registration,"Logo Trademark Registration Service, Registered Period: 10 Years",Sagar Korat & Associates,"₹ 3,000",N/A,Not Found,Not Found,https://www.indiamart.com › sagarkoratassociates › profile.html,Rajkot,N/A,N/A,https://5.imimg.com/data5/SELLER/Default/2022/6/QY/TI/LE/85226656/trademark-registration-service-250x250.jpg,https://www.indiamart.com/proddetail/trademark-registration-service-25856373073.html,"Logo Trademark Registration Service, Registered Period: 10 Years"
Business Services,Trademark Registration,trademark registration,Trademark Registration Services,Power India Services,"₹ 8,000",Power India Services,+91 98250 52782,powerindiaservices@gmail.com,https://powerindiaservices.com,New Delhi - Deals in Amreli,N/A,N/A,https://5.imimg.com/data5/SELLER/Default/2023/4/301278262/IO/BV/HK/103639368/trademark-registration-services-250x250.jpg,https://www.indiamart.com/proddetail/trademark-registration-services-23509972712.html,Trademark Registration Services
Business Services,Trademark Registration,trademark registration,"Trademark Registration Service, Registered Period: 20 Days",Entrepreneurcell India Private Limited,"₹ 7,500",N/A,9818473246,support@entrepreneurcell.com,https://entrepreneurcell.com/,Noida - Deals in Amreli,N/A,N/A,https://5.imimg.com/data5/SELLER/Default/2024/1/381662636/ST/BZ/AK/119401383/trademark-registration-service-250x250.jpg,https://www.indiamart.com/proddetail/trademark-registration-service-23611881830.html,"Trademark Registration Service, Registered Period: 20 Days"
Business Services,Trademark Registration,trademark registration,Trademark Registration,H V Shah & Company,Ask Price,N/A,+91 99745 33898,Contact Form Available,https://www.hvshahcompany.com,Ahmedabad,N/A,N/A,https://5.imimg.com/data5/SELLER/Default/2021/4/NI/GT/FC/22046360/trademark-registration-250x250.jpg,https://www.indiamart.com/proddetail/trademark-registration-22373193188.html,Trademark Registration
Business Services,Trademark Registration,trademark registration,Trademark Registration Service,Bharatedge Services Private Limited,Ask Price,Bharatedge Services Private Limited,+91 99980 06734,support@bharat-edge.com,https://bharat-edge.com/?utm_source=chatgpt.com,Ahmedabad,N/A,N/A,https://5.imimg.com/data5/SELLER/Default/2026/2/580590346/CL/TY/XY/236003572/trademark-registration-consultancy-services-250x250.png,https://www.indiamart.com/proddetail/trademark-registration-service-2858745045255.html,Trademark Registration Service
Business Services,Trademark Registration,trademark registration,Trademark Registration Service In Ahmedabad,Legalwiz.in Private Limited,Ask Price,N/A,+91 89806 85509,support@legalwiz.in,https://www.legalwiz.in,Ahmedabad,N/A,N/A,https://5.imimg.com/data5/SELLER/Default/2025/6/519109897/LT/ZK/RF/29844672/banners-of-india-mart-2-page-0011-250x250.jpg,https://www.indiamart.com/proddetail/trademark-registration-service-in-ahmedabad-2856739386762.html,Trademark Registration Service In Ahmedabad
Business Services,Trademark Registration,trademark registration,Trademark Registration Service,Finaccle Advisory Private Limited,Ask Price,N/A,084602 75778,cajssj.co@gmail.com,https://www.finaccle.in/,Surat,N/A,N/A,https://5.imimg.com/data5/SELLER/Default/2021/7/PK/EG/IV/130657537/trademark-registration-service-250x250.jpg,https://www.indiamart.com/proddetail/trademark-registration-service-23509008848.html,Trademark Registration Service
Business Services,Trademark Registration,trademark registration,Word Trademark Registration Service,Dwadashangi Advisory LLP,"₹ 15,000",N/A,Not Found,dwadashangillp@gmail.com,Website Not Found,Ahmedabad,N/A,N/A,https://5.imimg.com/data5/SELLER/Default/2022/5/EK/AT/AF/82875732/trademark-registration-service-250x250.jpg,https://www.indiamart.com/proddetail/trademark-registration-service-25598879991.html,Word Trademark Registration Service
Business Services,Trademark Registration,trademark registration,Trade Mark Registration Services,World Web Infotech,Ask Price,N/A,095588 45967,Not Found,https://worldwebinfotech.in,Ahmedabad,N/A,N/A,https://5.imimg.com/data5/SELLER/Default/2026/2/580385393/QH/RO/QA/11676916/trade-mark-registration-services-250x250.png,https://www.indiamart.com/proddetail/trade-mark-registration-services-2858740978248.html,Trade Mark Registration Services
Business Services,Trademark Registration,trademark registration,Trade Mark Registration Services,The Ahmedabad Corporate,"₹ 2,000",N/A,Not Found,Not Found,https://www.indiamart.com › theahmedabadcorporate › profile.html,Wadhwan,N/A,N/A,https://5.imimg.com/data5/SELLER/Default/2026/1/579045161/ZZ/QA/SY/133637816/trademarks-services-250x250.jpeg,https://www.indiamart.com/proddetail/trade-mark-registration-services-2858665294230.html,Trade Mark Registration Services
Business Services,Trademark Registration,trademark registration,Trademark Registration Service In Ahmedabad,Gurshan Enterprises Private Limited,"₹ 15,000",N/A,+91 9933587711,info@gurshent.com,https://gurshent.com/,Ahmedabad,N/A,N/A,https://5.imimg.com/data5/SELLER/Default/2024/3/401500318/DU/OH/JT/216729455/trademark-registration-service-250x250.jpg,https://www.indiamart.com/proddetail/trademark-registration-service-in-ahmedabad-2853669461673.html,Trademark Registration Service In Ahmedabad
Business Services,Trademark Registration,trademark registration,Trademark Registration Service,The Gem Partners,Ask Price,N/A,076987 85819,Not Found,http://thegempartners.com,Ahmedabad,N/A,N/A,https://5.imimg.com/data5/SELLER/Default/2023/12/372020232/DS/LM/HI/121277402/trademark-registration-service-250x250.jpg,https://www.indiamart.com/proddetail/trademark-registration-service-2853133480612.html,Trademark Registration Service
Business Services,Trademark Registration,trademark registration,Trademark Registration Service,Certifix India,"₹ 9,500",N/A,+91 76009 06612,info@certifix.in,https://www.certifix.in,Rajkot,N/A,N/A,https://5.imimg.com/data5/IOS/Default/2026/3/588896584/IH/NC/FT/239670298/product-jpeg-250x250.jpeg,https://www.indiamart.com/proddetail/trademark-registration-service-2857789592712.html,Trademark Registration Service
Business Services,Trademark Registration,trademark registration,"Logo Trademark Registration Service, Registered Period: 10 Years",Sagar Korat & Associates,"₹ 3,000",N/A,Not Found,Not Found,https://www.indiamart.com › sagarkoratassociates › profile.html,Rajkot,N/A,N/A,https://5.imimg.com/data5/SELLER/Default/2022/6/QY/TI/LE/85226656/trademark-registration-service-250x250.jpg,https://www.indiamart.com/proddetail/trademark-registration-service-25856373073.html,"Logo Trademark Registration Service, Registered Period: 10 Years"
Business Services,Trademark Registration,trademark registration,Trademark Registration Services,Power India Services,"₹ 8,000",Power India Services,+91 98250 52782,powerindiaservices@gmail.com,https://powerindiaservices.com,New Delhi - Deals in Amreli,N/A,N/A,https://5.imimg.com/data5/SELLER/Default/2023/4/301278262/IO/BV/HK/103639368/trademark-registration-services-250x250.jpg,https://www.indiamart.com/proddetail/trademark-registration-services-23509972712.html,Trademark Registration Services
Business Services,Trademark Registration,trademark registration,"Trademark Registration Service, Registered Period: 20 Days",Entrepreneurcell India Private Limited,"₹ 7,500",N/A,9818473246,support@entrepreneurcell.com,https://entrepreneurcell.com/,Noida - Deals in Amreli,N/A,N/A,https://5.imimg.com/data5/SELLER/Default/2024/1/381662636/ST/BZ/AK/119401383/trademark-registration-service-250x250.jpg,https://www.indiamart.com/proddetail/trademark-registration-service-23611881830.html,"Trademark Registration Service, Registered Period: 20 Days"
Business Services,Trademark Registration,trademark registration,Trademark Registration,H V Shah & Company,Ask Price,N/A,+91 99745 33898,Contact Form Available,https://www.hvshahcompany.com,Ahmedabad,N/A,N/A,https://5.imimg.com/data5/SELLER/Default/2021/4/NI/GT/FC/22046360/trademark-registration-250x250.jpg,https://www.indiamart.com/proddetail/trademark-registration-22373193188.html,Trademark Registration
Business Services,Trademark Registration,trademark registration,Trademark Registration Service,Bharatedge Services Private Limited,Ask Price,Bharatedge Services Private Limited,+91 99980 06734,support@bharat-edge.com,https://bharat-edge.com/?utm_source=chatgpt.com,Ahmedabad,N/A,N/A,https://5.imimg.com/data5/SELLER/Default/2026/2/580590346/CL/TY/XY/236003572/trademark-registration-consultancy-services-250x250.png,https://www.indiamart.com/proddetail/trademark-registration-service-2858745045255.html,Trademark Registration Service
Business Services,Trademark Registration,trademark registration,Trademark Registration Service In Ahmedabad,Legalwiz.in Private Limited,Ask Price,N/A,+91 89806 85509,support@legalwiz.in,https://www.legalwiz.in,Ahmedabad,N/A,N/A,https://5.imimg.com/data5/SELLER/Default/2025/6/519109897/LT/ZK/RF/29844672/banners-of-india-mart-2-page-0011-250x250.jpg,https://www.indiamart.com/proddetail/trademark-registration-service-in-ahmedabad-2856739386762.html,Trademark Registration Service In Ahmedabad
Business Services,Trademark Registration,trademark registration,Trademark Registration Service,Finaccle Advisory Private Limited,Ask Price,N/A,084602 75778,cajssj.co@gmail.com,https://www.finaccle.in/,Surat,N/A,N/A,https://5.imimg.com/data5/SELLER/Default/2021/7/PK/EG/IV/130657537/trademark-registration-service-250x250.jpg,https://www.indiamart.com/proddetail/trademark-registration-service-23509008848.html,Trademark Registration Service
Business Services,Trademark Registration,trademark registration,Word Trademark Registration Service,Dwadashangi Advisory LLP,"₹ 15,000",N/A,Not Found,dwadashangillp@gmail.com,Website Not Found,Ahmedabad,N/A,N/A,https://5.imimg.com/data5/SELLER/Default/2022/5/EK/AT/AF/82875732/trademark-registration-service-250x250.jpg,https://www.indiamart.com/proddetail/trademark-registration-service-25598879991.html,Word Trademark Registration Service
Business Services,Trademark Registration,trademark registration,Trade Mark Registration Services,World Web Infotech,Ask Price,N/A,095588 45967,Not Found,https://worldwebinfotech.in,Ahmedabad,N/A,N/A,https://5.imimg.com/data5/SELLER/Default/2026/2/580385393/QH/RO/QA/11676916/trade-mark-registration-services-250x250.png,https://www.indiamart.com/proddetail/trade-mark-registration-services-2858740978248.html,Trade Mark Registration Services
Business Services,Trademark Registration,trademark registration,Trade Mark Registration Services,The Ahmedabad Corporate,"₹ 2,000",N/A,Not Found,Not Found,https://www.indiamart.com › theahmedabadcorporate › profile.html,Wadhwan,N/A,N/A,https://5.imimg.com/data5/SELLER/Default/2026/1/579045161/ZZ/QA/SY/133637816/trademarks-services-250x250.jpeg,https://www.indiamart.com/proddetail/trade-mark-registration-services-2858665294230.html,Trade Mark Registration Services
Business Services,Trademark Registration,trademark registration,Trademark Registration Service In Ahmedabad,Gurshan Enterprises Private Limited,"₹ 15,000",N/A,+91 9933587711,info@gurshent.com,https://gurshent.com/,Ahmedabad,N/A,N/A,https://5.imimg.com/data5/SELLER/Default/2024/3/401500318/DU/OH/JT/216729455/trademark-registration-service-250x250.jpg,https://www.indiamart.com/proddetail/trademark-registration-service-in-ahmedabad-2853669461673.html,Trademark Registration Service In Ahmedabad
Business Services,Trademark Registration,trademark registration,Trademark Registration Service,The Gem Partners,Ask Price,N/A,076987 85819,Not Found,http://thegempartners.com,Ahmedabad,N/A,N/A,https://5.imimg.com/data5/SELLER/Default/2023/12/372020232/DS/LM/HI/121277402/trademark-registration-service-250x250.jpg,https://www.indiamart.com/proddetail/trademark-registration-service-2853133480612.html,Trademark Registration Service
Business Services,Trademark Registration,trademark registration,Trademark Registration Service,Certifix India,"₹ 9,500",N/A,+91 76009 06612,info@certifix.in,https://www.certifix.in,Rajkot,N/A,N/A,https://5.imimg.com/data5/IOS/Default/2026/3/588896584/IH/NC/FT/239670298/product-jpeg-250x250.jpeg,https://www.indiamart.com/proddetail/trademark-registration-service-2857789592712.html,Trademark Registration Service
Business Services,Trademark Registration,trademark registration,"Logo Trademark Registration Service, Registered Period: 10 Years",Sagar Korat & Associates,"₹ 3,000",N/A,Not Found,Not Found,https://www.indiamart.com › sagarkoratassociates › profile.html,Rajkot,N/A,N/A,https://5.imimg.com/data5/SELLER/Default/2022/6/QY/TI/LE/85226656/trademark-registration-service-250x250.jpg,https://www.indiamart.com/proddetail/trademark-registration-service-25856373073.html,"Logo Trademark Registration Service, Registered Period: 10 Years"
Business Services,Trademark Registration,trademark registration,Trademark Registration Services,Power India Services,"₹ 8,000",Power India Services,+91 98250 52782,powerindiaservices@gmail.com,https://powerindiaservices.com,New Delhi - Deals in Amreli,N/A,N/A,https://5.imimg.com/data5/SELLER/Default/2023/4/301278262/IO/BV/HK/103639368/trademark-registration-services-250x250.jpg,https://www.indiamart.com/proddetail/trademark-registration-services-23509972712.html,Trademark Registration Services
Business Services,Trademark Registration,trademark registration,"Trademark Registration Service, Registered Period: 20 Days",Entrepreneurcell India Private Limited,"₹ 7,500",N/A,9818473246,support@entrepreneurcell.com,https://entrepreneurcell.com/,Noida - Deals in Amreli,N/A,N/A,https://5.imimg.com/data5/SELLER/Default/2024/1/381662636/ST/BZ/AK/119401383/trademark-registration-service-250x250.jpg,https://www.indiamart.com/proddetail/trademark-registration-service-23611881830.html,"Trademark Registration Service, Registered Period: 20 Days"
Business Services,Trademark Registration,trademark registration,Trademark Registration,H V Shah & Company,Ask Price,N/A,+91 99745 33898,Contact Form Available,https://www.hvshahcompany.com,Ahmedabad,N/A,N/A,https://5.imimg.com/data5/SELLER/Default/2021/4/NI/GT/FC/22046360/trademark-registration-250x250.jpg,https://www.indiamart.com/proddetail/trademark-registration-22373193188.html,Trademark Registration
Business Services,Trademark Registration,trademark registration,Trademark Registration Service,Bharatedge Services Private Limited,Ask Price,Bharatedge Services Private Limited,+91 99980 06734,support@bharat-edge.com,https://bharat-edge.com/?utm_source=chatgpt.com,Ahmedabad,N/A,N/A,https://5.imimg.com/data5/SELLER/Default/2026/2/580590346/CL/TY/XY/236003572/trademark-registration-consultancy-services-250x250.png,https://www.indiamart.com/proddetail/trademark-registration-service-2858745045255.html,Trademark Registration Service
Business Services,Trademark Registration,trademark registration,Trademark Registration Service In Ahmedabad,Legalwiz.in Private Limited,Ask Price,N/A,+91 89806 85509,support@legalwiz.in,https://www.legalwiz.in,Ahmedabad,N/A,N/A,https://5.imimg.com/data5/SELLER/Default/2025/6/519109897/LT/ZK/RF/29844672/banners-of-india-mart-2-page-0011-250x250.jpg,https://www.indiamart.com/proddetail/trademark-registration-service-in-ahmedabad-2856739386762.html,Trademark Registration Service In Ahmedabad
Business Services,Trademark Registration,trademark registration,Trademark Registration Service,Finaccle Advisory Private Limited,Ask Price,N/A,084602 75778,cajssj.co@gmail.com,https://www.finaccle.in/,Surat,N/A,N/A,https://5.imimg.com/data5/SELLER/Default/2021/7/PK/EG/IV/130657537/trademark-registration-service-250x250.jpg,https://www.indiamart.com/proddetail/trademark-registration-service-23509008848.html,Trademark Registration Service
Business Services,Trademark Registration,trademark registration,Word Trademark Registration Service,Dwadashangi Advisory LLP,"₹ 15,000",N/A,Not Found,dwadashangillp@gmail.com,Website Not Found,Ahmedabad,N/A,N/A,https://5.imimg.com/data5/SELLER/Default/2022/5/EK/AT/AF/82875732/trademark-registration-service-250x250.jpg,https://www.indiamart.com/proddetail/trademark-registration-service-25598879991.html,Word Trademark Registration Service
Business Services,Trademark Registration,trademark registration,Trade Mark Registration Services,World Web Infotech,Ask Price,N/A,095588 45967,Not Found,https://worldwebinfotech.in,Ahmedabad,N/A,N/A,https://5.imimg.com/data5/SELLER/Default/2026/2/580385393/QH/RO/QA/11676916/trade-mark-registration-services-250x250.png,https://www.indiamart.com/proddetail/trade-mark-registration-services-2858740978248.html,Trade Mark Registration Services
Business Services,Trademark Registration,trademark registration,Trade Mark Registration Services,The Ahmedabad Corporate,"₹ 2,000",N/A,Not Found,Not Found,https://www.indiamart.com › theahmedabadcorporate › profile.html,Wadhwan,N/A,N/A,https://5.imimg.com/data5/SELLER/Default/2026/1/579045161/ZZ/QA/SY/133637816/trademarks-services-250x250.jpeg,https://www.indiamart.com/proddetail/trade-mark-registration-services-2858665294230.html,Trade Mark Registration Services
Business Services,Trademark Registration,trademark registration,Trademark Registration Service In Ahmedabad,Gurshan Enterprises Private Limited,"₹ 15,000",N/A,+91 9933587711,info@gurshent.com,https://gurshent.com/,Ahmedabad,N/A,N/A,https://5.imimg.com/data5/SELLER/Default/2024/3/401500318/DU/OH/JT/216729455/trademark-registration-service-250x250.jpg,https://www.indiamart.com/proddetail/trademark-registration-service-in-ahmedabad-2853669461673.html,Trademark Registration Service In Ahmedabad
Business Services,Trademark Registration,trademark registration,Trademark Registration Service,The Gem Partners,Ask Price,N/A,076987 85819,Not Found,http://thegempartners.com,Ahmedabad,N/A,N/A,https://5.imimg.com/data5/SELLER/Default/2023/12/372020232/DS/LM/HI/121277402/trademark-registration-service-250x250.jpg,https://www.indiamart.com/proddetail/trademark-registration-service-2853133480612.html,Trademark Registration Service
Business Services,Trademark Registration,trademark registration,Trademark Registration Service,Certifix India,"₹ 9,500",N/A,+91 76009 06612,info@certifix.in,https://www.certifix.in,Rajkot,N/A,N/A,https://5.imimg.com/data5/IOS/Default/2026/3/588896584/IH/NC/FT/239670298/product-jpeg-250x250.jpeg,https://www.indiamart.com/proddetail/trademark-registration-service-2857789592712.html,Trademark Registration Service
Business Services,Trademark Registration,trademark registration,"Logo Trademark Registration Service, Registered Period: 10 Years",Sagar Korat & Associates,"₹ 3,000",N/A,Not Found,Not Found,https://www.indiamart.com › sagarkoratassociates › profile.html,Rajkot,N/A,N/A,https://5.imimg.com/data5/SELLER/Default/2022/6/QY/TI/LE/85226656/trademark-registration-service-250x250.jpg,https://www.indiamart.com/proddetail/trademark-registration-service-25856373073.html,"Logo Trademark Registration Service, Registered Period: 10 Years"
Business Services,Trademark Registration,trademark registration,Trademark Registration Services,Power India Services,"₹ 8,000",Power India Services,+91 98250 52782,powerindiaservices@gmail.com,https://powerindiaservices.com,New Delhi - Deals in Amreli,N/A,N/A,https://5.imimg.com/data5/SELLER/Default/2023/4/301278262/IO/BV/HK/103639368/trademark-registration-services-250x250.jpg,https://www.indiamart.com/proddetail/trademark-registration-services-23509972712.html,Trademark Registration Services
Business Services,Trademark Registration,trademark registration,"Trademark Registration Service, Registered Period: 20 Days",Entrepreneurcell India Private Limited,"₹ 7,500",N/A,9818473246,support@entrepreneurcell.com,https://entrepreneurcell.com/,Noida - Deals in Amreli,N/A,N/A,https://5.imimg.com/data5/SELLER/Default/2024/1/381662636/ST/BZ/AK/119401383/trademark-registration-service-250x250.jpg,https://www.indiamart.com/proddetail/trademark-registration-service-23611881830.html,"Trademark Registration Service, Registered Period: 20 Days"
Business Services,Trademark Registration,trademark registration,Trademark Registration,H V Shah & Company,Ask Price,N/A,+91 99745 33898,Contact Form Available,https://www.hvshahcompany.com,Ahmedabad,N/A,N/A,https://5.imimg.com/data5/SELLER/Default/2021/4/NI/GT/FC/22046360/trademark-registration-250x250.jpg,https://www.indiamart.com/proddetail/trademark-registration-22373193188.html,Trademark Registration
Business Services,Trademark Registration,trademark registration,Trademark Registration Service,Bharatedge Services Private Limited,Ask Price,Bharatedge Services Private Limited,+91 99980 06734,support@bharat-edge.com,https://bharat-edge.com/?utm_source=chatgpt.com,Ahmedabad,N/A,N/A,https://5.imimg.com/data5/SELLER/Default/2026/2/580590346/CL/TY/XY/236003572/trademark-registration-consultancy-services-250x250.png,https://www.indiamart.com/proddetail/trademark-registration-service-2858745045255.html,Trademark Registration Service
Business Services,Trademark Registration,trademark registration,Trademark Registration Service In Ahmedabad,Legalwiz.in Private Limited,Ask Price,N/A,+91 89806 85509,support@legalwiz.in,https://www.legalwiz.in,Ahmedabad,N/A,N/A,https://5.imimg.com/data5/SELLER/Default/2025/6/519109897/LT/ZK/RF/29844672/banners-of-india-mart-2-page-0011-250x250.jpg,https://www.indiamart.com/proddetail/trademark-registration-service-in-ahmedabad-2856739386762.html,Trademark Registration Service In Ahmedabad
Business Services,Trademark Registration,trademark registration,Trademark Registration Service,Finaccle Advisory Private Limited,Ask Price,N/A,084602 75778,cajssj.co@gmail.com,https://www.finaccle.in/,Surat,N/A,N/A,https://5.imimg.com/data5/SELLER/Default/2021/7/PK/EG/IV/130657537/trademark-registration-service-250x250.jpg,https://www.indiamart.com/proddetail/trademark-registration-service-23509008848.html,Trademark Registration Service
Business Services,Trademark Registration,trademark registration,Word Trademark Registration Service,Dwadashangi Advisory LLP,"₹ 15,000",N/A,Not Found,dwadashangillp@gmail.com,Website Not Found,Ahmedabad,N/A,N/A,https://5.imimg.com/data5/SELLER/Default/2022/5/EK/AT/AF/82875732/trademark-registration-service-250x250.jpg,https://www.indiamart.com/proddetail/trademark-registration-service-25598879991.html,Word Trademark Registration Service
Business Services,Trademark Registration,trademark registration,Trade Mark Registration Services,World Web Infotech,Ask Price,N/A,095588 45967,Not Found,https://worldwebinfotech.in,Ahmedabad,N/A,N/A,https://5.imimg.com/data5/SELLER/Default/2026/2/580385393/QH/RO/QA/11676916/trade-mark-registration-services-250x250.png,https://www.indiamart.com/proddetail/trade-mark-registration-services-2858740978248.html,Trade Mark Registration Services
Business Services,Trademark Registration,trademark registration,Trade Mark Registration Services,The Ahmedabad Corporate,"₹ 2,000",N/A,Not Found,Not Found,https://www.indiamart.com › theahmedabadcorporate › profile.html,Wadhwan,N/A,N/A,https://5.imimg.com/data5/SELLER/Default/2026/1/579045161/ZZ/QA/SY/133637816/trademarks-services-250x250.jpeg,https://www.indiamart.com/proddetail/trade-mark-registration-services-2858665294230.html,Trade Mark Registration Services
Business Services,Trademark Registration,trademark registration,Trademark Registration Service In Ahmedabad,Gurshan Enterprises Private Limited,"₹ 15,000",N/A,+91 9933587711,info@gurshent.com,https://gurshent.com/,Ahmedabad,N/A,N/A,https://5.imimg.com/data5/SELLER/Default/2024/3/401500318/DU/OH/JT/216729455/trademark-registration-service-250x250.jpg,https://www.indiamart.com/proddetail/trademark-registration-service-in-ahmedabad-2853669461673.html,Trademark Registration Service In Ahmedabad
Business Services,Trademark Registration,trademark registration,Trademark Registration Service,The Gem Partners,Ask Price,N/A,076987 85819,Not Found,http://thegempartners.com,Ahmedabad,N/A,N/A,https://5.imimg.com/data5/SELLER/Default/2023/12/372020232/DS/LM/HI/121277402/trademark-registration-service-250x250.jpg,https://www.indiamart.com/proddetail/trademark-registration-service-2853133480612.html,Trademark Registration Service
Business Services,Trademark Registration,trademark registration,Trademark Registration Service,Certifix India,"₹ 9,500",N/A,+91 76009 06612,info@certifix.in,https://www.certifix.in,Rajkot,N/A,N/A,https://5.imimg.com/data5/IOS/Default/2026/3/588896584/IH/NC/FT/239670298/product-jpeg-250x250.jpeg,https://www.indiamart.com/proddetail/trademark-registration-service-2857789592712.html,Trademark Registration Service
Business Services,Trademark Registration,trademark registration,"Logo Trademark Registration Service, Registered Period: 10 Years",Sagar Korat & Associates,"₹ 3,000",N/A,Not Found,Not Found,https://www.indiamart.com › sagarkoratassociates › profile.html,Rajkot,N/A,N/A,https://5.imimg.com/data5/SELLER/Default/2022/6/QY/TI/LE/85226656/trademark-registration-service-250x250.jpg,https://www.indiamart.com/proddetail/trademark-registration-service-25856373073.html,"Logo Trademark Registration Service, Registered Period: 10 Years"
Business Services,Trademark Registration,trademark registration,Trademark Registration Services,Power India Services,"₹ 8,000",Power India Services,+91 98250 52782,powerindiaservices@gmail.com,https://powerindiaservices.com,New Delhi - Deals in Amreli,N/A,N/A,https://5.imimg.com/data5/SELLER/Default/2023/4/301278262/IO/BV/HK/103639368/trademark-registration-services-250x250.jpg,https://www.indiamart.com/proddetail/trademark-registration-services-23509972712.html,Trademark Registration Services
Business Services,Trademark Registration,trademark registration,"Trademark Registration Service, Registered Period: 20 Days",Entrepreneurcell India Private Limited,"₹ 7,500",N/A,9818473246,support@entrepreneurcell.com,https://entrepreneurcell.com/,Noida - Deals in Amreli,N/A,N/A,https://5.imimg.com/data5/SELLER/Default/2024/1/381662636/ST/BZ/AK/119401383/trademark-registration-service-250x250.jpg,https://www.indiamart.com/proddetail/trademark-registration-service-23611881830.html,"Trademark Registration Service, Registered Period: 20 Days"
Business Services,Trademark Registration,trademark registration,Trademark Registration,H V Shah & Company,Ask Price,N/A,+91 99745 33898,Contact Form Available,https://www.hvshahcompany.com,Ahmedabad,N/A,N/A,https://5.imimg.com/data5/SELLER/Default/2021/4/NI/GT/FC/22046360/trademark-registration-250x250.jpg,https://www.indiamart.com/proddetail/trademark-registration-22373193188.html,Trademark Registration
Business Services,Trademark Registration,trademark registration,Trademark Registration Service,Bharatedge Services Private Limited,Ask Price,Bharatedge Services Private Limited,+91 99980 06734,support@bharat-edge.com,https://bharat-edge.com/?utm_source=chatgpt.com,Ahmedabad,N/A,N/A,https://5.imimg.com/data5/SELLER/Default/2026/2/580590346/CL/TY/XY/236003572/trademark-registration-consultancy-services-250x250.png,https://www.indiamart.com/proddetail/trademark-registration-service-2858745045255.html,Trademark Registration Service
Business Services,Trademark Registration,trademark registration,Trademark Registration Service In Ahmedabad,Legalwiz.in Private Limited,Ask Price,N/A,+91 89806 85509,support@legalwiz.in,https://www.legalwiz.in,Ahmedabad,N/A,N/A,https://5.imimg.com/data5/SELLER/Default/2025/6/519109897/LT/ZK/RF/29844672/banners-of-india-mart-2-page-0011-250x250.jpg,https://www.indiamart.com/proddetail/trademark-registration-service-in-ahmedabad-2856739386762.html,Trademark Registration Service In Ahmedabad
Business Services,Trademark Registration,trademark registration,Trademark Registration Service,Finaccle Advisory Private Limited,Ask Price,N/A,084602 75778,cajssj.co@gmail.com,https://www.finaccle.in/,Surat,N/A,N/A,https://5.imimg.com/data5/SELLER/Default/2021/7/PK/EG/IV/130657537/trademark-registration-service-250x250.jpg,https://www.indiamart.com/proddetail/trademark-registration-service-23509008848.html,Trademark Registration Service
Business Services,Trademark Registration,trademark registration,Word Trademark Registration Service,Dwadashangi Advisory LLP,"₹ 15,000",N/A,Not Found,dwadashangillp@gmail.com,Website Not Found,Ahmedabad,N/A,N/A,https://5.imimg.com/data5/SELLER/Default/2022/5/EK/AT/AF/82875732/trademark-registration-service-250x250.jpg,https://www.indiamart.com/proddetail/trademark-registration-service-25598879991.html,Word Trademark Registration Service
Business Services,Trademark Registration,trademark registration,Trade Mark Registration Services,World Web Infotech,Ask Price,N/A,095588 45967,Not Found,https://worldwebinfotech.in,Ahmedabad,N/A,N/A,https://5.imimg.com/data5/SELLER/Default/2026/2/580385393/QH/RO/QA/11676916/trade-mark-registration-services-250x250.png,https://www.indiamart.com/proddetail/trade-mark-registration-services-2858740978248.html,Trade Mark Registration Services
Business Services,Trademark Registration,trademark registration,Trade Mark Registration Services,The Ahmedabad Corporate,"₹ 2,000",N/A,Not Found,Not Found,https://www.indiamart.com › theahmedabadcorporate › profile.html,Wadhwan,N/A,N/A,https://5.imimg.com/data5/SELLER/Default/2026/1/579045161/ZZ/QA/SY/133637816/trademarks-services-250x250.jpeg,https://www.indiamart.com/proddetail/trade-mark-registration-services-2858665294230.html,Trade Mark Registration Services
Business Services,Trademark Registration,trademark registration,Trademark Registration Service In Ahmedabad,Gurshan Enterprises Private Limited,"₹ 15,000",N/A,Not Found,Not Found,https://gurshent.com/,Ahmedabad,N/A,N/A,https://5.imimg.com/data5/SELLER/Default/2024/3/401500318/DU/OH/JT/216729455/trademark-registration-service-250x250.jpg,https://www.indiamart.com/proddetail/trademark-registration-service-in-ahmedabad-2853669461673.html,Trademark Registration Service In Ahmedabad
Business Services,Trademark Registration,trademark registration,Trademark Registration Service,The Gem Partners,Ask Price,N/A,076987 85819,Not Found,http://thegempartners.com,Ahmedabad,N/A,N/A,https://5.imimg.com/data5/SELLER/Default/2023/12/372020232/DS/LM/HI/121277402/trademark-registration-service-250x250.jpg,https://www.indiamart.com/proddetail/trademark-registration-service-2853133480612.html,Trademark Registration Service
Business Services,Legal Consultancy,legal consultancy,Legal Consultants,Sadhna Enterprises,Ask Price,N/A,Not Found,Not Found,https://www.indiamart.com › proddetail,New Delhi,N/A,N/A,https://5.imimg.com/data5/SELLER/Default/2026/4/601341941/TO/WI/XH/30508432/legal-consultants-250x250.jpg,https://www.indiamart.com/proddetail/legal-consultants-2858927371597.html,GST Email Mobile Member: 9 yrs
Business Services,Legal Consultancy,legal consultancy,Legal Consultant Service,Saya Legal Association,Ask Price,N/A,Not Found,Not Found,https://www.indiamart.com › saya-legal-association › profile.html,Palwal,N/A,N/A,https://5.imimg.com/data5/SELLER/Default/2025/7/524168970/TR/FB/CO/244965380/court-representation-services-250x250.jpeg,https://www.indiamart.com/proddetail/legal-consultant-service-2856860016073.html,Legal Consultant Service
Business Services,Legal Consultancy,legal consultancy,Legal Consultant Service,Vighnahar Enteprises,"₹ 10,000",N/A,Not Found,Not Found,https://www.indiamart.com › vighnahar-enteprises › profile.html,Pimpri Chinchwad,N/A,N/A,https://5.imimg.com/data5/SELLER/Default/2024/4/408486434/EB/EK/TI/47325994/legal-consultant-service-250x250.jpg,https://www.indiamart.com/proddetail/legal-consultant-service-2850747640230.html,Legal Consultant Service
Business Services,Legal Consultancy,legal consultancy,Legal Advisor Service,Om Garuda Technology Private Limited,"₹ 5,000",N/A,+91 99099 96006,info@omgaruda.com,https://omgaruda.com,New Delhi,N/A,N/A,https://5.imimg.com/data5/SELLER/Default/2021/12/GS/XS/OU/69441772/legal-advisor-service-250x250.png,https://www.indiamart.com/proddetail/legal-advisor-service-24299141991.html,Legal Advisor Service
Business Services,Legal Consultancy,legal consultancy,Corporate Legal Advisor,Nimbus Certifications,"₹ 5,000",N/A,+91 97243 54488,info@nimbuscertifications.com,https://www.nimbuscertifications.com,Chennai,N/A,N/A,https://5.imimg.com/data5/SELLER/Default/2024/8/441274955/FU/MN/YW/19727152/corporate-legal-advisor-250x250.jpeg,https://www.indiamart.com/proddetail/corporate-legal-advisor-2854612620862.html,Corporate Legal Advisor
Business Services,Legal Consultancy,legal consultancy,Legal Advisory Services,Unique Surgicare,Ask Price,N/A,8047660215,Not Found,https://www.uniquesurgicare.com,New Delhi,N/A,N/A,https://5.imimg.com/data5/SELLER/Default/2026/4/597670110/YK/MB/UJ/95455407/legal-advisory-services-250x250.jpeg,https://www.indiamart.com/proddetail/legal-advisory-services-2859054688133.html,Legal Advisory Services
Business Services,Legal Consultancy,legal consultancy,Company Matter Legal Consultants Services,Dr. Taxes,Ask Price,N/A,+91 11 4059 0093,admin@drtaxes.in,https://www.drtaxes.in,New Delhi,N/A,N/A,https://5.imimg.com/data5/SELLER/Default/2025/3/497514481/UH/CX/PR/65034436/family-matter-legal-consultants-services-250x250.jpg,https://www.indiamart.com/proddetail/company-matter-legal-consultants-services-2856238335191.html,Company Matter Legal Consultants Services
Business Services,Legal Consultancy,legal consultancy,Legal Consultant Service,Barnwal & Barnwal Co.,"₹ 2,000",N/A,9152922607,barnwalbarnwalco@gmail.com, http://www.barnwalco.com,Kolkata,N/A,N/A,https://5.imimg.com/data5/SELLER/Default/2024/7/435597647/DK/XS/ZD/189896727/legal-notice-services-250x250.jpg,https://www.indiamart.com/proddetail/legal-consultant-service-2854799317873.html,Legal Consultant Service
Business Services,Legal Consultancy,legal consultancy,Corporate Law Advisory Service,SMK Corporate Advisor Private Limited,Ask Price,Corporate Law Advisory Service,Not Found,Not Found,https://www.indiamart.com › smkcorporateadvisor › profile.html,Pune,N/A,N/A,https://5.imimg.com/data5/SELLER/Default/2026/2/586303017/IK/LM/EW/145387424/legal-consultants-250x250.jpg,https://www.indiamart.com/proddetail/corporate-law-advisory-service-25662058191.html,Corporate Law Advisory Service
Business Services,Legal Consultancy,legal consultancy,Revenue Intelligence Lawyer Services,Fetes & Feasts Event Studio Private Limited,Ask Price,Revenue Intelligence Lawyer Services,9558173111,info@efestoevents.in,http://efestoevents.in/,Noida,N/A,N/A,https://5.imimg.com/data5/SELLER/Default/2025/8/540580527/KA/HX/SZ/32469248/lawyer-for-revenue-intelligence-250x250.jpg,https://www.indiamart.com/proddetail/revenue-intelligence-lawyer-services-2857388541130.html,Revenue Intelligence Lawyer Services
Business Services,Legal Consultancy,legal consultancy,"Anticipatory Bail Lawyer In Delhi, consultancy, legal",Rishika Group Of Solutions,₹ 500,N/A,7740000635,info@rishikabuilders.com,https://rishikabuilders.com/,New Delhi,N/A,N/A,https://5.imimg.com/data5/SELLER/Default/2023/4/303134371/LC/JO/FT/61651968/lawyer-for-bail-criminal-cases-250x250.jpg,https://www.indiamart.com/proddetail/anticipatory-bail-lawyer-in-delhi-2850947969773.html,"Anticipatory Bail Lawyer In Delhi, consultancy, legal"
Business Services,Legal Consultancy,legal consultancy,Legal Consultancy Services,P.C.Care Infosystem,Ask Price,N/A,+91 98240 51770,pccareinfosystem@gmail.com,https://www.pccareinfosystem.com,Rohtak,N/A,N/A,https://5.imimg.com/data5/SELLER/Default/2023/1/RK/WI/YU/183080737/legal-consultancy-services-250x250.jpeg,https://www.indiamart.com/proddetail/legal-consultancy-services-2849779521312.html,Legal Consultancy Services
Business Services,Legal Consultancy,legal consultancy,"Legal Consultancy Service, Pan India",Sindhu Legal Corporate Consultants Private Limited,"₹ 2,500",N/A,Not Found,Not Found,https://www.indiamart.com › proddetail,New Delhi,N/A,N/A,https://5.imimg.com/data5/SELLER/Default/2021/2/UY/UB/UV/9738611/legal-consultants-250x250.jpeg,https://www.indiamart.com/proddetail/legal-consultancy-service-23109758455.html,"Legal Consultancy Service, Pan India"
Business Services,Legal Consultancy,legal consultancy,Corporate Legal Consultation Services,Bhaskara Consulting Group,Ask Price,N/A, 97571 35306,info@bhaskara.in,https://bhaskara.in/?utm_source=chatgpt.com,Mumbai,N/A,N/A,https://5.imimg.com/data5/SELLER/Default/2025/6/523262037/XH/VD/VT/104527624/corporate-legal-consultation-services-250x250.jpeg,https://www.indiamart.com/proddetail/corporate-legal-consultation-services-24956761488.html,Corporate Legal Consultation Services
Business Services,Legal Consultancy,legal consultancy,Legal Consultants,Laxol Law Firm (A Unit Of M/s Shiv Shakti Construction Work),"₹ 1,000",N/A,079 40191821 / +91 97275 33444,info@groupshivshakti.com,https://www.groupshivshakti.com,Noida,N/A,N/A,https://5.imimg.com/data5/ANDROID/Default/2023/2/ON/MV/OV/184911669/product-jpeg-250x250.jpg,https://www.indiamart.com/proddetail/legal-consultants-2850322982255.html,Laxol Law Firm (A Unit Of M/s Shiv Shakti Construction Work)
Business Services,Legal Consultancy,legal consultancy,"Online legal Consultancy, Rs 499, Faridabad",Legal Vidur,₹ 999,N/A,+91 95102 72707,support@legalvidur.com,https://www.legalvidur.com,Faridabad,N/A,N/A,https://5.imimg.com/data5/SELLER/Default/2024/12/475498096/ZG/NI/AC/69162799/online-legal-consultancy-250x250.jpg,https://www.indiamart.com/proddetail/online-legal-consultancy-25788282412.html,"Online legal Consultancy, Rs 499, Faridabad"
Business Services,Legal Consultancy,legal consultancy,Legal Consultants,Sadhna Enterprises,Ask Price,N/A,Not Found,Not Found,https://www.indiamart.com › proddetail,New Delhi,N/A,N/A,https://5.imimg.com/data5/SELLER/Default/2026/4/601341941/TO/WI/XH/30508432/legal-consultants-250x250.jpg,https://www.indiamart.com/proddetail/legal-consultants-2858927371597.html,GST Email Mobile Member: 9 yrs
Business Services,Legal Consultancy,legal consultancy,Legal Consultant Service,Saya Legal Association,Ask Price,N/A,Not Found,Not Found,https://www.indiamart.com › saya-legal-association › profile.html,Palwal,N/A,N/A,https://5.imimg.com/data5/SELLER/Default/2025/7/524168970/TR/FB/CO/244965380/court-representation-services-250x250.jpeg,https://www.indiamart.com/proddetail/legal-consultant-service-2856860016073.html,Legal Consultant Service
Business Services,Legal Consultancy,legal consultancy,Legal Consultant Service,Vighnahar Enteprises,"₹ 10,000",N/A,Not Found,Not Found,https://www.indiamart.com › vighnahar-enteprises › profile.html,Pimpri Chinchwad,N/A,N/A,https://5.imimg.com/data5/SELLER/Default/2024/4/408486434/EB/EK/TI/47325994/legal-consultant-service-250x250.jpg,https://www.indiamart.com/proddetail/legal-consultant-service-2850747640230.html,Legal Consultant Service
Business Services,Legal Consultancy,legal consultancy,Legal Advisor Service,Om Garuda Technology Private Limited,"₹ 5,000",N/A,+91 99099 96006,info@omgaruda.com,https://omgaruda.com,New Delhi,N/A,N/A,https://5.imimg.com/data5/SELLER/Default/2021/12/GS/XS/OU/69441772/legal-advisor-service-250x250.png,https://www.indiamart.com/proddetail/legal-advisor-service-24299141991.html,Legal Advisor Service
Business Services,Legal Consultancy,legal consultancy,Corporate Legal Advisor,Nimbus Certifications,"₹ 5,000",N/A,+91 97243 54488,info@nimbuscertifications.com,https://www.nimbuscertifications.com,Chennai,N/A,N/A,https://5.imimg.com/data5/SELLER/Default/2024/8/441274955/FU/MN/YW/19727152/corporate-legal-advisor-250x250.jpeg,https://www.indiamart.com/proddetail/corporate-legal-advisor-2854612620862.html,Corporate Legal Advisor
Business Services,Legal Consultancy,legal consultancy,Legal Advisory Services,Unique Surgicare,Ask Price,N/A,8047660215,Not Found,https://www.uniquesurgicare.com,New Delhi,N/A,N/A,https://5.imimg.com/data5/SELLER/Default/2026/4/597670110/YK/MB/UJ/95455407/legal-advisory-services-250x250.jpeg,https://www.indiamart.com/proddetail/legal-advisory-services-2859054688133.html,Legal Advisory Services
Business Services,Legal Consultancy,legal consultancy,Company Matter Legal Consultants Services,Dr. Taxes,Ask Price,N/A,+91 11 4059 0093,admin@drtaxes.in,https://www.drtaxes.in,New Delhi,N/A,N/A,https://5.imimg.com/data5/SELLER/Default/2025/3/497514481/UH/CX/PR/65034436/family-matter-legal-consultants-services-250x250.jpg,https://www.indiamart.com/proddetail/company-matter-legal-consultants-services-2856238335191.html,Company Matter Legal Consultants Services
Business Services,Legal Consultancy,legal consultancy,Legal Consultant Service,Barnwal & Barnwal Co.,"₹ 2,000",N/A,9152922607,barnwalbarnwalco@gmail.com, http://www.barnwalco.com,Kolkata,N/A,N/A,https://5.imimg.com/data5/SELLER/Default/2024/7/435597647/DK/XS/ZD/189896727/legal-notice-services-250x250.jpg,https://www.indiamart.com/proddetail/legal-consultant-service-2854799317873.html,Legal Consultant Service
Business Services,Legal Consultancy,legal consultancy,Corporate Law Advisory Service,SMK Corporate Advisor Private Limited,Ask Price,Corporate Law Advisory Service,Not Found,Not Found,https://www.indiamart.com › smkcorporateadvisor › profile.html,Pune,N/A,N/A,https://5.imimg.com/data5/SELLER/Default/2026/2/586303017/IK/LM/EW/145387424/legal-consultants-250x250.jpg,https://www.indiamart.com/proddetail/corporate-law-advisory-service-25662058191.html,Corporate Law Advisory Service
Business Services,Legal Consultancy,legal consultancy,Revenue Intelligence Lawyer Services,Fetes & Feasts Event Studio Private Limited,Ask Price,Revenue Intelligence Lawyer Services,9558173111,info@efestoevents.in,http://efestoevents.in/,Noida,N/A,N/A,https://5.imimg.com/data5/SELLER/Default/2025/8/540580527/KA/HX/SZ/32469248/lawyer-for-revenue-intelligence-250x250.jpg,https://www.indiamart.com/proddetail/revenue-intelligence-lawyer-services-2857388541130.html,Revenue Intelligence Lawyer Services
Business Services,Legal Consultancy,legal consultancy,"Anticipatory Bail Lawyer In Delhi, consultancy, legal",Rishika Group Of Solutions,₹ 500,N/A,7740000635,info@rishikabuilders.com,https://rishikabuilders.com/,New Delhi,N/A,N/A,https://5.imimg.com/data5/SELLER/Default/2023/4/303134371/LC/JO/FT/61651968/lawyer-for-bail-criminal-cases-250x250.jpg,https://www.indiamart.com/proddetail/anticipatory-bail-lawyer-in-delhi-2850947969773.html,"Anticipatory Bail Lawyer In Delhi, consultancy, legal"
Business Services,Legal Consultancy,legal consultancy,Legal Consultancy Services,P.C.Care Infosystem,Ask Price,N/A,+91 98240 51770,pccareinfosystem@gmail.com,https://www.pccareinfosystem.com,Rohtak,N/A,N/A,https://5.imimg.com/data5/SELLER/Default/2023/1/RK/WI/YU/183080737/legal-consultancy-services-250x250.jpeg,https://www.indiamart.com/proddetail/legal-consultancy-services-2849779521312.html,Legal Consultancy Services
Business Services,Legal Consultancy,legal consultancy,"Legal Consultancy Service, Pan India",Sindhu Legal Corporate Consultants Private Limited,"₹ 2,500",N/A,Not Found,Not Found,https://www.indiamart.com › proddetail,New Delhi,N/A,N/A,https://5.imimg.com/data5/SELLER/Default/2021/2/UY/UB/UV/9738611/legal-consultants-250x250.jpeg,https://www.indiamart.com/proddetail/legal-consultancy-service-23109758455.html,"Legal Consultancy Service, Pan India"
Business Services,Legal Consultancy,legal consultancy,Corporate Legal Consultation Services,Bhaskara Consulting Group,Ask Price,N/A, 97571 35306,info@bhaskara.in,https://bhaskara.in/?utm_source=chatgpt.com,Mumbai,N/A,N/A,https://5.imimg.com/data5/SELLER/Default/2025/6/523262037/XH/VD/VT/104527624/corporate-legal-consultation-services-250x250.jpeg,https://www.indiamart.com/proddetail/corporate-legal-consultation-services-24956761488.html,Corporate Legal Consultation Services
Business Services,Legal Consultancy,legal consultancy,Legal Consultants,Laxol Law Firm (A Unit Of M/s Shiv Shakti Construction Work),"₹ 1,000",N/A,079 40191821 / +91 97275 33444,info@groupshivshakti.com,https://www.groupshivshakti.com,Noida,N/A,N/A,https://5.imimg.com/data5/ANDROID/Default/2023/2/ON/MV/OV/184911669/product-jpeg-250x250.jpg,https://www.indiamart.com/proddetail/legal-consultants-2850322982255.html,Laxol Law Firm (A Unit Of M/s Shiv Shakti Construction Work)
Business Services,Legal Consultancy,legal consultancy,"Online legal Consultancy, Rs 499, Faridabad",Legal Vidur,₹ 999,N/A,+91 95102 72707,support@legalvidur.com,https://www.legalvidur.com,Faridabad,N/A,N/A,https://5.imimg.com/data5/SELLER/Default/2024/12/475498096/ZG/NI/AC/69162799/online-legal-consultancy-250x250.jpg,https://www.indiamart.com/proddetail/online-legal-consultancy-25788282412.html,"Online legal Consultancy, Rs 499, Faridabad"
Business Services,Legal Consultancy,legal consultancy,Legal Consultants,Sadhna Enterprises,Ask Price,N/A,Not Found,Not Found,https://www.indiamart.com › proddetail,New Delhi,N/A,N/A,https://5.imimg.com/data5/SELLER/Default/2026/4/601341941/TO/WI/XH/30508432/legal-consultants-250x250.jpg,https://www.indiamart.com/proddetail/legal-consultants-2858927371597.html,GST Email Mobile Member: 9 yrs
Business Services,Legal Consultancy,legal consultancy,Legal Consultant Service,Saya Legal Association,Ask Price,N/A,Not Found,Not Found,https://www.indiamart.com › saya-legal-association › profile.html,Palwal,N/A,N/A,https://5.imimg.com/data5/SELLER/Default/2025/7/524168970/TR/FB/CO/244965380/court-representation-services-250x250.jpeg,https://www.indiamart.com/proddetail/legal-consultant-service-2856860016073.html,Legal Consultant Service
Business Services,Legal Consultancy,legal consultancy,Legal Consultant Service,Vighnahar Enteprises,"₹ 10,000",N/A,Not Found,Not Found,https://www.indiamart.com › vighnahar-enteprises › profile.html,Pimpri Chinchwad,N/A,N/A,https://5.imimg.com/data5/SELLER/Default/2024/4/408486434/EB/EK/TI/47325994/legal-consultant-service-250x250.jpg,https://www.indiamart.com/proddetail/legal-consultant-service-2850747640230.html,Legal Consultant Service
Business Services,Legal Consultancy,legal consultancy,Legal Advisor Service,Om Garuda Technology Private Limited,"₹ 5,000",N/A,+91 99099 96006,info@omgaruda.com,https://omgaruda.com,New Delhi,N/A,N/A,https://5.imimg.com/data5/SELLER/Default/2021/12/GS/XS/OU/69441772/legal-advisor-service-250x250.png,https://www.indiamart.com/proddetail/legal-advisor-service-24299141991.html,Legal Advisor Service
Business Services,Legal Consultancy,legal consultancy,Corporate Legal Advisor,Nimbus Certifications,"₹ 5,000",N/A,+91 97243 54488,info@nimbuscertifications.com,https://www.nimbuscertifications.com,Chennai,N/A,N/A,https://5.imimg.com/data5/SELLER/Default/2024/8/441274955/FU/MN/YW/19727152/corporate-legal-advisor-250x250.jpeg,https://www.indiamart.com/proddetail/corporate-legal-advisor-2854612620862.html,Corporate Legal Advisor
Business Services,Legal Consultancy,legal consultancy,Legal Advisory Services,Unique Surgicare,Ask Price,N/A,8047660215,Not Found,https://www.uniquesurgicare.com,New Delhi,N/A,N/A,https://5.imimg.com/data5/SELLER/Default/2026/4/597670110/YK/MB/UJ/95455407/legal-advisory-services-250x250.jpeg,https://www.indiamart.com/proddetail/legal-advisory-services-2859054688133.html,Legal Advisory Services
Business Services,Legal Consultancy,legal consultancy,Company Matter Legal Consultants Services,Dr. Taxes,Ask Price,N/A,+91 11 4059 0093,admin@drtaxes.in,https://www.drtaxes.in,New Delhi,N/A,N/A,https://5.imimg.com/data5/SELLER/Default/2025/3/497514481/UH/CX/PR/65034436/family-matter-legal-consultants-services-250x250.jpg,https://www.indiamart.com/proddetail/company-matter-legal-consultants-services-2856238335191.html,Company Matter Legal Consultants Services
Business Services,Legal Consultancy,legal consultancy,Legal Consultant Service,Barnwal & Barnwal Co.,"₹ 2,000",N/A,9152922607,barnwalbarnwalco@gmail.com, http://www.barnwalco.com,Kolkata,N/A,N/A,https://5.imimg.com/data5/SELLER/Default/2024/7/435597647/DK/XS/ZD/189896727/legal-notice-services-250x250.jpg,https://www.indiamart.com/proddetail/legal-consultant-service-2854799317873.html,Legal Consultant Service
Business Services,Legal Consultancy,legal consultancy,Corporate Law Advisory Service,SMK Corporate Advisor Private Limited,Ask Price,Corporate Law Advisory Service,Not Found,Not Found,https://www.indiamart.com › smkcorporateadvisor › profile.html,Pune,N/A,N/A,https://5.imimg.com/data5/SELLER/Default/2026/2/586303017/IK/LM/EW/145387424/legal-consultants-250x250.jpg,https://www.indiamart.com/proddetail/corporate-law-advisory-service-25662058191.html,Corporate Law Advisory Service
Business Services,Legal Consultancy,legal consultancy,Revenue Intelligence Lawyer Services,Fetes & Feasts Event Studio Private Limited,Ask Price,Revenue Intelligence Lawyer Services,9558173111,info@efestoevents.in,http://efestoevents.in/,Noida,N/A,N/A,https://5.imimg.com/data5/SELLER/Default/2025/8/540580527/KA/HX/SZ/32469248/lawyer-for-revenue-intelligence-250x250.jpg,https://www.indiamart.com/proddetail/revenue-intelligence-lawyer-services-2857388541130.html,Revenue Intelligence Lawyer Services
Business Services,Legal Consultancy,legal consultancy,"Anticipatory Bail Lawyer In Delhi, consultancy, legal",Rishika Group Of Solutions,₹ 500,N/A,7740000635,info@rishikabuilders.com,https://rishikabuilders.com/,New Delhi,N/A,N/A,https://5.imimg.com/data5/SELLER/Default/2023/4/303134371/LC/JO/FT/61651968/lawyer-for-bail-criminal-cases-250x250.jpg,https://www.indiamart.com/proddetail/anticipatory-bail-lawyer-in-delhi-2850947969773.html,"Anticipatory Bail Lawyer In Delhi, consultancy, legal"
Business Services,Legal Consultancy,legal consultancy,Legal Consultancy Services,P.C.Care Infosystem,Ask Price,N/A,+91 98240 51770,pccareinfosystem@gmail.com,https://www.pccareinfosystem.com,Rohtak,N/A,N/A,https://5.imimg.com/data5/SELLER/Default/2023/1/RK/WI/YU/183080737/legal-consultancy-services-250x250.jpeg,https://www.indiamart.com/proddetail/legal-consultancy-services-2849779521312.html,Legal Consultancy Services
Business Services,Legal Consultancy,legal consultancy,"Legal Consultancy Service, Pan India",Sindhu Legal Corporate Consultants Private Limited,"₹ 2,500",N/A,Not Found,Not Found,https://www.indiamart.com › proddetail,New Delhi,N/A,N/A,https://5.imimg.com/data5/SELLER/Default/2021/2/UY/UB/UV/9738611/legal-consultants-250x250.jpeg,https://www.indiamart.com/proddetail/legal-consultancy-service-23109758455.html,"Legal Consultancy Service, Pan India"
Business Services,Legal Consultancy,legal consultancy,Corporate Legal Consultation Services,Bhaskara Consulting Group,Ask Price,N/A, 97571 35306,info@bhaskara.in,https://bhaskara.in/?utm_source=chatgpt.com,Mumbai,N/A,N/A,https://5.imimg.com/data5/SELLER/Default/2025/6/523262037/XH/VD/VT/104527624/corporate-legal-consultation-services-250x250.jpeg,https://www.indiamart.com/proddetail/corporate-legal-consultation-services-24956761488.html,Corporate Legal Consultation Services
Business Services,Legal Consultancy,legal consultancy,Legal Consultants,Laxol Law Firm (A Unit Of M/s Shiv Shakti Construction Work),"₹ 1,000",N/A,079 40191821 / +91 97275 33444,info@groupshivshakti.com,https://www.groupshivshakti.com,Noida,N/A,N/A,https://5.imimg.com/data5/ANDROID/Default/2023/2/ON/MV/OV/184911669/product-jpeg-250x250.jpg,https://www.indiamart.com/proddetail/legal-consultants-2850322982255.html,Laxol Law Firm (A Unit Of M/s Shiv Shakti Construction Work)
Business Services,Legal Consultancy,legal consultancy,"Online legal Consultancy, Rs 499, Faridabad",Legal Vidur,₹ 999,N/A,+91 95102 72707,support@legalvidur.com,https://www.legalvidur.com,Faridabad,N/A,N/A,https://5.imimg.com/data5/SELLER/Default/2024/12/475498096/ZG/NI/AC/69162799/online-legal-consultancy-250x250.jpg,https://www.indiamart.com/proddetail/online-legal-consultancy-25788282412.html,"Online legal Consultancy, Rs 499, Faridabad"
Business Services,Legal Consultancy,legal consultancy,Legal Consultants,Sadhna Enterprises,Ask Price,N/A,Not Found,Not Found,https://www.indiamart.com › proddetail,New Delhi,N/A,N/A,https://5.imimg.com/data5/SELLER/Default/2026/4/601341941/TO/WI/XH/30508432/legal-consultants-250x250.jpg,https://www.indiamart.com/proddetail/legal-consultants-2858927371597.html,GST Email Mobile Member: 9 yrs
Business Services,Legal Consultancy,legal consultancy,Legal Consultant Service,Saya Legal Association,Ask Price,N/A,Not Found,Not Found,https://www.indiamart.com › saya-legal-association › profile.html,Palwal,N/A,N/A,https://5.imimg.com/data5/SELLER/Default/2025/7/524168970/TR/FB/CO/244965380/court-representation-services-250x250.jpeg,https://www.indiamart.com/proddetail/legal-consultant-service-2856860016073.html,Legal Consultant Service
Business Services,Legal Consultancy,legal consultancy,Legal Consultant Service,Vighnahar Enteprises,"₹ 10,000",N/A,Not Found,Not Found,https://www.indiamart.com › vighnahar-enteprises › profile.html,Pimpri Chinchwad,N/A,N/A,https://5.imimg.com/data5/SELLER/Default/2024/4/408486434/EB/EK/TI/47325994/legal-consultant-service-250x250.jpg,https://www.indiamart.com/proddetail/legal-consultant-service-2850747640230.html,Legal Consultant Service
Business Services,Legal Consultancy,legal consultancy,Legal Advisor Service,Om Garuda Technology Private Limited,"₹ 5,000",N/A,+91 99099 96006,info@omgaruda.com,https://omgaruda.com,New Delhi,N/A,N/A,https://5.imimg.com/data5/SELLER/Default/2021/12/GS/XS/OU/69441772/legal-advisor-service-250x250.png,https://www.indiamart.com/proddetail/legal-advisor-service-24299141991.html,Legal Advisor Service
Business Services,Legal Consultancy,legal consultancy,Corporate Legal Advisor,Nimbus Certifications,"₹ 5,000",N/A,+91 97243 54488,info@nimbuscertifications.com,https://www.nimbuscertifications.com,Chennai,N/A,N/A,https://5.imimg.com/data5/SELLER/Default/2024/8/441274955/FU/MN/YW/19727152/corporate-legal-advisor-250x250.jpeg,https://www.indiamart.com/proddetail/corporate-legal-advisor-2854612620862.html,Corporate Legal Advisor
Business Services,Legal Consultancy,legal consultancy,Legal Advisory Services,Unique Surgicare,Ask Price,N/A,8047660215,Not Found,https://www.uniquesurgicare.com,New Delhi,N/A,N/A,https://5.imimg.com/data5/SELLER/Default/2026/4/597670110/YK/MB/UJ/95455407/legal-advisory-services-250x250.jpeg,https://www.indiamart.com/proddetail/legal-advisory-services-2859054688133.html,Legal Advisory Services
Business Services,Legal Consultancy,legal consultancy,Company Matter Legal Consultants Services,Dr. Taxes,Ask Price,N/A,+91 11 4059 0093,admin@drtaxes.in,https://www.drtaxes.in,New Delhi,N/A,N/A,https://5.imimg.com/data5/SELLER/Default/2025/3/497514481/UH/CX/PR/65034436/family-matter-legal-consultants-services-250x250.jpg,https://www.indiamart.com/proddetail/company-matter-legal-consultants-services-2856238335191.html,Company Matter Legal Consultants Services
Business Services,Legal Consultancy,legal consultancy,Legal Consultant Service,Barnwal & Barnwal Co.,"₹ 2,000",N/A,9152922607,barnwalbarnwalco@gmail.com, http://www.barnwalco.com,Kolkata,N/A,N/A,https://5.imimg.com/data5/SELLER/Default/2024/7/435597647/DK/XS/ZD/189896727/legal-notice-services-250x250.jpg,https://www.indiamart.com/proddetail/legal-consultant-service-2854799317873.html,Legal Consultant Service
Business Services,Legal Consultancy,legal consultancy,Corporate Law Advisory Service,SMK Corporate Advisor Private Limited,Ask Price,Corporate Law Advisory Service,Not Found,Not Found,https://www.indiamart.com › smkcorporateadvisor › profile.html,Pune,N/A,N/A,https://5.imimg.com/data5/SELLER/Default/2026/2/586303017/IK/LM/EW/145387424/legal-consultants-250x250.jpg,https://www.indiamart.com/proddetail/corporate-law-advisory-service-25662058191.html,Corporate Law Advisory Service
Business Services,Legal Consultancy,legal consultancy,Revenue Intelligence Lawyer Services,Fetes & Feasts Event Studio Private Limited,Ask Price,Revenue Intelligence Lawyer Services,9558173111,info@efestoevents.in,http://efestoevents.in/,Noida,N/A,N/A,https://5.imimg.com/data5/SELLER/Default/2025/8/540580527/KA/HX/SZ/32469248/lawyer-for-revenue-intelligence-250x250.jpg,https://www.indiamart.com/proddetail/revenue-intelligence-lawyer-services-2857388541130.html,Revenue Intelligence Lawyer Services
Business Services,Legal Consultancy,legal consultancy,"Anticipatory Bail Lawyer In Delhi, consultancy, legal",Rishika Group Of Solutions,₹ 500,N/A,7740000635,info@rishikabuilders.com,https://rishikabuilders.com/,New Delhi,N/A,N/A,https://5.imimg.com/data5/SELLER/Default/2023/4/303134371/LC/JO/FT/61651968/lawyer-for-bail-criminal-cases-250x250.jpg,https://www.indiamart.com/proddetail/anticipatory-bail-lawyer-in-delhi-2850947969773.html,"Anticipatory Bail Lawyer In Delhi, consultancy, legal"
Business Services,Legal Consultancy,legal consultancy,Legal Consultancy Services,P.C.Care Infosystem,Ask Price,N/A,+91 98240 51770,pccareinfosystem@gmail.com,https://www.pccareinfosystem.com,Rohtak,N/A,N/A,https://5.imimg.com/data5/SELLER/Default/2023/1/RK/WI/YU/183080737/legal-consultancy-services-250x250.jpeg,https://www.indiamart.com/proddetail/legal-consultancy-services-2849779521312.html,Legal Consultancy Services
Business Services,Legal Consultancy,legal consultancy,"Legal Consultancy Service, Pan India",Sindhu Legal Corporate Consultants Private Limited,"₹ 2,500",N/A,Not Found,Not Found,https://www.indiamart.com › proddetail,New Delhi,N/A,N/A,https://5.imimg.com/data5/SELLER/Default/2021/2/UY/UB/UV/9738611/legal-consultants-250x250.jpeg,https://www.indiamart.com/proddetail/legal-consultancy-service-23109758455.html,"Legal Consultancy Service, Pan India"
Business Services,Legal Consultancy,legal consultancy,Corporate Legal Consultation Services,Bhaskara Consulting Group,Ask Price,N/A, 97571 35306,info@bhaskara.in,https://bhaskara.in/?utm_source=chatgpt.com,Mumbai,N/A,N/A,https://5.imimg.com/data5/SELLER/Default/2025/6/523262037/XH/VD/VT/104527624/corporate-legal-consultation-services-250x250.jpeg,https://www.indiamart.com/proddetail/corporate-legal-consultation-services-24956761488.html,Corporate Legal Consultation Services
Business Services,Legal Consultancy,legal consultancy,Legal Consultants,Laxol Law Firm (A Unit Of M/s Shiv Shakti Construction Work),"₹ 1,000",N/A,079 40191821 / +91 97275 33444,info@groupshivshakti.com,https://www.groupshivshakti.com,Noida,N/A,N/A,https://5.imimg.com/data5/ANDROID/Default/2023/2/ON/MV/OV/184911669/product-jpeg-250x250.jpg,https://www.indiamart.com/proddetail/legal-consultants-2850322982255.html,Laxol Law Firm (A Unit Of M/s Shiv Shakti Construction Work)
Business Services,Legal Consultancy,legal consultancy,"Online legal Consultancy, Rs 499, Faridabad",Legal Vidur,₹ 999,N/A,+91 95102 72707,support@legalvidur.com,https://www.legalvidur.com,Faridabad,N/A,N/A,https://5.imimg.com/data5/SELLER/Default/2024/12/475498096/ZG/NI/AC/69162799/online-legal-consultancy-250x250.jpg,https://www.indiamart.com/proddetail/online-legal-consultancy-25788282412.html,"Online legal Consultancy, Rs 499, Faridabad"
Business Services,Legal Consultancy,legal consultancy,Legal Consultants,Sadhna Enterprises,Ask Price,N/A,Not Found,Not Found,https://www.indiamart.com › proddetail,New Delhi,N/A,N/A,https://5.imimg.com/data5/SELLER/Default/2026/4/601341941/TO/WI/XH/30508432/legal-consultants-250x250.jpg,https://www.indiamart.com/proddetail/legal-consultants-2858927371597.html,GST Email Mobile Member: 9 yrs
Business Services,Legal Consultancy,legal consultancy,Legal Consultant Service,Saya Legal Association,Ask Price,N/A,Not Found,Not Found,https://www.indiamart.com › saya-legal-association › profile.html,Palwal,N/A,N/A,https://5.imimg.com/data5/SELLER/Default/2025/7/524168970/TR/FB/CO/244965380/court-representation-services-250x250.jpeg,https://www.indiamart.com/proddetail/legal-consultant-service-2856860016073.html,Legal Consultant Service
Business Services,Legal Consultancy,legal consultancy,Legal Consultant Service,Vighnahar Enteprises,"₹ 10,000",N/A,Not Found,Not Found,https://www.indiamart.com › vighnahar-enteprises › profile.html,Pimpri Chinchwad,N/A,N/A,https://5.imimg.com/data5/SELLER/Default/2024/4/408486434/EB/EK/TI/47325994/legal-consultant-service-250x250.jpg,https://www.indiamart.com/proddetail/legal-consultant-service-2850747640230.html,Legal Consultant Service
Business Services,Legal Consultancy,legal consultancy,Legal Advisor Service,Om Garuda Technology Private Limited,"₹ 5,000",N/A,+91 99099 96006,info@omgaruda.com,https://omgaruda.com,New Delhi,N/A,N/A,https://5.imimg.com/data5/SELLER/Default/2021/12/GS/XS/OU/69441772/legal-advisor-service-250x250.png,https://www.indiamart.com/proddetail/legal-advisor-service-24299141991.html,Legal Advisor Service
Business Services,Legal Consultancy,legal consultancy,Corporate Legal Advisor,Nimbus Certifications,"₹ 5,000",N/A,+91 97243 54488,info@nimbuscertifications.com,https://www.nimbuscertifications.com,Chennai,N/A,N/A,https://5.imimg.com/data5/SELLER/Default/2024/8/441274955/FU/MN/YW/19727152/corporate-legal-advisor-250x250.jpeg,https://www.indiamart.com/proddetail/corporate-legal-advisor-2854612620862.html,Corporate Legal Advisor
Business Services,Legal Consultancy,legal consultancy,Legal Advisory Services,Unique Surgicare,Ask Price,N/A,8047660215,Not Found,https://www.uniquesurgicare.com,New Delhi,N/A,N/A,https://5.imimg.com/data5/SELLER/Default/2026/4/597670110/YK/MB/UJ/95455407/legal-advisory-services-250x250.jpeg,https://www.indiamart.com/proddetail/legal-advisory-services-2859054688133.html,Legal Advisory Services
Business Services,Legal Consultancy,legal consultancy,Company Matter Legal Consultants Services,Dr. Taxes,Ask Price,N/A,+91 11 4059 0093,admin@drtaxes.in,https://www.drtaxes.in,New Delhi,N/A,N/A,https://5.imimg.com/data5/SELLER/Default/2025/3/497514481/UH/CX/PR/65034436/family-matter-legal-consultants-services-250x250.jpg,https://www.indiamart.com/proddetail/company-matter-legal-consultants-services-2856238335191.html,Company Matter Legal Consultants Services
Business Services,Legal Consultancy,legal consultancy,Legal Consultant Service,Barnwal & Barnwal Co.,"₹ 2,000",N/A,9152922607,barnwalbarnwalco@gmail.com, http://www.barnwalco.com,Kolkata,N/A,N/A,https://5.imimg.com/data5/SELLER/Default/2024/7/435597647/DK/XS/ZD/189896727/legal-notice-services-250x250.jpg,https://www.indiamart.com/proddetail/legal-consultant-service-2854799317873.html,Legal Consultant Service
Business Services,Legal Consultancy,legal consultancy,Corporate Law Advisory Service,SMK Corporate Advisor Private Limited,Ask Price,Corporate Law Advisory Service,Not Found,Not Found,https://www.indiamart.com › smkcorporateadvisor › profile.html,Pune,N/A,N/A,https://5.imimg.com/data5/SELLER/Default/2026/2/586303017/IK/LM/EW/145387424/legal-consultants-250x250.jpg,https://www.indiamart.com/proddetail/corporate-law-advisory-service-25662058191.html,Corporate Law Advisory Service
Business Services,Legal Consultancy,legal consultancy,Revenue Intelligence Lawyer Services,Fetes & Feasts Event Studio Private Limited,Ask Price,Revenue Intelligence Lawyer Services,9558173111,info@efestoevents.in,http://efestoevents.in/,Noida,N/A,N/A,https://5.imimg.com/data5/SELLER/Default/2025/8/540580527/KA/HX/SZ/32469248/lawyer-for-revenue-intelligence-250x250.jpg,https://www.indiamart.com/proddetail/revenue-intelligence-lawyer-services-2857388541130.html,Revenue Intelligence Lawyer Services
Business Services,Legal Consultancy,legal consultancy,"Anticipatory Bail Lawyer In Delhi, consultancy, legal",Rishika Group Of Solutions,₹ 500,N/A,7740000635,info@rishikabuilders.com,https://rishikabuilders.com/,New Delhi,N/A,N/A,https://5.imimg.com/data5/SELLER/Default/2023/4/303134371/LC/JO/FT/61651968/lawyer-for-bail-criminal-cases-250x250.jpg,https://www.indiamart.com/proddetail/anticipatory-bail-lawyer-in-delhi-2850947969773.html,"Anticipatory Bail Lawyer In Delhi, consultancy, legal"
Business Services,Legal Consultancy,legal consultancy,Legal Consultancy Services,P.C.Care Infosystem,Ask Price,N/A,+91 98240 51770,pccareinfosystem@gmail.com,https://www.pccareinfosystem.com,Rohtak,N/A,N/A,https://5.imimg.com/data5/SELLER/Default/2023/1/RK/WI/YU/183080737/legal-consultancy-services-250x250.jpeg,https://www.indiamart.com/proddetail/legal-consultancy-services-2849779521312.html,Legal Consultancy Services
Business Services,Legal Consultancy,legal consultancy,"Legal Consultancy Service, Pan India",Sindhu Legal Corporate Consultants Private Limited,"₹ 2,500",N/A,Not Found,Not Found,https://www.indiamart.com › proddetail,New Delhi,N/A,N/A,https://5.imimg.com/data5/SELLER/Default/2021/2/UY/UB/UV/9738611/legal-consultants-250x250.jpeg,https://www.indiamart.com/proddetail/legal-consultancy-service-23109758455.html,"Legal Consultancy Service, Pan India"
Business Services,Legal Consultancy,legal consultancy,Corporate Legal Consultation Services,Bhaskara Consulting Group,Ask Price,N/A, 97571 35306,info@bhaskara.in,https://bhaskara.in/?utm_source=chatgpt.com,Mumbai,N/A,N/A,https://5.imimg.com/data5/SELLER/Default/2025/6/523262037/XH/VD/VT/104527624/corporate-legal-consultation-services-250x250.jpeg,https://www.indiamart.com/proddetail/corporate-legal-consultation-services-24956761488.html,Corporate Legal Consultation Services
Business Services,Legal Consultancy,legal consultancy,Legal Consultants,Laxol Law Firm (A Unit Of M/s Shiv Shakti Construction Work),"₹ 1,000",N/A,079 40191821 / +91 97275 33444,info@groupshivshakti.com,https://www.groupshivshakti.com,Noida,N/A,N/A,https://5.imimg.com/data5/ANDROID/Default/2023/2/ON/MV/OV/184911669/product-jpeg-250x250.jpg,https://www.indiamart.com/proddetail/legal-consultants-2850322982255.html,Laxol Law Firm (A Unit Of M/s Shiv Shakti Construction Work)
Business Services,Legal Consultancy,legal consultancy,"Online legal Consultancy, Rs 499, Faridabad",Legal Vidur,₹ 999,N/A,+91 95102 72707,support@legalvidur.com,https://www.legalvidur.com,Faridabad,N/A,N/A,https://5.imimg.com/data5/SELLER/Default/2024/12/475498096/ZG/NI/AC/69162799/online-legal-consultancy-250x250.jpg,https://www.indiamart.com/proddetail/online-legal-consultancy-25788282412.html,"Online legal Consultancy, Rs 499, Faridabad"
Business Services,Hr Consulting,hr consulting,Hr Consultancy Services,Steerway Business Consultants,"₹ 12,000",Hr Consultancy Services,076240 13188,Not Found,http://www.steerway.in,Rajkot,N/A,N/A,https://5.imimg.com/data5/SELLER/Default/2024/11/466909664/MA/BD/MX/99197505/hr-consultancy-services-250x250.jpg,https://www.indiamart.com/proddetail/hr-consultancy-services-2855318034597.html,Hr Consultancy Services
Business Services,Hr Consulting,hr consulting,HR Consulting Services,Anvikshiki Consulting,"₹ 50,000",/Day,+91 92751 68978 ,anvikshiki@anvikshiki.com,https://anvikshiki.com/,Rajkot,N/A,N/A,https://5.imimg.com/data5/SELLER/Default/2025/10/551432118/SK/EU/LY/11279520/5-jpg-250x250.jpg,https://www.indiamart.com/proddetail/hr-consulting-services-2857651604373.html,HR Consulting Services
Business Services,Hr Consulting,hr consulting,HR Consultancy Services,Mewurk Technologies Private Limited,"₹ 15,000",HR Consultancy Services,+91 95123 26261,sales@mewurk.com,https://www.mewurk.com,Ahmedabad,N/A,N/A,https://5.imimg.com/data5/SELLER/Default/2026/2/585207689/ZJ/GF/PN/227824704/hr-consultancy-services-250x250.jpg,https://www.indiamart.com/proddetail/hr-consultancy-services-2858821945430.html,HR Consultancy Services
Business Services,Hr Consulting,hr consulting,HR Consultancy Services,Winner Staffing Solutions Private Limited,"₹ 1,000",HR Consultancy Services,092651 65025,Not Found,https://m.indiamart.com › winnerstaffingsolutions,Ahmedabad,N/A,N/A,https://5.imimg.com/data5/SELLER/Default/2023/7/322771208/FA/LN/NW/78165511/hr-consultancy-services-250x250.jpeg,https://www.indiamart.com/proddetail/hr-consultancy-services-2851697507588.html,HR Consultancy Services
Business Services,Hr Consulting,hr consulting,Human Resources Consulting Services,Impstra Business Consulting Private Limited,"₹ 25,000",/Month,+91 97277 44772,info@impstra.com,https://impstra.com,Surat,N/A,N/A,https://5.imimg.com/data5/SELLER/Default/2026/1/574270807/IJ/VI/JT/262153849/human-resources-consulting-services-250x250.png,https://www.indiamart.com/proddetail/human-resources-consulting-services-2858397310562.html,Human Resources Consulting Services
Business Services,Hr Consulting,hr consulting,Consultancy,O. P. Marine Services Private Limited,Ask Price,O. P. Marine Services Private Limited,+91 98252 15855,info@opmarine.in,https://opmarine.in,Gandhidham,N/A,N/A,https://2.imimg.com/data2/UW/WU/FCP-3153658/images-const2-250x250.jpg,https://www.indiamart.com/proddetail/consultancy-3008187897.html,O. P. Marine Services Private Limited
Business Services,Hr Consulting,hr consulting,HR Consulting,Your HR Buddy,Ask Price,N/A,Not Found,Not Found,https://www.indiamart.com › your-hrbuddy › aboutus.html,Ahmedabad,N/A,N/A,https://4.imimg.com/data4/YQ/TN/MY-7621813/hr-consuting-250x250.jpg,https://www.indiamart.com/proddetail/hr-consulting-9379493712.html,GST Email Mobile Member: 12 yrs
Business Services,Hr Consulting,hr consulting,HR Consultancy Services,Canny Management Services Private Limited,Ask Price,HR Consultancy Services,+91 97278 82884,cannycms@gmail.com,https://cannymanagement.com?utm_source=chatgpt.com,Ahmedabad,N/A,N/A,https://5.imimg.com/data5/CX/EG/GLADMIN-3184058/hr-consultancy-services-250x250.jpg,https://www.indiamart.com/proddetail/hr-consultancy-services-15653063248.html,HR Consultancy Services
Business Services,Hr Consulting,hr consulting,"HR Consultancy Services, Pan India",Tushar Enterprise,Ask Price,"HR Consultancy Services, Pan India",Not Found,Not Found,https://tusharenterprise.co,Ahmedabad,N/A,N/A,https://5.imimg.com/data5/SELLER/Default/2021/12/KX/DT/VY/4476555/hr-management-250x250.jpg,https://www.indiamart.com/proddetail/hr-consultancy-services-23876273548.html,"HR Consultancy Services, Pan India"
Business Services,Hr Consulting,hr consulting,Hr Consultancy Services,Steerway Business Consultants,"₹ 12,000",Hr Consultancy Services,076240 13188,Not Found,http://www.steerway.in,Rajkot,N/A,N/A,https://5.imimg.com/data5/SELLER/Default/2024/11/466909664/MA/BD/MX/99197505/hr-consultancy-services-250x250.jpg,https://www.indiamart.com/proddetail/hr-consultancy-services-2855318034597.html,Hr Consultancy Services
Business Services,Hr Consulting,hr consulting,HR Consulting Services,Anvikshiki Consulting,"₹ 50,000",/Day,+91 92751 68978 ,anvikshiki@anvikshiki.com,https://anvikshiki.com/,Rajkot,N/A,N/A,https://5.imimg.com/data5/SELLER/Default/2025/10/551432118/SK/EU/LY/11279520/5-jpg-250x250.jpg,https://www.indiamart.com/proddetail/hr-consulting-services-2857651604373.html,HR Consulting Services
Business Services,Hr Consulting,hr consulting,HR Consultancy Services,Mewurk Technologies Private Limited,"₹ 15,000",HR Consultancy Services,+91 95123 26261,sales@mewurk.com,https://www.mewurk.com,Ahmedabad,N/A,N/A,https://5.imimg.com/data5/SELLER/Default/2026/2/585207689/ZJ/GF/PN/227824704/hr-consultancy-services-250x250.jpg,https://www.indiamart.com/proddetail/hr-consultancy-services-2858821945430.html,HR Consultancy Services
Business Services,Hr Consulting,hr consulting,HR Consultancy Services,Winner Staffing Solutions Private Limited,"₹ 1,000",HR Consultancy Services,092651 65025,Not Found,https://m.indiamart.com › winnerstaffingsolutions,Ahmedabad,N/A,N/A,https://5.imimg.com/data5/SELLER/Default/2023/7/322771208/FA/LN/NW/78165511/hr-consultancy-services-250x250.jpeg,https://www.indiamart.com/proddetail/hr-consultancy-services-2851697507588.html,HR Consultancy Services
Business Services,Hr Consulting,hr consulting,Human Resources Consulting Services,Impstra Business Consulting Private Limited,"₹ 25,000",/Month,+91 97277 44772,info@impstra.com,https://impstra.com,Surat,N/A,N/A,https://5.imimg.com/data5/SELLER/Default/2026/1/574270807/IJ/VI/JT/262153849/human-resources-consulting-services-250x250.png,https://www.indiamart.com/proddetail/human-resources-consulting-services-2858397310562.html,Human Resources Consulting Services
Business Services,Hr Consulting,hr consulting,Consultancy,O. P. Marine Services Private Limited,Ask Price,O. P. Marine Services Private Limited,+91 98252 15855,info@opmarine.in,https://opmarine.in,Gandhidham,N/A,N/A,https://2.imimg.com/data2/UW/WU/FCP-3153658/images-const2-250x250.jpg,https://www.indiamart.com/proddetail/consultancy-3008187897.html,O. P. Marine Services Private Limited
Business Services,Hr Consulting,hr consulting,HR Consulting,Your HR Buddy,Ask Price,N/A,Not Found,Not Found,https://www.indiamart.com › your-hrbuddy › aboutus.html,Ahmedabad,N/A,N/A,https://4.imimg.com/data4/YQ/TN/MY-7621813/hr-consuting-250x250.jpg,https://www.indiamart.com/proddetail/hr-consulting-9379493712.html,GST Email Mobile Member: 12 yrs
Business Services,Hr Consulting,hr consulting,HR Consultancy Services,Canny Management Services Private Limited,Ask Price,HR Consultancy Services,+91 97278 82884,cannycms@gmail.com,https://cannymanagement.com?utm_source=chatgpt.com,Ahmedabad,N/A,N/A,https://5.imimg.com/data5/CX/EG/GLADMIN-3184058/hr-consultancy-services-250x250.jpg,https://www.indiamart.com/proddetail/hr-consultancy-services-15653063248.html,HR Consultancy Services
Business Services,Hr Consulting,hr consulting,"HR Consultancy Services, Pan India",Tushar Enterprise,Ask Price,"HR Consultancy Services, Pan India",Not Found,Not Found,https://tusharenterprise.co,Ahmedabad,N/A,N/A,https://5.imimg.com/data5/SELLER/Default/2021/12/KX/DT/VY/4476555/hr-management-250x250.jpg,https://www.indiamart.com/proddetail/hr-consultancy-services-23876273548.html,"HR Consultancy Services, Pan India"
Business Services,Hr Consulting,hr consulting,Hr Consultancy Services,Steerway Business Consultants,"₹ 12,000",Hr Consultancy Services,076240 13188,Not Found,http://www.steerway.in,Rajkot,N/A,N/A,https://5.imimg.com/data5/SELLER/Default/2024/11/466909664/MA/BD/MX/99197505/hr-consultancy-services-250x250.jpg,https://www.indiamart.com/proddetail/hr-consultancy-services-2855318034597.html,Hr Consultancy Services
Business Services,Hr Consulting,hr consulting,HR Consulting Services,Anvikshiki Consulting,"₹ 50,000",/Day,+91 92751 68978 ,anvikshiki@anvikshiki.com,https://anvikshiki.com/,Rajkot,N/A,N/A,https://5.imimg.com/data5/SELLER/Default/2025/10/551432118/SK/EU/LY/11279520/5-jpg-250x250.jpg,https://www.indiamart.com/proddetail/hr-consulting-services-2857651604373.html,HR Consulting Services
Business Services,Hr Consulting,hr consulting,HR Consultancy Services,Mewurk Technologies Private Limited,"₹ 15,000",HR Consultancy Services,+91 95123 26261,sales@mewurk.com,https://www.mewurk.com,Ahmedabad,N/A,N/A,https://5.imimg.com/data5/SELLER/Default/2026/2/585207689/ZJ/GF/PN/227824704/hr-consultancy-services-250x250.jpg,https://www.indiamart.com/proddetail/hr-consultancy-services-2858821945430.html,HR Consultancy Services
Business Services,Hr Consulting,hr consulting,HR Consultancy Services,Winner Staffing Solutions Private Limited,"₹ 1,000",HR Consultancy Services,092651 65025,Not Found,https://m.indiamart.com › winnerstaffingsolutions,Ahmedabad,N/A,N/A,https://5.imimg.com/data5/SELLER/Default/2023/7/322771208/FA/LN/NW/78165511/hr-consultancy-services-250x250.jpeg,https://www.indiamart.com/proddetail/hr-consultancy-services-2851697507588.html,HR Consultancy Services
Business Services,Hr Consulting,hr consulting,Human Resources Consulting Services,Impstra Business Consulting Private Limited,"₹ 25,000",/Month,+91 97277 44772,info@impstra.com,https://impstra.com,Surat,N/A,N/A,https://5.imimg.com/data5/SELLER/Default/2026/1/574270807/IJ/VI/JT/262153849/human-resources-consulting-services-250x250.png,https://www.indiamart.com/proddetail/human-resources-consulting-services-2858397310562.html,Human Resources Consulting Services
Business Services,Hr Consulting,hr consulting,Consultancy,O. P. Marine Services Private Limited,Ask Price,O. P. Marine Services Private Limited,+91 98252 15855,info@opmarine.in,https://opmarine.in,Gandhidham,N/A,N/A,https://2.imimg.com/data2/UW/WU/FCP-3153658/images-const2-250x250.jpg,https://www.indiamart.com/proddetail/consultancy-3008187897.html,O. P. Marine Services Private Limited
Business Services,Hr Consulting,hr consulting,HR Consulting,Your HR Buddy,Ask Price,N/A,Not Found,Not Found,https://www.indiamart.com › your-hrbuddy › aboutus.html,Ahmedabad,N/A,N/A,https://4.imimg.com/data4/YQ/TN/MY-7621813/hr-consuting-250x250.jpg,https://www.indiamart.com/proddetail/hr-consulting-9379493712.html,GST Email Mobile Member: 12 yrs
Business Services,Hr Consulting,hr consulting,HR Consultancy Services,Canny Management Services Private Limited,Ask Price,HR Consultancy Services,+91 97278 82884,cannycms@gmail.com,https://cannymanagement.com?utm_source=chatgpt.com,Ahmedabad,N/A,N/A,https://5.imimg.com/data5/CX/EG/GLADMIN-3184058/hr-consultancy-services-250x250.jpg,https://www.indiamart.com/proddetail/hr-consultancy-services-15653063248.html,HR Consultancy Services
Business Services,Hr Consulting,hr consulting,"HR Consultancy Services, Pan India",Tushar Enterprise,Ask Price,"HR Consultancy Services, Pan India",Not Found,Not Found,https://tusharenterprise.co,Ahmedabad,N/A,N/A,https://5.imimg.com/data5/SELLER/Default/2021/12/KX/DT/VY/4476555/hr-management-250x250.jpg,https://www.indiamart.com/proddetail/hr-consultancy-services-23876273548.html,"HR Consultancy Services, Pan India"
Business Services,Hr Consulting,hr consulting,Hr Consultancy Services,Steerway Business Consultants,"₹ 12,000",Hr Consultancy Services,076240 13188,Not Found,http://www.steerway.in,Rajkot,N/A,N/A,https://5.imimg.com/data5/SELLER/Default/2024/11/466909664/MA/BD/MX/99197505/hr-consultancy-services-250x250.jpg,https://www.indiamart.com/proddetail/hr-consultancy-services-2855318034597.html,Hr Consultancy Services
Business Services,Hr Consulting,hr consulting,HR Consulting Services,Anvikshiki Consulting,"₹ 50,000",/Day,+91 92751 68978 ,anvikshiki@anvikshiki.com,https://anvikshiki.com/,Rajkot,N/A,N/A,https://5.imimg.com/data5/SELLER/Default/2025/10/551432118/SK/EU/LY/11279520/5-jpg-250x250.jpg,https://www.indiamart.com/proddetail/hr-consulting-services-2857651604373.html,HR Consulting Services
Business Services,Hr Consulting,hr consulting,HR Consultancy Services,Mewurk Technologies Private Limited,"₹ 15,000",HR Consultancy Services,+91 95123 26261,sales@mewurk.com,https://www.mewurk.com,Ahmedabad,N/A,N/A,https://5.imimg.com/data5/SELLER/Default/2026/2/585207689/ZJ/GF/PN/227824704/hr-consultancy-services-250x250.jpg,https://www.indiamart.com/proddetail/hr-consultancy-services-2858821945430.html,HR Consultancy Services
Business Services,Hr Consulting,hr consulting,HR Consultancy Services,Winner Staffing Solutions Private Limited,"₹ 1,000",HR Consultancy Services,092651 65025,Not Found,https://m.indiamart.com › winnerstaffingsolutions,Ahmedabad,N/A,N/A,https://5.imimg.com/data5/SELLER/Default/2023/7/322771208/FA/LN/NW/78165511/hr-consultancy-services-250x250.jpeg,https://www.indiamart.com/proddetail/hr-consultancy-services-2851697507588.html,HR Consultancy Services
Business Services,Hr Consulting,hr consulting,Human Resources Consulting Services,Impstra Business Consulting Private Limited,"₹ 25,000",/Month,+91 97277 44772,info@impstra.com,https://impstra.com,Surat,N/A,N/A,https://5.imimg.com/data5/SELLER/Default/2026/1/574270807/IJ/VI/JT/262153849/human-resources-consulting-services-250x250.png,https://www.indiamart.com/proddetail/human-resources-consulting-services-2858397310562.html,Human Resources Consulting Services
Business Services,Hr Consulting,hr consulting,Consultancy,O. P. Marine Services Private Limited,Ask Price,O. P. Marine Services Private Limited,+91 98252 15855,info@opmarine.in,https://opmarine.in,Gandhidham,N/A,N/A,https://2.imimg.com/data2/UW/WU/FCP-3153658/images-const2-250x250.jpg,https://www.indiamart.com/proddetail/consultancy-3008187897.html,O. P. Marine Services Private Limited
Business Services,Hr Consulting,hr consulting,HR Consulting,Your HR Buddy,Ask Price,N/A,Not Found,Not Found,https://www.indiamart.com › your-hrbuddy › aboutus.html,Ahmedabad,N/A,N/A,https://4.imimg.com/data4/YQ/TN/MY-7621813/hr-consuting-250x250.jpg,https://www.indiamart.com/proddetail/hr-consulting-9379493712.html,GST Email Mobile Member: 12 yrs
Business Services,Hr Consulting,hr consulting,HR Consultancy Services,Canny Management Services Private Limited,Ask Price,HR Consultancy Services,+91 97278 82884,cannycms@gmail.com,https://cannymanagement.com?utm_source=chatgpt.com,Ahmedabad,N/A,N/A,https://5.imimg.com/data5/CX/EG/GLADMIN-3184058/hr-consultancy-services-250x250.jpg,https://www.indiamart.com/proddetail/hr-consultancy-services-15653063248.html,HR Consultancy Services
Business Services,Hr Consulting,hr consulting,"HR Consultancy Services, Pan India",Tushar Enterprise,Ask Price,"HR Consultancy Services, Pan India",Not Found,Not Found,https://tusharenterprise.co,Ahmedabad,N/A,N/A,https://5.imimg.com/data5/SELLER/Default/2021/12/KX/DT/VY/4476555/hr-management-250x250.jpg,https://www.indiamart.com/proddetail/hr-consultancy-services-23876273548.html,"HR Consultancy Services, Pan India"
Business Services,Hr Consulting,hr consulting,Hr Consultancy Services,Steerway Business Consultants,"₹ 12,000",Hr Consultancy Services,076240 13188,Not Found,http://www.steerway.in,Rajkot,N/A,N/A,https://5.imimg.com/data5/SELLER/Default/2024/11/466909664/MA/BD/MX/99197505/hr-consultancy-services-250x250.jpg,https://www.indiamart.com/proddetail/hr-consultancy-services-2855318034597.html,Hr Consultancy Services
Business Services,Hr Consulting,hr consulting,HR Consulting Services,Anvikshiki Consulting,"₹ 50,000",/Day,+91 92751 68978 ,anvikshiki@anvikshiki.com,https://anvikshiki.com/,Rajkot,N/A,N/A,https://5.imimg.com/data5/SELLER/Default/2025/10/551432118/SK/EU/LY/11279520/5-jpg-250x250.jpg,https://www.indiamart.com/proddetail/hr-consulting-services-2857651604373.html,HR Consulting Services
Business Services,Hr Consulting,hr consulting,HR Consultancy Services,Mewurk Technologies Private Limited,"₹ 15,000",HR Consultancy Services,+91 95123 26261,sales@mewurk.com,https://www.mewurk.com,Ahmedabad,N/A,N/A,https://5.imimg.com/data5/SELLER/Default/2026/2/585207689/ZJ/GF/PN/227824704/hr-consultancy-services-250x250.jpg,https://www.indiamart.com/proddetail/hr-consultancy-services-2858821945430.html,HR Consultancy Services
Business Services,Hr Consulting,hr consulting,HR Consultancy Services,Winner Staffing Solutions Private Limited,"₹ 1,000",HR Consultancy Services,092651 65025,Not Found,https://m.indiamart.com › winnerstaffingsolutions,Ahmedabad,N/A,N/A,https://5.imimg.com/data5/SELLER/Default/2023/7/322771208/FA/LN/NW/78165511/hr-consultancy-services-250x250.jpeg,https://www.indiamart.com/proddetail/hr-consultancy-services-2851697507588.html,HR Consultancy Services
Business Services,Hr Consulting,hr consulting,Human Resources Consulting Services,Impstra Business Consulting Private Limited,"₹ 25,000",/Month,+91 97277 44772,info@impstra.com,https://impstra.com,Surat,N/A,N/A,https://5.imimg.com/data5/SELLER/Default/2026/1/574270807/IJ/VI/JT/262153849/human-resources-consulting-services-250x250.png,https://www.indiamart.com/proddetail/human-resources-consulting-services-2858397310562.html,Human Resources Consulting Services
Business Services,Hr Consulting,hr consulting,Consultancy,O. P. Marine Services Private Limited,Ask Price,O. P. Marine Services Private Limited,+91 98252 15855,info@opmarine.in,https://opmarine.in,Gandhidham,N/A,N/A,https://2.imimg.com/data2/UW/WU/FCP-3153658/images-const2-250x250.jpg,https://www.indiamart.com/proddetail/consultancy-3008187897.html,O. P. Marine Services Private Limited
Business Services,Hr Consulting,hr consulting,HR Consulting,Your HR Buddy,Ask Price,N/A,Not Found,Not Found,https://www.indiamart.com › your-hrbuddy › aboutus.html,Ahmedabad,N/A,N/A,https://4.imimg.com/data4/YQ/TN/MY-7621813/hr-consuting-250x250.jpg,https://www.indiamart.com/proddetail/hr-consulting-9379493712.html,GST Email Mobile Member: 12 yrs
Business Services,Hr Consulting,hr consulting,HR Consultancy Services,Canny Management Services Private Limited,Ask Price,HR Consultancy Services,+91 97278 82884,cannycms@gmail.com,https://cannymanagement.com?utm_source=chatgpt.com,Ahmedabad,N/A,N/A,https://5.imimg.com/data5/CX/EG/GLADMIN-3184058/hr-consultancy-services-250x250.jpg,https://www.indiamart.com/proddetail/hr-consultancy-services-15653063248.html,HR Consultancy Services
Business Services,Hr Consulting,hr consulting,"HR Consultancy Services, Pan India",Tushar Enterprise,Ask Price,"HR Consultancy Services, Pan India",Not Found,Not Found,https://tusharenterprise.co,Ahmedabad,N/A,N/A,https://5.imimg.com/data5/SELLER/Default/2021/12/KX/DT/VY/4476555/hr-management-250x250.jpg,https://www.indiamart.com/proddetail/hr-consultancy-services-23876273548.html,"HR Consultancy Services, Pan India"
Engineering Services,Civil Construction Services,civil construction services,Industrial Civil Construction Service,Dax Roofing Sheet Solution,₹ 375,N/A,7949374048,Not Found,Not Found,Junagadh,N/A,N/A,https://5.imimg.com/data5/SELLER/Default/2024/9/454842961/JC/CS/UT/67296755/industrial-civil-construction-service-250x250.jpg,https://www.indiamart.com/proddetail/industrial-civil-construction-service-2855024438873.html,Industrial Civil Construction Service
Engineering Services,Civil Construction Services,civil construction services,Industrial Civil Construction Service,Dax Roofing Sheet Solution,₹ 375,N/A,7949374048,Not Found,Not Found,Junagadh,N/A,N/A,https://5.imimg.com/data5/SELLER/Default/2024/9/454842961/JC/CS/UT/67296755/industrial-civil-construction-service-250x250.jpg,https://www.indiamart.com/proddetail/industrial-civil-construction-service-2855024438873.html,Industrial Civil Construction Service
Engineering Services,Civil Construction Services,civil construction services,Industrial Civil Construction Service,Dax Roofing Sheet Solution,₹ 375,N/A,7949374048,Not Found,Not Found,Junagadh,N/A,N/A,https://5.imimg.com/data5/SELLER/Default/2024/9/454842961/JC/CS/UT/67296755/industrial-civil-construction-service-250x250.jpg,https://www.indiamart.com/proddetail/industrial-civil-construction-service-2855024438873.html,Industrial Civil Construction Service
Engineering Services,Civil Construction Services,civil construction services,Industrial Civil Construction Service,Dax Roofing Sheet Solution,₹ 375,N/A,7949374048,Not Found,Not Found,Junagadh,N/A,N/A,https://5.imimg.com/data5/SELLER/Default/2024/9/454842961/JC/CS/UT/67296755/industrial-civil-construction-service-250x250.jpg,https://www.indiamart.com/proddetail/industrial-civil-construction-service-2855024438873.html,Industrial Civil Construction Service
Engineering Services,Civil Construction Services,civil construction services,Industrial Civil Construction Service,Dax Roofing Sheet Solution,₹ 375,N/A,7949374048,Not Found,Not Found,Junagadh,N/A,N/A,https://5.imimg.com/data5/SELLER/Default/2024/9/454842961/JC/CS/UT/67296755/industrial-civil-construction-service-250x250.jpg,https://www.indiamart.com/proddetail/industrial-civil-construction-service-2855024438873.html,Industrial Civil Construction Service
Engineering Services,Architecture Services,architecture services,Architecture Services,D & D Enterprise,₹ 20,N/A,82003 72402,info@dndap.com,https://www.dndap.com,Rajkot,N/A,N/A,https://5.imimg.com/data5/ANDROID/Default/2025/3/498356995/BA/ML/IM/114364320/product-jpeg-250x250.jpg,https://www.indiamart.com/proddetail/architecture-services-2856275859133.html,Architecture Services
Engineering Services,Architecture Services,architecture services,Architectural Design Services,S-Bay Infrastructure Private Limited,₹ 120,Architectural Design Services,Not Found,Not Found,https://www.indiamart.com › sbay-infrastructure-gujarat › profile.html,Junagadh,N/A,N/A,https://5.imimg.com/data5/ANDROID/Default/2026/1/574477262/HA/EF/XT/187804852/product-jpeg-250x250.jpg,https://www.indiamart.com/proddetail/architectural-design-services-2858463905648.html,Architectural Design Services
Engineering Services,Architecture Services,architecture services,Architectural Designing Service,Krushn Furniture,₹ 60,Architectural Designing Service,+91 97263 33335,info@krushnfurniture.com,https://krushnfurniture.com,Rajkot,N/A,N/A,https://5.imimg.com/data5/SELLER/Default/2025/11/557768430/KQ/AN/QV/109249331/architectural-designing-service-250x250.jpg,https://www.indiamart.com/proddetail/architectural-designing-service-22667639248.html,Architectural Designing Service
Engineering Services,Architecture Services,architecture services,Architectural 3D Section Views Sometric View Services,Packofy Packtech LLP,Ask Price,Architectural 3D Section Views Sometric View Services,Not Found,info@packofy.com,Website Not Found,Rajkot,N/A,N/A,https://3.imimg.com/data3/CQ/KX/MY-5215947/architectural-3d-section-views-isometric-view-250x250.jpg,https://www.indiamart.com/proddetail/architectural-3d-section-views-sometric-view-services-6506604191.html,Architectural 3D Section Views Sometric View Services
Engineering Services,Architecture Services,architecture services,Architectural Consultancy Services,Dhyey Associates,₹ 100,Architectural Consultancy Services,"+91 93285 20002, +91 90998 06768",dhyey_associates@yahoo.com,https://www.dhyeyassociates.com,Rajkot,N/A,N/A,https://5.imimg.com/data5/SELLER/Default/2024/9/449560492/SL/DU/OP/6811607/architectural-consultancy-service-250x250.jpg,https://www.indiamart.com/proddetail/architectural-consultancy-services-18117920812.html,Architectural Consultancy Services
Engineering Services,Architecture Services,architecture services,Architecture Services,D & D Enterprise,₹ 20,N/A,82003 72402,info@dndap.com,https://www.dndap.com,Rajkot,N/A,N/A,https://5.imimg.com/data5/ANDROID/Default/2025/3/498356995/BA/ML/IM/114364320/product-jpeg-250x250.jpg,https://www.indiamart.com/proddetail/architecture-services-2856275859133.html,Architecture Services
Engineering Services,Architecture Services,architecture services,Architectural Design Services,S-Bay Infrastructure Private Limited,₹ 120,Architectural Design Services,Not Found,Not Found,https://www.indiamart.com › sbay-infrastructure-gujarat › profile.html,Junagadh,N/A,N/A,https://5.imimg.com/data5/ANDROID/Default/2026/1/574477262/HA/EF/XT/187804852/product-jpeg-250x250.jpg,https://www.indiamart.com/proddetail/architectural-design-services-2858463905648.html,Architectural Design Services
Engineering Services,Architecture Services,architecture services,Architectural Designing Service,Krushn Furniture,₹ 60,Architectural Designing Service,+91 97263 33335,info@krushnfurniture.com,https://krushnfurniture.com,Rajkot,N/A,N/A,https://5.imimg.com/data5/SELLER/Default/2025/11/557768430/KQ/AN/QV/109249331/architectural-designing-service-250x250.jpg,https://www.indiamart.com/proddetail/architectural-designing-service-22667639248.html,Architectural Designing Service
Engineering Services,Architecture Services,architecture services,Architectural 3D Section Views Sometric View Services,Packofy Packtech LLP,Ask Price,Architectural 3D Section Views Sometric View Services,Not Found,info@packofy.com,Website Not Found,Rajkot,N/A,N/A,https://3.imimg.com/data3/CQ/KX/MY-5215947/architectural-3d-section-views-isometric-view-250x250.jpg,https://www.indiamart.com/proddetail/architectural-3d-section-views-sometric-view-services-6506604191.html,Architectural 3D Section Views Sometric View Services
Engineering Services,Architecture Services,architecture services,Architectural Consultancy Services,Dhyey Associates,₹ 100,Architectural Consultancy Services,"+91 93285 20002, +91 90998 06768",dhyey_associates@yahoo.com,https://www.dhyeyassociates.com,Rajkot,N/A,N/A,https://5.imimg.com/data5/SELLER/Default/2024/9/449560492/SL/DU/OP/6811607/architectural-consultancy-service-250x250.jpg,https://www.indiamart.com/proddetail/architectural-consultancy-services-18117920812.html,Architectural Consultancy Services
Engineering Services,Architecture Services,architecture services,Architecture Services,D & D Enterprise,₹ 20,N/A,82003 72402,info@dndap.com,https://www.dndap.com,Rajkot,N/A,N/A,https://5.imimg.com/data5/ANDROID/Default/2025/3/498356995/BA/ML/IM/114364320/product-jpeg-250x250.jpg,https://www.indiamart.com/proddetail/architecture-services-2856275859133.html,Architecture Services
Engineering Services,Architecture Services,architecture services,Architectural Design Services,S-Bay Infrastructure Private Limited,₹ 120,Architectural Design Services,Not Found,Not Found,https://www.indiamart.com › sbay-infrastructure-gujarat › profile.html,Junagadh,N/A,N/A,https://5.imimg.com/data5/ANDROID/Default/2026/1/574477262/HA/EF/XT/187804852/product-jpeg-250x250.jpg,https://www.indiamart.com/proddetail/architectural-design-services-2858463905648.html,Architectural Design Services
Engineering Services,Architecture Services,architecture services,Architectural Designing Service,Krushn Furniture,₹ 60,Architectural Designing Service,+91 97263 33335,info@krushnfurniture.com,https://krushnfurniture.com,Rajkot,N/A,N/A,https://5.imimg.com/data5/SELLER/Default/2025/11/557768430/KQ/AN/QV/109249331/architectural-designing-service-250x250.jpg,https://www.indiamart.com/proddetail/architectural-designing-service-22667639248.html,Architectural Designing Service
Engineering Services,Architecture Services,architecture services,Architectural 3D Section Views Sometric View Services,Packofy Packtech LLP,Ask Price,Architectural 3D Section Views Sometric View Services,Not Found,info@packofy.com,Website Not Found,Rajkot,N/A,N/A,https://3.imimg.com/data3/CQ/KX/MY-5215947/architectural-3d-section-views-isometric-view-250x250.jpg,https://www.indiamart.com/proddetail/architectural-3d-section-views-sometric-view-services-6506604191.html,Architectural 3D Section Views Sometric View Services
Engineering Services,Architecture Services,architecture services,Architectural Consultancy Services,Dhyey Associates,₹ 100,Architectural Consultancy Services,"+91 93285 20002, +91 90998 06768",dhyey_associates@yahoo.com,https://www.dhyeyassociates.com,Rajkot,N/A,N/A,https://5.imimg.com/data5/SELLER/Default/2024/9/449560492/SL/DU/OP/6811607/architectural-consultancy-service-250x250.jpg,https://www.indiamart.com/proddetail/architectural-consultancy-services-18117920812.html,Architectural Consultancy Services
Engineering Services,Architecture Services,architecture services,Architecture Services,D & D Enterprise,₹ 20,N/A,82003 72402,info@dndap.com,https://www.dndap.com,Rajkot,N/A,N/A,https://5.imimg.com/data5/ANDROID/Default/2025/3/498356995/BA/ML/IM/114364320/product-jpeg-250x250.jpg,https://www.indiamart.com/proddetail/architecture-services-2856275859133.html,Architecture Services
Engineering Services,Architecture Services,architecture services,Architectural Design Services,S-Bay Infrastructure Private Limited,₹ 120,Architectural Design Services,Not Found,Not Found,https://www.indiamart.com › sbay-infrastructure-gujarat › profile.html,Junagadh,N/A,N/A,https://5.imimg.com/data5/ANDROID/Default/2026/1/574477262/HA/EF/XT/187804852/product-jpeg-250x250.jpg,https://www.indiamart.com/proddetail/architectural-design-services-2858463905648.html,Architectural Design Services
Engineering Services,Architecture Services,architecture services,Architectural Designing Service,Krushn Furniture,₹ 60,Architectural Designing Service,+91 97263 33335,info@krushnfurniture.com,https://krushnfurniture.com,Rajkot,N/A,N/A,https://5.imimg.com/data5/SELLER/Default/2025/11/557768430/KQ/AN/QV/109249331/architectural-designing-service-250x250.jpg,https://www.indiamart.com/proddetail/architectural-designing-service-22667639248.html,Architectural Designing Service
Engineering Services,Architecture Services,architecture services,Architectural 3D Section Views Sometric View Services,Packofy Packtech LLP,Ask Price,Architectural 3D Section Views Sometric View Services,Not Found,info@packofy.com,Website Not Found,Rajkot,N/A,N/A,https://3.imimg.com/data3/CQ/KX/MY-5215947/architectural-3d-section-views-isometric-view-250x250.jpg,https://www.indiamart.com/proddetail/architectural-3d-section-views-sometric-view-services-6506604191.html,Architectural 3D Section Views Sometric View Services
Engineering Services,Architecture Services,architecture services,Architectural Consultancy Services,Dhyey Associates,₹ 100,Architectural Consultancy Services,"+91 93285 20002, +91 90998 06768",dhyey_associates@yahoo.com,https://www.dhyeyassociates.com,Rajkot,N/A,N/A,https://5.imimg.com/data5/SELLER/Default/2024/9/449560492/SL/DU/OP/6811607/architectural-consultancy-service-250x250.jpg,https://www.indiamart.com/proddetail/architectural-consultancy-services-18117920812.html,Architectural Consultancy Services
Engineering Services,Architecture Services,architecture services,Architecture Services,D & D Enterprise,₹ 20,N/A,82003 72402,info@dndap.com,https://www.dndap.com,Rajkot,N/A,N/A,https://5.imimg.com/data5/ANDROID/Default/2025/3/498356995/BA/ML/IM/114364320/product-jpeg-250x250.jpg,https://www.indiamart.com/proddetail/architecture-services-2856275859133.html,Architecture Services
Engineering Services,Architecture Services,architecture services,Architectural Design Services,S-Bay Infrastructure Private Limited,₹ 120,Architectural Design Services,Not Found,Not Found,https://www.indiamart.com › sbay-infrastructure-gujarat › profile.html,Junagadh,N/A,N/A,https://5.imimg.com/data5/ANDROID/Default/2026/1/574477262/HA/EF/XT/187804852/product-jpeg-250x250.jpg,https://www.indiamart.com/proddetail/architectural-design-services-2858463905648.html,Architectural Design Services
Engineering Services,Architecture Services,architecture services,Architectural Designing Service,Krushn Furniture,₹ 60,Architectural Designing Service,+91 97263 33335,info@krushnfurniture.com,https://krushnfurniture.com,Rajkot,N/A,N/A,https://5.imimg.com/data5/SELLER/Default/2025/11/557768430/KQ/AN/QV/109249331/architectural-designing-service-250x250.jpg,https://www.indiamart.com/proddetail/architectural-designing-service-22667639248.html,Architectural Designing Service
Engineering Services,Architecture Services,architecture services,Architectural 3D Section Views Sometric View Services,Packofy Packtech LLP,Ask Price,Architectural 3D Section Views Sometric View Services,Not Found,info@packofy.com,Website Not Found,Rajkot,N/A,N/A,https://3.imimg.com/data3/CQ/KX/MY-5215947/architectural-3d-section-views-isometric-view-250x250.jpg,https://www.indiamart.com/proddetail/architectural-3d-section-views-sometric-view-services-6506604191.html,Architectural 3D Section Views Sometric View Services
Engineering Services,Architecture Services,architecture services,Architectural Consultancy Services,Dhyey Associates,₹ 100,Architectural Consultancy Services,"+91 93285 20002, +91 90998 06768",dhyey_associates@yahoo.com,https://www.dhyeyassociates.com,Rajkot,N/A,N/A,https://5.imimg.com/data5/SELLER/Default/2024/9/449560492/SL/DU/OP/6811607/architectural-consultancy-service-250x250.jpg,https://www.indiamart.com/proddetail/architectural-consultancy-services-18117920812.html,Architectural Consultancy Services
Engineering Services,Interior Design Services,interior design services,Interior Designer Service,Krushn Furniture,₹ 60,Interior Designer Service,+91 97263 33335,info@krushnfurniture.com,https://krushnfurniture.com,Rajkot,N/A,N/A,https://5.imimg.com/data5/ANDROID/Default/2026/1/578263033/FT/WW/FJ/109249331/product-jpeg-250x250.jpg,https://www.indiamart.com/proddetail/interior-designer-service-2857959416130.html,Interior Designer Service
Engineering Services,Interior Design Services,interior design services,3D Virtual Staging Service,Milanoiz Render LLP,₹ 150,3D Virtual Staging Service,+91 97277 75558,info@milanoiz.com,https://milanoiz.com,Rajkot,N/A,N/A,https://5.imimg.com/data5/SELLER/Default/2025/8/537845874/LT/KS/HI/248692109/3d-virtual-staging-service-250x250.jpeg,https://www.indiamart.com/proddetail/3d-virtual-staging-service-2856956905691.html,3D Virtual Staging Service
Engineering Services,Interior Design Services,interior design services,Office Interior Designing Service,Nisi Interior,₹ 100,Office Interior Designing Service,+91 97263 90444,info@nisiinterior.com,https://nisiinterior.com,Rajkot,N/A,N/A,https://5.imimg.com/data5/SELLER/Default/2025/12/570625782/AW/LH/BR/18896549/office-interior-designing-service-250x250.jpg,https://www.indiamart.com/proddetail/office-interior-designing-service-2858123274333.html,Office Interior Designing Service
Engineering Services,Interior Design Services,interior design services,Interior Design,S-Bay Infrastructure Private Limited,₹ 150,N/A,Not Found,Not Found,https://www.indiamart.com › sbay-infrastructure-gujarat › profile.html,Junagadh,N/A,N/A,https://5.imimg.com/data5/ANDROID/Default/2026/1/574480189/XI/NB/AM/187804852/product-jpeg-250x250.jpg,https://www.indiamart.com/proddetail/interior-design-2858464074348.html,S-Bay Infrastructure Private Limited
Engineering Services,Interior Design Services,interior design services,Interior Designer Service,D & D Enterprise,₹ 50,Interior Designer Service,82003 72402,info@dndap.com,https://www.dndap.com,Rajkot,N/A,N/A,https://5.imimg.com/data5/ANDROID/Default/2025/3/498344765/ZM/IY/RL/114364320/product-jpeg-250x250.jpg,https://www.indiamart.com/proddetail/interior-designer-service-2856275765333.html,Interior Designer Service
Engineering Services,Interior Design Services,interior design services,Office Interior Designing Service,Parmar Furniture,"₹ 30,500",Office Interior Designing Service,Not Found,Not Found,Website Not Confirmed,Rajkot,N/A,N/A,https://5.imimg.com/data5/SELLER/Default/2025/12/565552683/AT/YL/AA/61106791/gemini-generated-image-lsdpxjlsdpxjlsdp-1-250x250.png,https://www.indiamart.com/proddetail/office-interior-designing-service-2858096351662.html,Office Interior Designing Service
Engineering Services,Interior Design Services,interior design services,Office Interior Designing Service,Sagun Enterprise,₹ 100,Office Interior Designing Service,Not Found,Not Found,Indian Yellow Pageshttps://www.indianyellowpages.com › rajkot,Rajkot,N/A,N/A,https://5.imimg.com/data5/SELLER/Default/2025/7/524141184/FY/MA/BG/124932325/office-interior-designing-service-250x250.jpg,https://www.indiamart.com/proddetail/office-interior-designing-service-2856811029133.html,Office Interior Designing Service
Engineering Services,Interior Design Services,interior design services,Interior Designer,Yogesh Vithalbhai Chudasama,Ask Price,N/A,Not Found,Not Found,https://gst.unifers.ai › gst › yogesh-vithalbhai-chudasama,Rajkot,N/A,N/A,https://3.imimg.com/data3/AX/BQ/ANDROID-15191585/1428819930998-250x250.jpeg,https://www.indiamart.com/proddetail/interior-designer-9119110873.html,Yogesh Vithalbhai Chudasama
Engineering Services,Interior Design Services,interior design services,Interior Designing Service,Elevate Interior,₹ 100,Interior Designing Service,"+91 94085 75758, +91 81605 91292",elevateinterior.in@gmail.com,https://elevateinterior.in,Rajkot,N/A,N/A,https://5.imimg.com/data5/SELLER/Default/2022/3/UO/RI/GY/9705000/interior-designing-service-250x250.jpg,https://www.indiamart.com/proddetail/interior-designing-service-25154382873.html,Interior Designing Service
Engineering Services,Interior Design Services,interior design services,Interior Designer Service,Krushn Furniture,₹ 60,Interior Designer Service,+91 97263 33335,info@krushnfurniture.com,https://krushnfurniture.com,Rajkot,N/A,N/A,https://5.imimg.com/data5/ANDROID/Default/2026/1/578263033/FT/WW/FJ/109249331/product-jpeg-250x250.jpg,https://www.indiamart.com/proddetail/interior-designer-service-2857959416130.html,Interior Designer Service
Engineering Services,Interior Design Services,interior design services,3D Virtual Staging Service,Milanoiz Render LLP,₹ 150,3D Virtual Staging Service,+91 97277 75558,info@milanoiz.com,https://milanoiz.com,Rajkot,N/A,N/A,https://5.imimg.com/data5/SELLER/Default/2025/8/537845874/LT/KS/HI/248692109/3d-virtual-staging-service-250x250.jpeg,https://www.indiamart.com/proddetail/3d-virtual-staging-service-2856956905691.html,3D Virtual Staging Service
Engineering Services,Interior Design Services,interior design services,Office Interior Designing Service,Nisi Interior,₹ 100,Office Interior Designing Service,+91 97263 90444,info@nisiinterior.com,https://nisiinterior.com,Rajkot,N/A,N/A,https://5.imimg.com/data5/SELLER/Default/2025/12/570625782/AW/LH/BR/18896549/office-interior-designing-service-250x250.jpg,https://www.indiamart.com/proddetail/office-interior-designing-service-2858123274333.html,Office Interior Designing Service
Engineering Services,Interior Design Services,interior design services,Interior Design,S-Bay Infrastructure Private Limited,₹ 150,N/A,Not Found,Not Found,https://www.indiamart.com › sbay-infrastructure-gujarat › profile.html,Junagadh,N/A,N/A,https://5.imimg.com/data5/ANDROID/Default/2026/1/574480189/XI/NB/AM/187804852/product-jpeg-250x250.jpg,https://www.indiamart.com/proddetail/interior-design-2858464074348.html,S-Bay Infrastructure Private Limited
Engineering Services,Interior Design Services,interior design services,Interior Designer Service,D & D Enterprise,₹ 50,Interior Designer Service,82003 72402,info@dndap.com,https://www.dndap.com,Rajkot,N/A,N/A,https://5.imimg.com/data5/ANDROID/Default/2025/3/498344765/ZM/IY/RL/114364320/product-jpeg-250x250.jpg,https://www.indiamart.com/proddetail/interior-designer-service-2856275765333.html,Interior Designer Service
Engineering Services,Interior Design Services,interior design services,Office Interior Designing Service,Parmar Furniture,"₹ 30,500",Office Interior Designing Service,Not Found,Not Found,Website Not Confirmed,Rajkot,N/A,N/A,https://5.imimg.com/data5/SELLER/Default/2025/12/565552683/AT/YL/AA/61106791/gemini-generated-image-lsdpxjlsdpxjlsdp-1-250x250.png,https://www.indiamart.com/proddetail/office-interior-designing-service-2858096351662.html,Office Interior Designing Service
Engineering Services,Interior Design Services,interior design services,Office Interior Designing Service,Sagun Enterprise,₹ 100,Office Interior Designing Service,Not Found,Not Found,Indian Yellow Pageshttps://www.indianyellowpages.com › rajkot,Rajkot,N/A,N/A,https://5.imimg.com/data5/SELLER/Default/2025/7/524141184/FY/MA/BG/124932325/office-interior-designing-service-250x250.jpg,https://www.indiamart.com/proddetail/office-interior-designing-service-2856811029133.html,Office Interior Designing Service
Engineering Services,Interior Design Services,interior design services,Interior Designer,Yogesh Vithalbhai Chudasama,Ask Price,N/A,Not Found,Not Found,https://gst.unifers.ai › gst › yogesh-vithalbhai-chudasama,Rajkot,N/A,N/A,https://3.imimg.com/data3/AX/BQ/ANDROID-15191585/1428819930998-250x250.jpeg,https://www.indiamart.com/proddetail/interior-designer-9119110873.html,Yogesh Vithalbhai Chudasama
Engineering Services,Interior Design Services,interior design services,Interior Designing Service,Elevate Interior,₹ 100,Interior Designing Service,"+91 94085 75758, +91 81605 91292",elevateinterior.in@gmail.com,https://elevateinterior.in,Rajkot,N/A,N/A,https://5.imimg.com/data5/SELLER/Default/2022/3/UO/RI/GY/9705000/interior-designing-service-250x250.jpg,https://www.indiamart.com/proddetail/interior-designing-service-25154382873.html,Interior Designing Service
Engineering Services,Interior Design Services,interior design services,Interior Designer Service,Krushn Furniture,₹ 60,Interior Designer Service,+91 97263 33335,info@krushnfurniture.com,https://krushnfurniture.com,Rajkot,N/A,N/A,https://5.imimg.com/data5/ANDROID/Default/2026/1/578263033/FT/WW/FJ/109249331/product-jpeg-250x250.jpg,https://www.indiamart.com/proddetail/interior-designer-service-2857959416130.html,Interior Designer Service
Engineering Services,Interior Design Services,interior design services,3D Virtual Staging Service,Milanoiz Render LLP,₹ 150,3D Virtual Staging Service,+91 97277 75558,info@milanoiz.com,https://milanoiz.com,Rajkot,N/A,N/A,https://5.imimg.com/data5/SELLER/Default/2025/8/537845874/LT/KS/HI/248692109/3d-virtual-staging-service-250x250.jpeg,https://www.indiamart.com/proddetail/3d-virtual-staging-service-2856956905691.html,3D Virtual Staging Service
Engineering Services,Interior Design Services,interior design services,Office Interior Designing Service,Nisi Interior,₹ 100,Office Interior Designing Service,+91 97263 90444,info@nisiinterior.com,https://nisiinterior.com,Rajkot,N/A,N/A,https://5.imimg.com/data5/SELLER/Default/2025/12/570625782/AW/LH/BR/18896549/office-interior-designing-service-250x250.jpg,https://www.indiamart.com/proddetail/office-interior-designing-service-2858123274333.html,Office Interior Designing Service
Engineering Services,Interior Design Services,interior design services,Interior Design,S-Bay Infrastructure Private Limited,₹ 150,N/A,Not Found,Not Found,https://www.indiamart.com › sbay-infrastructure-gujarat › profile.html,Junagadh,N/A,N/A,https://5.imimg.com/data5/ANDROID/Default/2026/1/574480189/XI/NB/AM/187804852/product-jpeg-250x250.jpg,https://www.indiamart.com/proddetail/interior-design-2858464074348.html,S-Bay Infrastructure Private Limited
Engineering Services,Interior Design Services,interior design services,Interior Designer Service,D & D Enterprise,₹ 50,Interior Designer Service,82003 72402,info@dndap.com,https://www.dndap.com,Rajkot,N/A,N/A,https://5.imimg.com/data5/ANDROID/Default/2025/3/498344765/ZM/IY/RL/114364320/product-jpeg-250x250.jpg,https://www.indiamart.com/proddetail/interior-designer-service-2856275765333.html,Interior Designer Service
Engineering Services,Interior Design Services,interior design services,Office Interior Designing Service,Parmar Furniture,"₹ 30,500",Office Interior Designing Service,Not Found,Not Found,Website Not Confirmed,Rajkot,N/A,N/A,https://5.imimg.com/data5/SELLER/Default/2025/12/565552683/AT/YL/AA/61106791/gemini-generated-image-lsdpxjlsdpxjlsdp-1-250x250.png,https://www.indiamart.com/proddetail/office-interior-designing-service-2858096351662.html,Office Interior Designing Service
Engineering Services,Interior Design Services,interior design services,Office Interior Designing Service,Sagun Enterprise,₹ 100,Office Interior Designing Service,Not Found,Not Found,Indian Yellow Pageshttps://www.indianyellowpages.com › rajkot,Rajkot,N/A,N/A,https://5.imimg.com/data5/SELLER/Default/2025/7/524141184/FY/MA/BG/124932325/office-interior-designing-service-250x250.jpg,https://www.indiamart.com/proddetail/office-interior-designing-service-2856811029133.html,Office Interior Designing Service
Engineering Services,Interior Design Services,interior design services,Interior Designer,Yogesh Vithalbhai Chudasama,Ask Price,N/A,Not Found,Not Found,https://gst.unifers.ai › gst › yogesh-vithalbhai-chudasama,Rajkot,N/A,N/A,https://3.imimg.com/data3/AX/BQ/ANDROID-15191585/1428819930998-250x250.jpeg,https://www.indiamart.com/proddetail/interior-designer-9119110873.html,Yogesh Vithalbhai Chudasama
Engineering Services,Interior Design Services,interior design services,Interior Designing Service,Elevate Interior,₹ 100,Interior Designing Service,"+91 94085 75758, +91 81605 91292",elevateinterior.in@gmail.com,https://elevateinterior.in,Rajkot,N/A,N/A,https://5.imimg.com/data5/SELLER/Default/2022/3/UO/RI/GY/9705000/interior-designing-service-250x250.jpg,https://www.indiamart.com/proddetail/interior-designing-service-25154382873.html,Interior Designing Service
Engineering Services,Interior Design Services,interior design services,Interior Designer Service,Krushn Furniture,₹ 60,Interior Designer Service,+91 97263 33335,info@krushnfurniture.com,https://krushnfurniture.com,Rajkot,N/A,N/A,https://5.imimg.com/data5/ANDROID/Default/2026/1/578263033/FT/WW/FJ/109249331/product-jpeg-250x250.jpg,https://www.indiamart.com/proddetail/interior-designer-service-2857959416130.html,Interior Designer Service
Engineering Services,Interior Design Services,interior design services,3D Virtual Staging Service,Milanoiz Render LLP,₹ 150,3D Virtual Staging Service,+91 97277 75558,info@milanoiz.com,https://milanoiz.com,Rajkot,N/A,N/A,https://5.imimg.com/data5/SELLER/Default/2025/8/537845874/LT/KS/HI/248692109/3d-virtual-staging-service-250x250.jpeg,https://www.indiamart.com/proddetail/3d-virtual-staging-service-2856956905691.html,3D Virtual Staging Service
Engineering Services,Interior Design Services,interior design services,Office Interior Designing Service,Nisi Interior,₹ 100,Office Interior Designing Service,+91 97263 90444,info@nisiinterior.com,https://nisiinterior.com,Rajkot,N/A,N/A,https://5.imimg.com/data5/SELLER/Default/2025/12/570625782/AW/LH/BR/18896549/office-interior-designing-service-250x250.jpg,https://www.indiamart.com/proddetail/office-interior-designing-service-2858123274333.html,Office Interior Designing Service
Engineering Services,Interior Design Services,interior design services,Interior Design,S-Bay Infrastructure Private Limited,₹ 150,N/A,Not Found,Not Found,https://www.indiamart.com › sbay-infrastructure-gujarat › profile.html,Junagadh,N/A,N/A,https://5.imimg.com/data5/ANDROID/Default/2026/1/574480189/XI/NB/AM/187804852/product-jpeg-250x250.jpg,https://www.indiamart.com/proddetail/interior-design-2858464074348.html,S-Bay Infrastructure Private Limited
Engineering Services,Interior Design Services,interior design services,Interior Designer Service,D & D Enterprise,₹ 50,Interior Designer Service,82003 72402,info@dndap.com,https://www.dndap.com,Rajkot,N/A,N/A,https://5.imimg.com/data5/ANDROID/Default/2025/3/498344765/ZM/IY/RL/114364320/product-jpeg-250x250.jpg,https://www.indiamart.com/proddetail/interior-designer-service-2856275765333.html,Interior Designer Service
Engineering Services,Interior Design Services,interior design services,Office Interior Designing Service,Parmar Furniture,"₹ 30,500",Office Interior Designing Service,Not Found,Not Found,Website Not Confirmed,Rajkot,N/A,N/A,https://5.imimg.com/data5/SELLER/Default/2025/12/565552683/AT/YL/AA/61106791/gemini-generated-image-lsdpxjlsdpxjlsdp-1-250x250.png,https://www.indiamart.com/proddetail/office-interior-designing-service-2858096351662.html,Office Interior Designing Service
Engineering Services,Interior Design Services,interior design services,Office Interior Designing Service,Sagun Enterprise,₹ 100,Office Interior Designing Service,Not Found,Not Found,Indian Yellow Pageshttps://www.indianyellowpages.com › rajkot,Rajkot,N/A,N/A,https://5.imimg.com/data5/SELLER/Default/2025/7/524141184/FY/MA/BG/124932325/office-interior-designing-service-250x250.jpg,https://www.indiamart.com/proddetail/office-interior-designing-service-2856811029133.html,Office Interior Designing Service
Engineering Services,Interior Design Services,interior design services,Interior Designer,Yogesh Vithalbhai Chudasama,Ask Price,N/A,Not Found,Not Found,https://gst.unifers.ai › gst › yogesh-vithalbhai-chudasama,Rajkot,N/A,N/A,https://3.imimg.com/data3/AX/BQ/ANDROID-15191585/1428819930998-250x250.jpeg,https://www.indiamart.com/proddetail/interior-designer-9119110873.html,Yogesh Vithalbhai Chudasama
Engineering Services,Interior Design Services,interior design services,Interior Designing Service,Elevate Interior,₹ 100,Interior Designing Service,"+91 94085 75758, +91 81605 91292",elevateinterior.in@gmail.com,https://elevateinterior.in,Rajkot,N/A,N/A,https://5.imimg.com/data5/SELLER/Default/2022/3/UO/RI/GY/9705000/interior-designing-service-250x250.jpg,https://www.indiamart.com/proddetail/interior-designing-service-25154382873.html,Interior Designing Service
Engineering Services,Interior Design Services,interior design services,Interior Designer Service,Krushn Furniture,₹ 60,Interior Designer Service,+91 97263 33335,info@krushnfurniture.com,https://krushnfurniture.com,Rajkot,N/A,N/A,https://5.imimg.com/data5/ANDROID/Default/2026/1/578263033/FT/WW/FJ/109249331/product-jpeg-250x250.jpg,https://www.indiamart.com/proddetail/interior-designer-service-2857959416130.html,Interior Designer Service
Engineering Services,Interior Design Services,interior design services,3D Virtual Staging Service,Milanoiz Render LLP,₹ 150,3D Virtual Staging Service,+91 97277 75558,info@milanoiz.com,https://milanoiz.com,Rajkot,N/A,N/A,https://5.imimg.com/data5/SELLER/Default/2025/8/537845874/LT/KS/HI/248692109/3d-virtual-staging-service-250x250.jpeg,https://www.indiamart.com/proddetail/3d-virtual-staging-service-2856956905691.html,3D Virtual Staging Service
Engineering Services,Interior Design Services,interior design services,Office Interior Designing Service,Nisi Interior,₹ 100,Office Interior Designing Service,+91 97263 90444,info@nisiinterior.com,https://nisiinterior.com,Rajkot,N/A,N/A,https://5.imimg.com/data5/SELLER/Default/2025/12/570625782/AW/LH/BR/18896549/office-interior-designing-service-250x250.jpg,https://www.indiamart.com/proddetail/office-interior-designing-service-2858123274333.html,Office Interior Designing Service
Engineering Services,Interior Design Services,interior design services,Interior Design,S-Bay Infrastructure Private Limited,₹ 150,N/A,Not Found,Not Found,https://www.indiamart.com › sbay-infrastructure-gujarat › profile.html,Junagadh,N/A,N/A,https://5.imimg.com/data5/ANDROID/Default/2026/1/574480189/XI/NB/AM/187804852/product-jpeg-250x250.jpg,https://www.indiamart.com/proddetail/interior-design-2858464074348.html,S-Bay Infrastructure Private Limited
Engineering Services,Interior Design Services,interior design services,Interior Designer Service,D & D Enterprise,₹ 50,Interior Designer Service,82003 72402,info@dndap.com,https://www.dndap.com,Rajkot,N/A,N/A,https://5.imimg.com/data5/ANDROID/Default/2025/3/498344765/ZM/IY/RL/114364320/product-jpeg-250x250.jpg,https://www.indiamart.com/proddetail/interior-designer-service-2856275765333.html,Interior Designer Service
Engineering Services,Interior Design Services,interior design services,Office Interior Designing Service,Parmar Furniture,"₹ 30,500",Office Interior Designing Service,Not Found,Not Found,Website Not Confirmed,Rajkot,N/A,N/A,https://5.imimg.com/data5/SELLER/Default/2025/12/565552683/AT/YL/AA/61106791/gemini-generated-image-lsdpxjlsdpxjlsdp-1-250x250.png,https://www.indiamart.com/proddetail/office-interior-designing-service-2858096351662.html,Office Interior Designing Service
Engineering Services,Interior Design Services,interior design services,Office Interior Designing Service,Sagun Enterprise,₹ 100,Office Interior Designing Service,Not Found,Not Found,Indian Yellow Pageshttps://www.indianyellowpages.com › rajkot,Rajkot,N/A,N/A,https://5.imimg.com/data5/SELLER/Default/2025/7/524141184/FY/MA/BG/124932325/office-interior-designing-service-250x250.jpg,https://www.indiamart.com/proddetail/office-interior-designing-service-2856811029133.html,Office Interior Designing Service
Engineering Services,Interior Design Services,interior design services,Interior Designer,Yogesh Vithalbhai Chudasama,Ask Price,N/A,Not Found,Not Found,https://gst.unifers.ai › gst › yogesh-vithalbhai-chudasama,Rajkot,N/A,N/A,https://3.imimg.com/data3/AX/BQ/ANDROID-15191585/1428819930998-250x250.jpeg,https://www.indiamart.com/proddetail/interior-designer-9119110873.html,Yogesh Vithalbhai Chudasama
Engineering Services,Interior Design Services,interior design services,Interior Designing Service,Elevate Interior,₹ 100,Interior Designing Service,"+91 94085 75758, +91 81605 91292",elevateinterior.in@gmail.com,https://elevateinterior.in,Rajkot,N/A,N/A,https://5.imimg.com/data5/SELLER/Default/2022/3/UO/RI/GY/9705000/interior-designing-service-250x250.jpg,https://www.indiamart.com/proddetail/interior-designing-service-25154382873.html,Interior Designing Service
Engineering Services,Fabrication Services,fabrication services,Heavy Fabrication Works,Jay Bhavani Industries & Febrication,Ask Price,N/A,"+91 94091 51515, +91 77119 90015",info@jaybhavaniindustries.com,https://www.jaybhavaniindustries.com,Rajkot,N/A,N/A,https://5.imimg.com/data5/SELLER/Default/2026/4/597633966/EG/FO/HG/2489140/heavy-fabrication-works-250x250.jpg,https://www.indiamart.com/proddetail/heavy-fabrication-works-2859054335562.html,Heavy Fabrication Works
Engineering Services,Fabrication Services,fabrication services,Stainless Steel Drum Fabrication,Balaji Industries,₹ 120,N/A,+91 99130 15396,info@balajiindustries.co.in,https://balajiindustries.co.in?utm_source=chatgpt.com,Shapar,N/A,N/A,https://5.imimg.com/data5/SELLER/Default/2022/9/TG/EE/PZ/108459896/stainless-steel-drum-fabrication-service-250x250.jpg,https://www.indiamart.com/proddetail/stainless-steel-drum-fabrication-26560806897.html,Stainless Steel Drum Fabrication
Engineering Services,Fabrication Services,fabrication services,Ms Fabrication Service,Anant Solutions,₹ 80,N/A,7942825069,NA,www.anantsolutions.in,Ghaziabad - Deals in Amreli,N/A,N/A,https://5.imimg.com/data5/SELLER/Default/2023/5/311369531/WT/NS/SF/37264228/fabrication-services-250x250.jpg,https://www.indiamart.com/proddetail/ms-fabrication-service-2851292270930.html,Ms Fabrication Service
Engineering Services,Fabrication Services,fabrication services,"Ms Prefabricated Industrial Shed Fabrication Service, In Pan India",Patel Engineering And Welding Works,"₹ 1,550",N/A,+91 75758 08550,info@patelengineeringworks.in,https://www.patelengineeringworks.in,Botad,N/A,N/A,https://5.imimg.com/data5/SELLER/Default/2022/1/YI/PJ/WK/49614883/ms-prefabricated-industrial-shed-250x250.jpg,https://www.indiamart.com/proddetail/ms-prefabricated-industrial-shed-fabrication-service-24672436791.html,"Ms Prefabricated Industrial Shed Fabrication Service, In Pan India"
Engineering Services,Fabrication Services,fabrication services,Heavy Fabrication Works,Jay Bhavani Industries & Febrication,Ask Price,N/A,"+91 94091 51515, +91 77119 90015",info@jaybhavaniindustries.com,https://www.jaybhavaniindustries.com,Rajkot,N/A,N/A,https://5.imimg.com/data5/SELLER/Default/2026/4/597633966/EG/FO/HG/2489140/heavy-fabrication-works-250x250.jpg,https://www.indiamart.com/proddetail/heavy-fabrication-works-2859054335562.html,Heavy Fabrication Works
Engineering Services,Fabrication Services,fabrication services,Stainless Steel Drum Fabrication,Balaji Industries,₹ 120,N/A,+91 99130 15396,info@balajiindustries.co.in,https://balajiindustries.co.in?utm_source=chatgpt.com,Shapar,N/A,N/A,https://5.imimg.com/data5/SELLER/Default/2022/9/TG/EE/PZ/108459896/stainless-steel-drum-fabrication-service-250x250.jpg,https://www.indiamart.com/proddetail/stainless-steel-drum-fabrication-26560806897.html,Stainless Steel Drum Fabrication
Engineering Services,Fabrication Services,fabrication services,Ms Fabrication Service,Anant Solutions,₹ 80,N/A,7942825069,NA,www.anantsolutions.in,Ghaziabad - Deals in Amreli,N/A,N/A,https://5.imimg.com/data5/SELLER/Default/2023/5/311369531/WT/NS/SF/37264228/fabrication-services-250x250.jpg,https://www.indiamart.com/proddetail/ms-fabrication-service-2851292270930.html,Ms Fabrication Service
Engineering Services,Fabrication Services,fabrication services,"Ms Prefabricated Industrial Shed Fabrication Service, In Pan India",Patel Engineering And Welding Works,"₹ 1,550",N/A,NA,NA,https://www.anantsolutions.in,Botad,N/A,N/A,https://5.imimg.com/data5/SELLER/Default/2022/1/YI/PJ/WK/49614883/ms-prefabricated-industrial-shed-250x250.jpg,https://www.indiamart.com/proddetail/ms-prefabricated-industrial-shed-fabrication-service-24672436791.html,"Ms Prefabricated Industrial Shed Fabrication Service, In Pan India"
Engineering Services,Fabrication Services,fabrication services,Heavy Fabrication Works,Jay Bhavani Industries & Febrication,Ask Price,N/A,"+91 94091 51515, +91 77119 90015",info@jaybhavaniindustries.com,https://www.jaybhavaniindustries.com,Rajkot,N/A,N/A,https://5.imimg.com/data5/SELLER/Default/2026/4/597633966/EG/FO/HG/2489140/heavy-fabrication-works-250x250.jpg,https://www.indiamart.com/proddetail/heavy-fabrication-works-2859054335562.html,Heavy Fabrication Works
Engineering Services,Fabrication Services,fabrication services,Stainless Steel Drum Fabrication,Balaji Industries,₹ 120,N/A,+91 99130 15396,info@balajiindustries.co.in,https://balajiindustries.co.in?utm_source=chatgpt.com,Shapar,N/A,N/A,https://5.imimg.com/data5/SELLER/Default/2022/9/TG/EE/PZ/108459896/stainless-steel-drum-fabrication-service-250x250.jpg,https://www.indiamart.com/proddetail/stainless-steel-drum-fabrication-26560806897.html,Stainless Steel Drum Fabrication
Engineering Services,Fabrication Services,fabrication services,Ms Fabrication Service,Anant Solutions,₹ 80,N/A,7942825069,NA,www.anantsolutions.in,Ghaziabad - Deals in Amreli,N/A,N/A,https://5.imimg.com/data5/SELLER/Default/2023/5/311369531/WT/NS/SF/37264228/fabrication-services-250x250.jpg,https://www.indiamart.com/proddetail/ms-fabrication-service-2851292270930.html,Ms Fabrication Service
Engineering Services,Fabrication Services,fabrication services,"Ms Prefabricated Industrial Shed Fabrication Service, In Pan India",Patel Engineering And Welding Works,"₹ 1,550",N/A,+91 75758 08550,info@patelengineeringworks.in,https://www.patelengineeringworks.in,Botad,N/A,N/A,https://5.imimg.com/data5/SELLER/Default/2022/1/YI/PJ/WK/49614883/ms-prefabricated-industrial-shed-250x250.jpg,https://www.indiamart.com/proddetail/ms-prefabricated-industrial-shed-fabrication-service-24672436791.html,"Ms Prefabricated Industrial Shed Fabrication Service, In Pan India"
Engineering Services,Fabrication Services,fabrication services,Heavy Fabrication Works,Jay Bhavani Industries & Febrication,Ask Price,N/A,"+91 94091 51515, +91 77119 90015",info@jaybhavaniindustries.com,https://www.jaybhavaniindustries.com,Rajkot,N/A,N/A,https://5.imimg.com/data5/SELLER/Default/2026/4/597633966/EG/FO/HG/2489140/heavy-fabrication-works-250x250.jpg,https://www.indiamart.com/proddetail/heavy-fabrication-works-2859054335562.html,Heavy Fabrication Works
Engineering Services,Fabrication Services,fabrication services,Stainless Steel Drum Fabrication,Balaji Industries,₹ 120,N/A,+91 99130 15396,info@balajiindustries.co.in,https://balajiindustries.co.in?utm_source=chatgpt.com,Shapar,N/A,N/A,https://5.imimg.com/data5/SELLER/Default/2022/9/TG/EE/PZ/108459896/stainless-steel-drum-fabrication-service-250x250.jpg,https://www.indiamart.com/proddetail/stainless-steel-drum-fabrication-26560806897.html,Stainless Steel Drum Fabrication
Engineering Services,Fabrication Services,fabrication services,Ms Fabrication Service,Anant Solutions,₹ 80,N/A,7942825069,NA,www.anantsolutions.in,Ghaziabad - Deals in Amreli,N/A,N/A,https://5.imimg.com/data5/SELLER/Default/2023/5/311369531/WT/NS/SF/37264228/fabrication-services-250x250.jpg,https://www.indiamart.com/proddetail/ms-fabrication-service-2851292270930.html,Ms Fabrication Service
Engineering Services,Fabrication Services,fabrication services,"Ms Prefabricated Industrial Shed Fabrication Service, In Pan India",Patel Engineering And Welding Works,"₹ 1,550",N/A,+91 75758 08550,info@patelengineeringworks.in,https://www.patelengineeringworks.in,Botad,N/A,N/A,https://5.imimg.com/data5/SELLER/Default/2022/1/YI/PJ/WK/49614883/ms-prefabricated-industrial-shed-250x250.jpg,https://www.indiamart.com/proddetail/ms-prefabricated-industrial-shed-fabrication-service-24672436791.html,"Ms Prefabricated Industrial Shed Fabrication Service, In Pan India"
Engineering Services,Fabrication Services,fabrication services,Heavy Fabrication Works,Jay Bhavani Industries & Febrication,Ask Price,N/A,"+91 94091 51515, +91 77119 90015",info@jaybhavaniindustries.com,https://www.jaybhavaniindustries.com,Rajkot,N/A,N/A,https://5.imimg.com/data5/SELLER/Default/2026/4/597633966/EG/FO/HG/2489140/heavy-fabrication-works-250x250.jpg,https://www.indiamart.com/proddetail/heavy-fabrication-works-2859054335562.html,Heavy Fabrication Works
Engineering Services,Fabrication Services,fabrication services,Stainless Steel Drum Fabrication,Balaji Industries,₹ 120,N/A,+91 99130 15396,info@balajiindustries.co.in,https://balajiindustries.co.in?utm_source=chatgpt.com,Shapar,N/A,N/A,https://5.imimg.com/data5/SELLER/Default/2022/9/TG/EE/PZ/108459896/stainless-steel-drum-fabrication-service-250x250.jpg,https://www.indiamart.com/proddetail/stainless-steel-drum-fabrication-26560806897.html,Stainless Steel Drum Fabrication
Engineering Services,Fabrication Services,fabrication services,Ms Fabrication Service,Anant Solutions,₹ 80,N/A,7942825069,NA,www.anantsolutions.in,Ghaziabad - Deals in Amreli,N/A,N/A,https://5.imimg.com/data5/SELLER/Default/2023/5/311369531/WT/NS/SF/37264228/fabrication-services-250x250.jpg,https://www.indiamart.com/proddetail/ms-fabrication-service-2851292270930.html,Ms Fabrication Service
Engineering Services,Fabrication Services,fabrication services,"Ms Prefabricated Industrial Shed Fabrication Service, In Pan India",Patel Engineering And Welding Works,"₹ 1,550",N/A,+91 75758 08550,info@patelengineeringworks.in,https://www.patelengineeringworks.in,Botad,N/A,N/A,https://5.imimg.com/data5/SELLER/Default/2022/1/YI/PJ/WK/49614883/ms-prefabricated-industrial-shed-250x250.jpg,https://www.indiamart.com/proddetail/ms-prefabricated-industrial-shed-fabrication-service-24672436791.html,"Ms Prefabricated Industrial Shed Fabrication Service, In Pan India"
Engineering Services,Epc Contracting,epc contracting,EPC Contract Service,Om Industrial Services,"₹ 2,70,000",EPC Contract Service,"+91 98244 41430, +91 84014 31430",contact@omengineeringservice.com,https://omengineeringservice.com,Vadodara,N/A,N/A,https://4.imimg.com/data4/QT/SL/MY-2/epc-contract-250x250.jpg,https://www.indiamart.com/proddetail/epc-contract-service-10505510933.html,Om Industrial Services
Engineering Services,Epc Contracting,epc contracting,"Grid EPC Contract for Power TandD, Substation, Solar Power, Industrial, and Infrastructure",Zebron Solar Power Solutions,₹ 50,N/A,Not Found,Not Found,https://zebronsolar.com,Kalol,N/A,N/A,https://4.imimg.com/data4/FC/PR/MY-8607589/grid-epc-contract-250x250.jpg,https://www.indiamart.com/proddetail/grid-epc-contract-10209693462.html,"Grid EPC Contract for Power TandD, Substation, Solar Power, Industrial, and Infrastructure"
Engineering Services,Epc Contracting,epc contracting,EPC Contract Service,Om Industrial Services,"₹ 2,70,000",EPC Contract Service,"+91 98244 41430, +91 84014 31430",contact@omengineeringservice.com,https://omengineeringservice.com,Vadodara,N/A,N/A,https://4.imimg.com/data4/QT/SL/MY-2/epc-contract-250x250.jpg,https://www.indiamart.com/proddetail/epc-contract-service-10505510933.html,Om Industrial Services
Engineering Services,Epc Contracting,epc contracting,"Grid EPC Contract for Power TandD, Substation, Solar Power, Industrial, and Infrastructure",Zebron Solar Power Solutions,₹ 50,N/A,Not Found,Not Found,https://zebronsolar.com,Kalol,N/A,N/A,https://4.imimg.com/data4/FC/PR/MY-8607589/grid-epc-contract-250x250.jpg,https://www.indiamart.com/proddetail/grid-epc-contract-10209693462.html,"Grid EPC Contract for Power TandD, Substation, Solar Power, Industrial, and Infrastructure"
Engineering Services,Epc Contracting,epc contracting,EPC Contract Service,Om Industrial Services,"₹ 2,70,000",EPC Contract Service,"+91 98244 41430, +91 84014 31430",contact@omengineeringservice.com,https://omengineeringservice.com,Vadodara,N/A,N/A,https://4.imimg.com/data4/QT/SL/MY-2/epc-contract-250x250.jpg,https://www.indiamart.com/proddetail/epc-contract-service-10505510933.html,Om Industrial Services
Engineering Services,Epc Contracting,epc contracting,"Grid EPC Contract for Power TandD, Substation, Solar Power, Industrial, and Infrastructure",Zebron Solar Power Solutions,₹ 50,N/A,Not Found,Not Found,https://zebronsolar.com,Kalol,N/A,N/A,https://4.imimg.com/data4/FC/PR/MY-8607589/grid-epc-contract-250x250.jpg,https://www.indiamart.com/proddetail/grid-epc-contract-10209693462.html,"Grid EPC Contract for Power TandD, Substation, Solar Power, Industrial, and Infrastructure"
Engineering Services,Epc Contracting,epc contracting,EPC Contract Service,Om Industrial Services,"₹ 2,70,000",EPC Contract Service,"+91 98244 41430, +91 84014 31430",contact@omengineeringservice.com,https://omengineeringservice.com,Vadodara,N/A,N/A,https://4.imimg.com/data4/QT/SL/MY-2/epc-contract-250x250.jpg,https://www.indiamart.com/proddetail/epc-contract-service-10505510933.html,Om Industrial Services
Engineering Services,Epc Contracting,epc contracting,"Grid EPC Contract for Power TandD, Substation, Solar Power, Industrial, and Infrastructure",Zebron Solar Power Solutions,₹ 50,N/A,Not Found,Not Found,https://zebronsolar.com,Kalol,N/A,N/A,https://4.imimg.com/data4/FC/PR/MY-8607589/grid-epc-contract-250x250.jpg,https://www.indiamart.com/proddetail/grid-epc-contract-10209693462.html,"Grid EPC Contract for Power TandD, Substation, Solar Power, Industrial, and Infrastructure"
Engineering Services,Epc Contracting,epc contracting,EPC Contract Service,Om Industrial Services,"₹ 2,70,000",EPC Contract Service,"+91 98244 41430, +91 84014 31430",contact@omengineeringservice.com,https://omengineeringservice.com,Vadodara,N/A,N/A,https://4.imimg.com/data4/QT/SL/MY-2/epc-contract-250x250.jpg,https://www.indiamart.com/proddetail/epc-contract-service-10505510933.html,Om Industrial Services
Engineering Services,Epc Contracting,epc contracting,"Grid EPC Contract for Power TandD, Substation, Solar Power, Industrial, and Infrastructure",Zebron Solar Power Solutions,₹ 50,N/A,Not Found,Not Found,https://zebronsolar.com,Kalol,N/A,N/A,https://4.imimg.com/data4/FC/PR/MY-8607589/grid-epc-contract-250x250.jpg,https://www.indiamart.com/proddetail/grid-epc-contract-10209693462.html,"Grid EPC Contract for Power TandD, Substation, Solar Power, Industrial, and Infrastructure"
Logistics,Transport Services,transport services,Rajkot to Nashik Transport Service,Tanveer Roadlines,₹ 40,N/A,Not Found,Not Found,https://www.indiamart.com › tanveer-roadlines,Rajkot,N/A,N/A,https://5.imimg.com/data5/ANDROID/Default/2025/10/553946267/GP/PR/MT/72385815/product-jpeg-250x250.jpg,https://www.indiamart.com/proddetail/rajkot-to-nashik-transport-service-2857728078797.html,Rajkot to Nashik Transport Service
Logistics,Transport Services,transport services,Rajkot To Ahmedabad Transport services,Vishvas Transport & Logistics,Ask Price,Member: 9 months,Not Found,Not Found,https://www.indiamart.com › proddetail › railway-logistics-services-rajkot...,Rajkot,N/A,N/A,https://5.imimg.com/data5/SELLER/Default/2025/8/540892876/DZ/FI/TG/251481841/local-city-transportation-service-250x250.jpeg,https://www.indiamart.com/proddetail/rajkot-to-ahmedabad-transport-services-2857597189262.html,Rajkot To Ahmedabad Transport services
Logistics,Transport Services,transport services,Rajkot To Delhi Transport Service,Suraj Roadlines,Ask Price,N/A,099047 45645,Not Found,https://www.indiamart.com › suraj-roadlines-rajkot,Rajkot,N/A,N/A,https://5.imimg.com/data5/ANDROID/Default/2026/3/593544927/UW/DP/IV/86495577/product-jpeg-250x250.jpg,https://www.indiamart.com/proddetail/rajkot-to-delhi-transport-service-2858990640648.html,Rajkot To Delhi Transport Service
Logistics,Transport Services,transport services,"Container Rajkot To Bangalore Transport Service, Tata Ace",Raj Transport Service,Ask Price,Raj Transport Service,Not Found,Not Found,https://transport.rajasthan.gov.in/content/transportportal/en.html,Rajkot,N/A,N/A,https://5.imimg.com/data5/ANDROID/Default/2026/1/575458620/JC/AC/QP/163446368/product-jpeg-250x250.jpg,https://www.indiamart.com/proddetail/rajkot-to-bangalore-transport-service-2857998816133.html,"Container Rajkot To Bangalore Transport Service, Tata Ace"
Logistics,Transport Services,transport services,All India Transport Service,Vinod Enterprise,Ask Price,N/A,Not Found,Not Found,IndiaMARThttps://www.indiamart.com › vinodenterprise-rajkot › profile.html,Rajkot,N/A,N/A,https://5.imimg.com/data5/ANDROID/Default/2025/11/563967357/RU/BF/IK/39086258/product-jpeg-250x250.jpg,https://www.indiamart.com/proddetail/all-india-transport-service-2857372507497.html,All India Transport Service
Logistics,Transport Services,transport services,House Hold Truck Transportation Service,Pramukh Transport,Ask Price,House Hold Truck Transportation Service,"+91 98242 65593, +91 79841 18197",pramukhenterprise68@gmail.com,https://www.pramukhenterprise.com,Junagadh,N/A,N/A,https://5.imimg.com/data5/ANDROID/Default/2026/1/577031768/DQ/YB/BS/35603261/product-jpeg-250x250.jpg,https://www.indiamart.com/proddetail/house-hold-truck-transportation-service-2858598579397.html,House Hold Truck Transportation Service
Logistics,Transport Services,transport services,32 Feet Container Rajkot To PAN India Truck Transportation Services,Agarwal Best Packers And Movers,Ask Price,N/A,9 300 300 300,sales@agarwalpackers.com ,https://www.agarwalpackers.com/packersmoversahmedabad.html,Rajkot,N/A,N/A,https://5.imimg.com/data5/SELLER/Default/2023/12/369011293/XB/AL/OZ/22861278/transportation-services-250x250.jpg,https://www.indiamart.com/proddetail/rajkot-to-pan-india-truck-transportation-services-10440890648.html,32 Feet Container Rajkot To PAN India Truck Transportation Services
Logistics,Transport Services,transport services,Part Truck Load Transportation Service,Shree Tirupati Roadlines,Ask Price,Part Truck Load Transportation Service,Not Found,Not Found,ttps://www.indiamart.com › shree-tirupati-roadlines,Bhavnagar,N/A,N/A,https://5.imimg.com/data5/SELLER/Default/2023/3/BJ/AZ/UW/90739870/part-truck-load-transportation-service-250x250.jpg,https://www.indiamart.com/proddetail/part-truck-load-transportation-service-2850475667112.html,Part Truck Load Transportation Service
Logistics,Transport Services,transport services,Transportation Service,Bhavani Freight,Ask Price,Transportation Service,+91 22 4270 4270,info@bhavani.com,https://bhavani.com/?utm_source=chatgpt.com,Rajkot,N/A,N/A,https://5.imimg.com/data5/ANDROID/Default/2025/9/544709914/LC/BH/RR/35076407/product-jpeg-250x250.jpg,https://www.indiamart.com/proddetail/transportation-service-2857522849273.html,Transportation Service
Logistics,Transport Services,transport services,Mundra To Rajkot Transportation Services,S. K. Roadways,Ask Price,Mundra To Rajkot Transportation Services,098980 30259,Not Found,https://www.indiamart.com › skroadways-rajkot,Rajkot,N/A,N/A,https://5.imimg.com/data5/SELLER/Default/2025/9/548028085/SQ/VQ/BJ/48024269/33229-250x250.jpg,https://www.indiamart.com/proddetail/mundra-to-rajkot-transportation-services-2857587376212.html,Mundra To Rajkot Transportation Services
Logistics,Transport Services,transport services,All India Transport Work,Aai Shree Khodiyar Roadways,Ask Price,N/A,063517 63410,askhodiyarroad@gmail.com,https://askrgroup.com/,Rajkot,N/A,N/A,https://5.imimg.com/data5/DG/XG/GLADMIN-5871684/all-india-transport-work-250x250.png,https://www.indiamart.com/proddetail/all-india-transport-work-14428917255.html,All India Transport Work
Logistics,Transport Services,transport services,Rajkot To Ahmedabad Transport,Shree Danev Logistic,₹ 55,N/A,Not Found,Not Found,https://www.indiamart.com › company,Rajkot,N/A,N/A,https://5.imimg.com/data5/ANDROID/Default/2026/2/582847689/KK/VL/JY/119689273/product-jpeg-250x250.jpg,https://www.indiamart.com/proddetail/rajkot-to-ahmedabad-transport-2858795306697.html,Rajkot To Ahmedabad Transport
Logistics,Transport Services,transport services,Rajkot to Nashik Transport Service,Tanveer Roadlines,₹ 40,N/A,Not Found,Not Found,https://www.indiamart.com › tanveer-roadlines,Rajkot,N/A,N/A,https://5.imimg.com/data5/ANDROID/Default/2025/10/553946267/GP/PR/MT/72385815/product-jpeg-250x250.jpg,https://www.indiamart.com/proddetail/rajkot-to-nashik-transport-service-2857728078797.html,Rajkot to Nashik Transport Service
Logistics,Transport Services,transport services,Rajkot To Ahmedabad Transport services,Vishvas Transport & Logistics,Ask Price,Member: 9 months,Not Found,Not Found,https://www.indiamart.com › proddetail › railway-logistics-services-rajkot...,Rajkot,N/A,N/A,https://5.imimg.com/data5/SELLER/Default/2025/8/540892876/DZ/FI/TG/251481841/local-city-transportation-service-250x250.jpeg,https://www.indiamart.com/proddetail/rajkot-to-ahmedabad-transport-services-2857597189262.html,Rajkot To Ahmedabad Transport services
Logistics,Transport Services,transport services,Rajkot To Delhi Transport Service,Suraj Roadlines,Ask Price,N/A,099047 45645,Not Found,https://www.indiamart.com › suraj-roadlines-rajkot,Rajkot,N/A,N/A,https://5.imimg.com/data5/ANDROID/Default/2026/3/593544927/UW/DP/IV/86495577/product-jpeg-250x250.jpg,https://www.indiamart.com/proddetail/rajkot-to-delhi-transport-service-2858990640648.html,Rajkot To Delhi Transport Service
Logistics,Transport Services,transport services,"Container Rajkot To Bangalore Transport Service, Tata Ace",Raj Transport Service,Ask Price,Raj Transport Service,Not Found,Not Found,https://transport.rajasthan.gov.in/content/transportportal/en.html,Rajkot,N/A,N/A,https://5.imimg.com/data5/ANDROID/Default/2026/1/575458620/JC/AC/QP/163446368/product-jpeg-250x250.jpg,https://www.indiamart.com/proddetail/rajkot-to-bangalore-transport-service-2857998816133.html,"Container Rajkot To Bangalore Transport Service, Tata Ace"
Logistics,Transport Services,transport services,All India Transport Service,Vinod Enterprise,Ask Price,N/A,Not Found,Not Found,IndiaMARThttps://www.indiamart.com › vinodenterprise-rajkot › profile.html,Rajkot,N/A,N/A,https://5.imimg.com/data5/ANDROID/Default/2025/11/563967357/RU/BF/IK/39086258/product-jpeg-250x250.jpg,https://www.indiamart.com/proddetail/all-india-transport-service-2857372507497.html,All India Transport Service
Logistics,Transport Services,transport services,House Hold Truck Transportation Service,Pramukh Transport,Ask Price,House Hold Truck Transportation Service,"+91 98242 65593, +91 79841 18197",pramukhenterprise68@gmail.com,https://www.pramukhenterprise.com,Junagadh,N/A,N/A,https://5.imimg.com/data5/ANDROID/Default/2026/1/577031768/DQ/YB/BS/35603261/product-jpeg-250x250.jpg,https://www.indiamart.com/proddetail/house-hold-truck-transportation-service-2858598579397.html,House Hold Truck Transportation Service
Logistics,Transport Services,transport services,32 Feet Container Rajkot To PAN India Truck Transportation Services,Agarwal Best Packers And Movers,Ask Price,N/A,9 300 300 300,sales@agarwalpackers.com ,https://www.agarwalpackers.com/packersmoversahmedabad.html,Rajkot,N/A,N/A,https://5.imimg.com/data5/SELLER/Default/2023/12/369011293/XB/AL/OZ/22861278/transportation-services-250x250.jpg,https://www.indiamart.com/proddetail/rajkot-to-pan-india-truck-transportation-services-10440890648.html,32 Feet Container Rajkot To PAN India Truck Transportation Services
Logistics,Transport Services,transport services,Part Truck Load Transportation Service,Shree Tirupati Roadlines,Ask Price,Part Truck Load Transportation Service,Not Found,Not Found,ttps://www.indiamart.com › shree-tirupati-roadlines,Bhavnagar,N/A,N/A,https://5.imimg.com/data5/SELLER/Default/2023/3/BJ/AZ/UW/90739870/part-truck-load-transportation-service-250x250.jpg,https://www.indiamart.com/proddetail/part-truck-load-transportation-service-2850475667112.html,Part Truck Load Transportation Service
Logistics,Transport Services,transport services,Transportation Service,Bhavani Freight,Ask Price,Transportation Service,+91 22 4270 4270,info@bhavani.com,https://bhavani.com/?utm_source=chatgpt.com,Rajkot,N/A,N/A,https://5.imimg.com/data5/ANDROID/Default/2025/9/544709914/LC/BH/RR/35076407/product-jpeg-250x250.jpg,https://www.indiamart.com/proddetail/transportation-service-2857522849273.html,Transportation Service
Logistics,Transport Services,transport services,Mundra To Rajkot Transportation Services,S. K. Roadways,Ask Price,Mundra To Rajkot Transportation Services,098980 30259,Not Found,https://www.indiamart.com › skroadways-rajkot,Rajkot,N/A,N/A,https://5.imimg.com/data5/SELLER/Default/2025/9/548028085/SQ/VQ/BJ/48024269/33229-250x250.jpg,https://www.indiamart.com/proddetail/mundra-to-rajkot-transportation-services-2857587376212.html,Mundra To Rajkot Transportation Services
Logistics,Transport Services,transport services,All India Transport Work,Aai Shree Khodiyar Roadways,Ask Price,N/A,063517 63410,askhodiyarroad@gmail.com,https://askrgroup.com/,Rajkot,N/A,N/A,https://5.imimg.com/data5/DG/XG/GLADMIN-5871684/all-india-transport-work-250x250.png,https://www.indiamart.com/proddetail/all-india-transport-work-14428917255.html,All India Transport Work
Logistics,Transport Services,transport services,Rajkot To Ahmedabad Transport,Shree Danev Logistic,₹ 55,N/A,Not Found,Not Found,https://www.indiamart.com › company,Rajkot,N/A,N/A,https://5.imimg.com/data5/ANDROID/Default/2026/2/582847689/KK/VL/JY/119689273/product-jpeg-250x250.jpg,https://www.indiamart.com/proddetail/rajkot-to-ahmedabad-transport-2858795306697.html,Rajkot To Ahmedabad Transport
Logistics,Transport Services,transport services,Rajkot to Nashik Transport Service,Tanveer Roadlines,₹ 40,N/A,Not Found,Not Found,https://www.indiamart.com › tanveer-roadlines,Rajkot,N/A,N/A,https://5.imimg.com/data5/ANDROID/Default/2025/10/553946267/GP/PR/MT/72385815/product-jpeg-250x250.jpg,https://www.indiamart.com/proddetail/rajkot-to-nashik-transport-service-2857728078797.html,Rajkot to Nashik Transport Service
Logistics,Transport Services,transport services,Rajkot To Ahmedabad Transport services,Vishvas Transport & Logistics,Ask Price,Member: 9 months,Not Found,Not Found,https://www.indiamart.com › proddetail › railway-logistics-services-rajkot...,Rajkot,N/A,N/A,https://5.imimg.com/data5/SELLER/Default/2025/8/540892876/DZ/FI/TG/251481841/local-city-transportation-service-250x250.jpeg,https://www.indiamart.com/proddetail/rajkot-to-ahmedabad-transport-services-2857597189262.html,Rajkot To Ahmedabad Transport services
Logistics,Transport Services,transport services,Rajkot To Delhi Transport Service,Suraj Roadlines,Ask Price,N/A,099047 45645,Not Found,https://www.indiamart.com › suraj-roadlines-rajkot,Rajkot,N/A,N/A,https://5.imimg.com/data5/ANDROID/Default/2026/3/593544927/UW/DP/IV/86495577/product-jpeg-250x250.jpg,https://www.indiamart.com/proddetail/rajkot-to-delhi-transport-service-2858990640648.html,Rajkot To Delhi Transport Service
Logistics,Transport Services,transport services,"Container Rajkot To Bangalore Transport Service, Tata Ace",Raj Transport Service,Ask Price,Raj Transport Service,Not Found,Not Found,https://transport.rajasthan.gov.in/content/transportportal/en.html,Rajkot,N/A,N/A,https://5.imimg.com/data5/ANDROID/Default/2026/1/575458620/JC/AC/QP/163446368/product-jpeg-250x250.jpg,https://www.indiamart.com/proddetail/rajkot-to-bangalore-transport-service-2857998816133.html,"Container Rajkot To Bangalore Transport Service, Tata Ace"
Logistics,Transport Services,transport services,All India Transport Service,Vinod Enterprise,Ask Price,N/A,Not Found,Not Found,IndiaMARThttps://www.indiamart.com › vinodenterprise-rajkot › profile.html,Rajkot,N/A,N/A,https://5.imimg.com/data5/ANDROID/Default/2025/11/563967357/RU/BF/IK/39086258/product-jpeg-250x250.jpg,https://www.indiamart.com/proddetail/all-india-transport-service-2857372507497.html,All India Transport Service
Logistics,Transport Services,transport services,House Hold Truck Transportation Service,Pramukh Transport,Ask Price,House Hold Truck Transportation Service,"+91 98242 65593, +91 79841 18197",pramukhenterprise68@gmail.com,https://www.pramukhenterprise.com,Junagadh,N/A,N/A,https://5.imimg.com/data5/ANDROID/Default/2026/1/577031768/DQ/YB/BS/35603261/product-jpeg-250x250.jpg,https://www.indiamart.com/proddetail/house-hold-truck-transportation-service-2858598579397.html,House Hold Truck Transportation Service
Logistics,Transport Services,transport services,32 Feet Container Rajkot To PAN India Truck Transportation Services,Agarwal Best Packers And Movers,Ask Price,N/A,9 300 300 300,sales@agarwalpackers.com ,https://www.agarwalpackers.com/packersmoversahmedabad.html,Rajkot,N/A,N/A,https://5.imimg.com/data5/SELLER/Default/2023/12/369011293/XB/AL/OZ/22861278/transportation-services-250x250.jpg,https://www.indiamart.com/proddetail/rajkot-to-pan-india-truck-transportation-services-10440890648.html,32 Feet Container Rajkot To PAN India Truck Transportation Services
Logistics,Transport Services,transport services,Part Truck Load Transportation Service,Shree Tirupati Roadlines,Ask Price,Part Truck Load Transportation Service,Not Found,Not Found,ttps://www.indiamart.com › shree-tirupati-roadlines,Bhavnagar,N/A,N/A,https://5.imimg.com/data5/SELLER/Default/2023/3/BJ/AZ/UW/90739870/part-truck-load-transportation-service-250x250.jpg,https://www.indiamart.com/proddetail/part-truck-load-transportation-service-2850475667112.html,Part Truck Load Transportation Service
Logistics,Transport Services,transport services,Transportation Service,Bhavani Freight,Ask Price,Transportation Service,+91 22 4270 4270,info@bhavani.com,https://bhavani.com/?utm_source=chatgpt.com,Rajkot,N/A,N/A,https://5.imimg.com/data5/ANDROID/Default/2025/9/544709914/LC/BH/RR/35076407/product-jpeg-250x250.jpg,https://www.indiamart.com/proddetail/transportation-service-2857522849273.html,Transportation Service
Logistics,Transport Services,transport services,Mundra To Rajkot Transportation Services,S. K. Roadways,Ask Price,Mundra To Rajkot Transportation Services,098980 30259,Not Found,https://www.indiamart.com › skroadways-rajkot,Rajkot,N/A,N/A,https://5.imimg.com/data5/SELLER/Default/2025/9/548028085/SQ/VQ/BJ/48024269/33229-250x250.jpg,https://www.indiamart.com/proddetail/mundra-to-rajkot-transportation-services-2857587376212.html,Mundra To Rajkot Transportation Services
Logistics,Transport Services,transport services,All India Transport Work,Aai Shree Khodiyar Roadways,Ask Price,N/A,063517 63410,askhodiyarroad@gmail.com,https://askrgroup.com/,Rajkot,N/A,N/A,https://5.imimg.com/data5/DG/XG/GLADMIN-5871684/all-india-transport-work-250x250.png,https://www.indiamart.com/proddetail/all-india-transport-work-14428917255.html,All India Transport Work
Logistics,Transport Services,transport services,Rajkot To Ahmedabad Transport,Shree Danev Logistic,₹ 55,N/A,Not Found,Not Found,https://www.indiamart.com › company,Rajkot,N/A,N/A,https://5.imimg.com/data5/ANDROID/Default/2026/2/582847689/KK/VL/JY/119689273/product-jpeg-250x250.jpg,https://www.indiamart.com/proddetail/rajkot-to-ahmedabad-transport-2858795306697.html,Rajkot To Ahmedabad Transport
Logistics,Transport Services,transport services,Rajkot to Nashik Transport Service,Tanveer Roadlines,₹ 40,N/A,Not Found,Not Found,https://www.indiamart.com › tanveer-roadlines,Rajkot,N/A,N/A,https://5.imimg.com/data5/ANDROID/Default/2025/10/553946267/GP/PR/MT/72385815/product-jpeg-250x250.jpg,https://www.indiamart.com/proddetail/rajkot-to-nashik-transport-service-2857728078797.html,Rajkot to Nashik Transport Service
Logistics,Transport Services,transport services,Rajkot To Ahmedabad Transport services,Vishvas Transport & Logistics,Ask Price,Member: 9 months,Not Found,Not Found,https://www.indiamart.com › proddetail › railway-logistics-services-rajkot...,Rajkot,N/A,N/A,https://5.imimg.com/data5/SELLER/Default/2025/8/540892876/DZ/FI/TG/251481841/local-city-transportation-service-250x250.jpeg,https://www.indiamart.com/proddetail/rajkot-to-ahmedabad-transport-services-2857597189262.html,Rajkot To Ahmedabad Transport services
Logistics,Transport Services,transport services,Rajkot To Delhi Transport Service,Suraj Roadlines,Ask Price,N/A,099047 45645,Not Found,https://www.indiamart.com › suraj-roadlines-rajkot,Rajkot,N/A,N/A,https://5.imimg.com/data5/ANDROID/Default/2026/3/593544927/UW/DP/IV/86495577/product-jpeg-250x250.jpg,https://www.indiamart.com/proddetail/rajkot-to-delhi-transport-service-2858990640648.html,Rajkot To Delhi Transport Service
Logistics,Transport Services,transport services,"Container Rajkot To Bangalore Transport Service, Tata Ace",Raj Transport Service,Ask Price,Raj Transport Service,Not Found,Not Found,https://transport.rajasthan.gov.in/content/transportportal/en.html,Rajkot,N/A,N/A,https://5.imimg.com/data5/ANDROID/Default/2026/1/575458620/JC/AC/QP/163446368/product-jpeg-250x250.jpg,https://www.indiamart.com/proddetail/rajkot-to-bangalore-transport-service-2857998816133.html,"Container Rajkot To Bangalore Transport Service, Tata Ace"
Logistics,Transport Services,transport services,All India Transport Service,Vinod Enterprise,Ask Price,N/A,Not Found,Not Found,IndiaMARThttps://www.indiamart.com › vinodenterprise-rajkot › profile.html,Rajkot,N/A,N/A,https://5.imimg.com/data5/ANDROID/Default/2025/11/563967357/RU/BF/IK/39086258/product-jpeg-250x250.jpg,https://www.indiamart.com/proddetail/all-india-transport-service-2857372507497.html,All India Transport Service
Logistics,Transport Services,transport services,House Hold Truck Transportation Service,Pramukh Transport,Ask Price,House Hold Truck Transportation Service,"+91 98242 65593, +91 79841 18197",pramukhenterprise68@gmail.com,https://www.pramukhenterprise.com,Junagadh,N/A,N/A,https://5.imimg.com/data5/ANDROID/Default/2026/1/577031768/DQ/YB/BS/35603261/product-jpeg-250x250.jpg,https://www.indiamart.com/proddetail/house-hold-truck-transportation-service-2858598579397.html,House Hold Truck Transportation Service
Logistics,Transport Services,transport services,32 Feet Container Rajkot To PAN India Truck Transportation Services,Agarwal Best Packers And Movers,Ask Price,N/A,9 300 300 300,sales@agarwalpackers.com ,https://www.agarwalpackers.com/packersmoversahmedabad.html,Rajkot,N/A,N/A,https://5.imimg.com/data5/SELLER/Default/2023/12/369011293/XB/AL/OZ/22861278/transportation-services-250x250.jpg,https://www.indiamart.com/proddetail/rajkot-to-pan-india-truck-transportation-services-10440890648.html,32 Feet Container Rajkot To PAN India Truck Transportation Services
Logistics,Transport Services,transport services,Part Truck Load Transportation Service,Shree Tirupati Roadlines,Ask Price,Part Truck Load Transportation Service,Not Found,Not Found,ttps://www.indiamart.com › shree-tirupati-roadlines,Bhavnagar,N/A,N/A,https://5.imimg.com/data5/SELLER/Default/2023/3/BJ/AZ/UW/90739870/part-truck-load-transportation-service-250x250.jpg,https://www.indiamart.com/proddetail/part-truck-load-transportation-service-2850475667112.html,Part Truck Load Transportation Service
Logistics,Transport Services,transport services,Transportation Service,Bhavani Freight,Ask Price,Transportation Service,+91 22 4270 4270,info@bhavani.com,https://bhavani.com/?utm_source=chatgpt.com,Rajkot,N/A,N/A,https://5.imimg.com/data5/ANDROID/Default/2025/9/544709914/LC/BH/RR/35076407/product-jpeg-250x250.jpg,https://www.indiamart.com/proddetail/transportation-service-2857522849273.html,Transportation Service
Logistics,Transport Services,transport services,Mundra To Rajkot Transportation Services,S. K. Roadways,Ask Price,Mundra To Rajkot Transportation Services,098980 30259,Not Found,https://www.indiamart.com › skroadways-rajkot,Rajkot,N/A,N/A,https://5.imimg.com/data5/SELLER/Default/2025/9/548028085/SQ/VQ/BJ/48024269/33229-250x250.jpg,https://www.indiamart.com/proddetail/mundra-to-rajkot-transportation-services-2857587376212.html,Mundra To Rajkot Transportation Services
Logistics,Transport Services,transport services,All India Transport Work,Aai Shree Khodiyar Roadways,Ask Price,N/A,063517 63410,askhodiyarroad@gmail.com,https://askrgroup.com/,Rajkot,N/A,N/A,https://5.imimg.com/data5/DG/XG/GLADMIN-5871684/all-india-transport-work-250x250.png,https://www.indiamart.com/proddetail/all-india-transport-work-14428917255.html,All India Transport Work
Logistics,Transport Services,transport services,Rajkot To Ahmedabad Transport,Shree Danev Logistic,₹ 55,N/A,Not Found,Not Found,https://www.indiamart.com › company,Rajkot,N/A,N/A,https://5.imimg.com/data5/ANDROID/Default/2026/2/582847689/KK/VL/JY/119689273/product-jpeg-250x250.jpg,https://www.indiamart.com/proddetail/rajkot-to-ahmedabad-transport-2858795306697.html,Rajkot To Ahmedabad Transport
Logistics,Transport Services,transport services,Rajkot to Nashik Transport Service,Tanveer Roadlines,₹ 40,N/A,Not Found,Not Found,https://www.indiamart.com › tanveer-roadlines,Rajkot,N/A,N/A,https://5.imimg.com/data5/ANDROID/Default/2025/10/553946267/GP/PR/MT/72385815/product-jpeg-250x250.jpg,https://www.indiamart.com/proddetail/rajkot-to-nashik-transport-service-2857728078797.html,Rajkot to Nashik Transport Service
Logistics,Transport Services,transport services,Rajkot To Ahmedabad Transport services,Vishvas Transport & Logistics,Ask Price,Member: 9 months,Not Found,Not Found,https://www.indiamart.com › proddetail › railway-logistics-services-rajkot...,Rajkot,N/A,N/A,https://5.imimg.com/data5/SELLER/Default/2025/8/540892876/DZ/FI/TG/251481841/local-city-transportation-service-250x250.jpeg,https://www.indiamart.com/proddetail/rajkot-to-ahmedabad-transport-services-2857597189262.html,Rajkot To Ahmedabad Transport services
Logistics,Transport Services,transport services,Rajkot To Delhi Transport Service,Suraj Roadlines,Ask Price,N/A,099047 45645,Not Found,https://www.indiamart.com › suraj-roadlines-rajkot,Rajkot,N/A,N/A,https://5.imimg.com/data5/ANDROID/Default/2026/3/593544927/UW/DP/IV/86495577/product-jpeg-250x250.jpg,https://www.indiamart.com/proddetail/rajkot-to-delhi-transport-service-2858990640648.html,Rajkot To Delhi Transport Service
Logistics,Transport Services,transport services,"Container Rajkot To Bangalore Transport Service, Tata Ace",Raj Transport Service,Ask Price,Raj Transport Service,Not Found,Not Found,https://transport.rajasthan.gov.in/content/transportportal/en.html,Rajkot,N/A,N/A,https://5.imimg.com/data5/ANDROID/Default/2026/1/575458620/JC/AC/QP/163446368/product-jpeg-250x250.jpg,https://www.indiamart.com/proddetail/rajkot-to-bangalore-transport-service-2857998816133.html,"Container Rajkot To Bangalore Transport Service, Tata Ace"
Logistics,Transport Services,transport services,All India Transport Service,Vinod Enterprise,Ask Price,N/A,Not Found,Not Found,IndiaMARThttps://www.indiamart.com › vinodenterprise-rajkot › profile.html,Rajkot,N/A,N/A,https://5.imimg.com/data5/ANDROID/Default/2025/11/563967357/RU/BF/IK/39086258/product-jpeg-250x250.jpg,https://www.indiamart.com/proddetail/all-india-transport-service-2857372507497.html,All India Transport Service
Logistics,Transport Services,transport services,House Hold Truck Transportation Service,Pramukh Transport,Ask Price,House Hold Truck Transportation Service,"+91 98242 65593, +91 79841 18197",pramukhenterprise68@gmail.com,https://www.pramukhenterprise.com,Junagadh,N/A,N/A,https://5.imimg.com/data5/ANDROID/Default/2026/1/577031768/DQ/YB/BS/35603261/product-jpeg-250x250.jpg,https://www.indiamart.com/proddetail/house-hold-truck-transportation-service-2858598579397.html,House Hold Truck Transportation Service
Logistics,Transport Services,transport services,32 Feet Container Rajkot To PAN India Truck Transportation Services,Agarwal Best Packers And Movers,Ask Price,N/A,9 300 300 300,sales@agarwalpackers.com ,https://www.agarwalpackers.com/packersmoversahmedabad.html,Rajkot,N/A,N/A,https://5.imimg.com/data5/SELLER/Default/2023/12/369011293/XB/AL/OZ/22861278/transportation-services-250x250.jpg,https://www.indiamart.com/proddetail/rajkot-to-pan-india-truck-transportation-services-10440890648.html,32 Feet Container Rajkot To PAN India Truck Transportation Services
Logistics,Transport Services,transport services,Part Truck Load Transportation Service,Shree Tirupati Roadlines,Ask Price,Part Truck Load Transportation Service,Not Found,Not Found,ttps://www.indiamart.com › shree-tirupati-roadlines,Bhavnagar,N/A,N/A,https://5.imimg.com/data5/SELLER/Default/2023/3/BJ/AZ/UW/90739870/part-truck-load-transportation-service-250x250.jpg,https://www.indiamart.com/proddetail/part-truck-load-transportation-service-2850475667112.html,Part Truck Load Transportation Service
Logistics,Transport Services,transport services,Transportation Service,Bhavani Freight,Ask Price,Transportation Service,+91 22 4270 4270,info@bhavani.com,https://bhavani.com/?utm_source=chatgpt.com,Rajkot,N/A,N/A,https://5.imimg.com/data5/ANDROID/Default/2025/9/544709914/LC/BH/RR/35076407/product-jpeg-250x250.jpg,https://www.indiamart.com/proddetail/transportation-service-2857522849273.html,Transportation Service
Logistics,Transport Services,transport services,Mundra To Rajkot Transportation Services,S. K. Roadways,Ask Price,Mundra To Rajkot Transportation Services,098980 30259,Not Found,https://www.indiamart.com › skroadways-rajkot,Rajkot,N/A,N/A,https://5.imimg.com/data5/SELLER/Default/2025/9/548028085/SQ/VQ/BJ/48024269/33229-250x250.jpg,https://www.indiamart.com/proddetail/mundra-to-rajkot-transportation-services-2857587376212.html,Mundra To Rajkot Transportation Services
Logistics,Transport Services,transport services,All India Transport Work,Aai Shree Khodiyar Roadways,Ask Price,N/A,063517 63410,askhodiyarroad@gmail.com,https://askrgroup.com/,Rajkot,N/A,N/A,https://5.imimg.com/data5/DG/XG/GLADMIN-5871684/all-india-transport-work-250x250.png,https://www.indiamart.com/proddetail/all-india-transport-work-14428917255.html,All India Transport Work
Logistics,Transport Services,transport services,Rajkot To Ahmedabad Transport,Shree Danev Logistic,₹ 55,N/A,Not Found,Not Found,https://www.indiamart.com › company,Rajkot,N/A,N/A,https://5.imimg.com/data5/ANDROID/Default/2026/2/582847689/KK/VL/JY/119689273/product-jpeg-250x250.jpg,https://www.indiamart.com/proddetail/rajkot-to-ahmedabad-transport-2858795306697.html,Rajkot To Ahmedabad Transport
Logistics,Courier Services,courier services,Topay Serviceable Courier Service,B F Enterprise,₹ 180,Topay Serviceable Courier Service,NA,NA,https://bf-enterprises.co/#contact,Rajkot,N/A,N/A,https://5.imimg.com/data5/ANDROID/Default/2025/11/563459851/ZD/KT/KJ/106811762/product-jpeg-250x250.jpg,https://www.indiamart.com/proddetail/topay-serviceable-courier-service-2858013946233.html,Topay Serviceable Courier Service
Logistics,Courier Services,courier services,Courier Abroad Service,Dinjyot Enterprise,Ask Price,Courier Abroad Service,Not Found,dnj.enterprise20@gmail.com,Not Found,Rajkot,N/A,N/A,https://4.imimg.com/data4/JF/YF/MY-15623649/courier-abroad-250x250.jpeg,https://www.indiamart.com/proddetail/courier-abroad-service-9186320191.html,Courier Abroad Service
Logistics,Courier Services,courier services,Topay Serviceable Courier Service,B F Enterprise,₹ 180,Topay Serviceable Courier Service,NA,NA,https://bf-enterprises.co/#contact,Rajkot,N/A,N/A,https://5.imimg.com/data5/ANDROID/Default/2025/11/563459851/ZD/KT/KJ/106811762/product-jpeg-250x250.jpg,https://www.indiamart.com/proddetail/topay-serviceable-courier-service-2858013946233.html,Topay Serviceable Courier Service
Logistics,Courier Services,courier services,Courier Abroad Service,Dinjyot Enterprise,Ask Price,Courier Abroad Service,Not Found,dnj.enterprise20@gmail.com,Not Found,Rajkot,N/A,N/A,https://4.imimg.com/data4/JF/YF/MY-15623649/courier-abroad-250x250.jpeg,https://www.indiamart.com/proddetail/courier-abroad-service-9186320191.html,Courier Abroad Service
Logistics,Courier Services,courier services,Topay Serviceable Courier Service,B F Enterprise,₹ 180,Topay Serviceable Courier Service,NA,NA,https://bf-enterprises.co/#contact,Rajkot,N/A,N/A,https://5.imimg.com/data5/ANDROID/Default/2025/11/563459851/ZD/KT/KJ/106811762/product-jpeg-250x250.jpg,https://www.indiamart.com/proddetail/topay-serviceable-courier-service-2858013946233.html,Topay Serviceable Courier Service
Logistics,Courier Services,courier services,Courier Abroad Service,Dinjyot Enterprise,Ask Price,Courier Abroad Service,Not Found,dnj.enterprise20@gmail.com,Not Found,Rajkot,N/A,N/A,https://4.imimg.com/data4/JF/YF/MY-15623649/courier-abroad-250x250.jpeg,https://www.indiamart.com/proddetail/courier-abroad-service-9186320191.html,Courier Abroad Service
Logistics,Courier Services,courier services,Topay Serviceable Courier Service,B F Enterprise,₹ 180,Topay Serviceable Courier Service,NA,NA,https://bf-enterprises.co/#contact,Rajkot,N/A,N/A,https://5.imimg.com/data5/ANDROID/Default/2025/11/563459851/ZD/KT/KJ/106811762/product-jpeg-250x250.jpg,https://www.indiamart.com/proddetail/topay-serviceable-courier-service-2858013946233.html,Topay Serviceable Courier Service
Logistics,Courier Services,courier services,Courier Abroad Service,Dinjyot Enterprise,Ask Price,Courier Abroad Service,Not Found,dnj.enterprise20@gmail.com,Not Found,Rajkot,N/A,N/A,https://4.imimg.com/data4/JF/YF/MY-15623649/courier-abroad-250x250.jpeg,https://www.indiamart.com/proddetail/courier-abroad-service-9186320191.html,Courier Abroad Service
Logistics,Courier Services,courier services,Topay Serviceable Courier Service,B F Enterprise,₹ 180,Topay Serviceable Courier Service,NA,NA,https://bf-enterprises.co/#contact,Rajkot,N/A,N/A,https://5.imimg.com/data5/ANDROID/Default/2025/11/563459851/ZD/KT/KJ/106811762/product-jpeg-250x250.jpg,https://www.indiamart.com/proddetail/topay-serviceable-courier-service-2858013946233.html,Topay Serviceable Courier Service
Logistics,Courier Services,courier services,Courier Abroad Service,Dinjyot Enterprise,Ask Price,Courier Abroad Service,Not Found,dnj.enterprise20@gmail.com,Not Found,Rajkot,N/A,N/A,https://4.imimg.com/data4/JF/YF/MY-15623649/courier-abroad-250x250.jpeg,https://www.indiamart.com/proddetail/courier-abroad-service-9186320191.html,Courier Abroad Service
Logistics,Custom Clearance Services,custom clearance services,India to Tanzania Customs Clearance & Warehousing Service,Srompl Inc,Ask Price,N/A,095379 01808,Not Found,http://www.srompl.com,Rajkot,N/A,N/A,https://5.imimg.com/data5/SELLER/Default/2025/11/557302736/WB/CI/OA/9489878/india-to-tanzania-customs-clearance-warehousing-250x250.png,https://www.indiamart.com/proddetail/india-to-tanzania-customs-clearance-warehousing-2857829023330.html,India to Tanzania Customs Clearance & Warehousing Service
Logistics,Custom Clearance Services,custom clearance services,Import Clearance Service,Florex International,Ask Price,N/A,+91 70418 11706,parth@florexinternational.com,https://florexinternational.com,Gondal,N/A,N/A,https://5.imimg.com/data5/SELLER/Default/2025/7/532048380/IT/EI/SZ/100168840/import-clearance-service-250x250.png,https://www.indiamart.com/proddetail/import-clearance-service-2857079874455.html,Import Clearance Service
Logistics,Custom Clearance Services,custom clearance services,K -G CRAMLSJAF CLEARANCE GAUGE 85 300 MM DONGHAI SHIP,Shipnav Marine Services,Ask Price,Shipnav Marine Services,097257 54777,Not Found,http://www.shipnavmarine.com,Bhavnagar,N/A,N/A,https://5.imimg.com/data5/SELLER/Default/2025/2/489308900/NL/ER/CT/7955773/k-g-cramlsjaf-clearance-gauge-85-300-mm-donghai-ship-250x250.jpg,https://www.indiamart.com/proddetail/k-g-cramlsjaf-clearance-gauge-85-300-mm-donghai-ship-2855797106197.html,K -G CRAMLSJAF CLEARANCE GAUGE 85 300 MM DONGHAI SHIP
Logistics,Custom Clearance Services,custom clearance services,"International Import Customs Clearance Service, Rajkot",Sunrise International Logistics,Ask Price,N/A,090338 88824,Not Found,http://sunriseintnal.com,Rajkot,N/A,N/A,https://5.imimg.com/data5/SELLER/Default/2022/7/GG/QC/OJ/22200079/import-customs-clearance-service-250x250.PNG,https://www.indiamart.com/proddetail/import-customs-clearance-service-26059701691.html,"International Import Customs Clearance Service, Rajkot"
Logistics,Custom Clearance Services,custom clearance services,Custom House Agent,Ribhus International Private Limited,Ask Price,N/A,+91 90670 05353,ribhusinternational@gmail.com,https://www.google.com/search?q=ribhus+international+private+limited&oq=Ribhus+International+Private+Limited&gs_lcrp=EgZjaHJvbWUqCggAEAAY4wIYgAQyCggAEAAY4wIYgAQyDQgBEC4YrwEYxwEYgAQyCAgCEAAYFhgeMggIAxAAGBYYHjIHCAQQABjvBTIHCAUQABjvBTIHCAYQABjvBdIBCTE3MjY1ajBqNKgCALACAA&sourceid=chrome&ie=UTF-8,Rajkot,N/A,N/A,https://5.imimg.com/data5/SELLER/Default/2022/6/KM/XS/KH/31798139/custom-house-agent-250x250.PNG,https://www.indiamart.com/proddetail/custom-house-agent-18081484733.html,Ribhus International Private Limited
Logistics,Custom Clearance Services,custom clearance services,India to Tanzania Customs Clearance & Warehousing Service,Srompl Inc,Ask Price,N/A,095379 01808,Not Found,http://www.srompl.com,Rajkot,N/A,N/A,https://5.imimg.com/data5/SELLER/Default/2025/11/557302736/WB/CI/OA/9489878/india-to-tanzania-customs-clearance-warehousing-250x250.png,https://www.indiamart.com/proddetail/india-to-tanzania-customs-clearance-warehousing-2857829023330.html,India to Tanzania Customs Clearance & Warehousing Service
Logistics,Custom Clearance Services,custom clearance services,Import Clearance Service,Florex International,Ask Price,N/A,+91 70418 11706,parth@florexinternational.com,https://florexinternational.com,Gondal,N/A,N/A,https://5.imimg.com/data5/SELLER/Default/2025/7/532048380/IT/EI/SZ/100168840/import-clearance-service-250x250.png,https://www.indiamart.com/proddetail/import-clearance-service-2857079874455.html,Import Clearance Service
Logistics,Custom Clearance Services,custom clearance services,K -G CRAMLSJAF CLEARANCE GAUGE 85 300 MM DONGHAI SHIP,Shipnav Marine Services,Ask Price,Shipnav Marine Services,097257 54777,Not Found,http://www.shipnavmarine.com,Bhavnagar,N/A,N/A,https://5.imimg.com/data5/SELLER/Default/2025/2/489308900/NL/ER/CT/7955773/k-g-cramlsjaf-clearance-gauge-85-300-mm-donghai-ship-250x250.jpg,https://www.indiamart.com/proddetail/k-g-cramlsjaf-clearance-gauge-85-300-mm-donghai-ship-2855797106197.html,K -G CRAMLSJAF CLEARANCE GAUGE 85 300 MM DONGHAI SHIP
Logistics,Custom Clearance Services,custom clearance services,"International Import Customs Clearance Service, Rajkot",Sunrise International Logistics,Ask Price,N/A,090338 88824,Not Found,http://sunriseintnal.com,Rajkot,N/A,N/A,https://5.imimg.com/data5/SELLER/Default/2022/7/GG/QC/OJ/22200079/import-customs-clearance-service-250x250.PNG,https://www.indiamart.com/proddetail/import-customs-clearance-service-26059701691.html,"International Import Customs Clearance Service, Rajkot"
Logistics,Custom Clearance Services,custom clearance services,Custom House Agent,Ribhus International Private Limited,Ask Price,N/A,+91 90670 05353,ribhusinternational@gmail.com,https://www.google.com/search?q=ribhus+international+private+limited&oq=Ribhus+International+Private+Limited&gs_lcrp=EgZjaHJvbWUqCggAEAAY4wIYgAQyCggAEAAY4wIYgAQyDQgBEC4YrwEYxwEYgAQyCAgCEAAYFhgeMggIAxAAGBYYHjIHCAQQABjvBTIHCAUQABjvBTIHCAYQABjvBdIBCTE3MjY1ajBqNKgCALACAA&sourceid=chrome&ie=UTF-8,Rajkot,N/A,N/A,https://5.imimg.com/data5/SELLER/Default/2022/6/KM/XS/KH/31798139/custom-house-agent-250x250.PNG,https://www.indiamart.com/proddetail/custom-house-agent-18081484733.html,Ribhus International Private Limited
Logistics,Custom Clearance Services,custom clearance services,India to Tanzania Customs Clearance & Warehousing Service,Srompl Inc,Ask Price,N/A,095379 01808,Not Found,http://www.srompl.com,Rajkot,N/A,N/A,https://5.imimg.com/data5/SELLER/Default/2025/11/557302736/WB/CI/OA/9489878/india-to-tanzania-customs-clearance-warehousing-250x250.png,https://www.indiamart.com/proddetail/india-to-tanzania-customs-clearance-warehousing-2857829023330.html,India to Tanzania Customs Clearance & Warehousing Service
Logistics,Custom Clearance Services,custom clearance services,Import Clearance Service,Florex International,Ask Price,N/A,+91 70418 11706,parth@florexinternational.com,https://florexinternational.com,Gondal,N/A,N/A,https://5.imimg.com/data5/SELLER/Default/2025/7/532048380/IT/EI/SZ/100168840/import-clearance-service-250x250.png,https://www.indiamart.com/proddetail/import-clearance-service-2857079874455.html,Import Clearance Service
Logistics,Custom Clearance Services,custom clearance services,K -G CRAMLSJAF CLEARANCE GAUGE 85 300 MM DONGHAI SHIP,Shipnav Marine Services,Ask Price,Shipnav Marine Services,097257 54777,Not Found,http://www.shipnavmarine.com,Bhavnagar,N/A,N/A,https://5.imimg.com/data5/SELLER/Default/2025/2/489308900/NL/ER/CT/7955773/k-g-cramlsjaf-clearance-gauge-85-300-mm-donghai-ship-250x250.jpg,https://www.indiamart.com/proddetail/k-g-cramlsjaf-clearance-gauge-85-300-mm-donghai-ship-2855797106197.html,K -G CRAMLSJAF CLEARANCE GAUGE 85 300 MM DONGHAI SHIP
Logistics,Custom Clearance Services,custom clearance services,"International Import Customs Clearance Service, Rajkot",Sunrise International Logistics,Ask Price,N/A,090338 88824,Not Found,http://sunriseintnal.com,Rajkot,N/A,N/A,https://5.imimg.com/data5/SELLER/Default/2022/7/GG/QC/OJ/22200079/import-customs-clearance-service-250x250.PNG,https://www.indiamart.com/proddetail/import-customs-clearance-service-26059701691.html,"International Import Customs Clearance Service, Rajkot"
Logistics,Custom Clearance Services,custom clearance services,Custom House Agent,Ribhus International Private Limited,Ask Price,N/A,+91 90670 05353,ribhusinternational@gmail.com,https://www.google.com/search?q=ribhus+international+private+limited&oq=Ribhus+International+Private+Limited&gs_lcrp=EgZjaHJvbWUqCggAEAAY4wIYgAQyCggAEAAY4wIYgAQyDQgBEC4YrwEYxwEYgAQyCAgCEAAYFhgeMggIAxAAGBYYHjIHCAQQABjvBTIHCAUQABjvBTIHCAYQABjvBdIBCTE3MjY1ajBqNKgCALACAA&sourceid=chrome&ie=UTF-8,Rajkot,N/A,N/A,https://5.imimg.com/data5/SELLER/Default/2022/6/KM/XS/KH/31798139/custom-house-agent-250x250.PNG,https://www.indiamart.com/proddetail/custom-house-agent-18081484733.html,Ribhus International Private Limited
Logistics,Custom Clearance Services,custom clearance services,India to Tanzania Customs Clearance & Warehousing Service,Srompl Inc,Ask Price,N/A,095379 01808,Not Found,http://www.srompl.com,Rajkot,N/A,N/A,https://5.imimg.com/data5/SELLER/Default/2025/11/557302736/WB/CI/OA/9489878/india-to-tanzania-customs-clearance-warehousing-250x250.png,https://www.indiamart.com/proddetail/india-to-tanzania-customs-clearance-warehousing-2857829023330.html,India to Tanzania Customs Clearance & Warehousing Service
Logistics,Custom Clearance Services,custom clearance services,Import Clearance Service,Florex International,Ask Price,N/A,+91 70418 11706,parth@florexinternational.com,https://florexinternational.com,Gondal,N/A,N/A,https://5.imimg.com/data5/SELLER/Default/2025/7/532048380/IT/EI/SZ/100168840/import-clearance-service-250x250.png,https://www.indiamart.com/proddetail/import-clearance-service-2857079874455.html,Import Clearance Service
Logistics,Custom Clearance Services,custom clearance services,K -G CRAMLSJAF CLEARANCE GAUGE 85 300 MM DONGHAI SHIP,Shipnav Marine Services,Ask Price,Shipnav Marine Services,097257 54777,Not Found,http://www.shipnavmarine.com,Bhavnagar,N/A,N/A,https://5.imimg.com/data5/SELLER/Default/2025/2/489308900/NL/ER/CT/7955773/k-g-cramlsjaf-clearance-gauge-85-300-mm-donghai-ship-250x250.jpg,https://www.indiamart.com/proddetail/k-g-cramlsjaf-clearance-gauge-85-300-mm-donghai-ship-2855797106197.html,K -G CRAMLSJAF CLEARANCE GAUGE 85 300 MM DONGHAI SHIP
Logistics,Custom Clearance Services,custom clearance services,"International Import Customs Clearance Service, Rajkot",Sunrise International Logistics,Ask Price,N/A,090338 88824,Not Found,http://sunriseintnal.com,Rajkot,N/A,N/A,https://5.imimg.com/data5/SELLER/Default/2022/7/GG/QC/OJ/22200079/import-customs-clearance-service-250x250.PNG,https://www.indiamart.com/proddetail/import-customs-clearance-service-26059701691.html,"International Import Customs Clearance Service, Rajkot"
Logistics,Custom Clearance Services,custom clearance services,Custom House Agent,Ribhus International Private Limited,Ask Price,N/A,+91 90670 05353,ribhusinternational@gmail.com,https://www.google.com/search?q=ribhus+international+private+limited&oq=Ribhus+International+Private+Limited&gs_lcrp=EgZjaHJvbWUqCggAEAAY4wIYgAQyCggAEAAY4wIYgAQyDQgBEC4YrwEYxwEYgAQyCAgCEAAYFhgeMggIAxAAGBYYHjIHCAQQABjvBTIHCAUQABjvBTIHCAYQABjvBdIBCTE3MjY1ajBqNKgCALACAA&sourceid=chrome&ie=UTF-8,Rajkot,N/A,N/A,https://5.imimg.com/data5/SELLER/Default/2022/6/KM/XS/KH/31798139/custom-house-agent-250x250.PNG,https://www.indiamart.com/proddetail/custom-house-agent-18081484733.html,Ribhus International Private Limited
Logistics,Custom Clearance Services,custom clearance services,India to Tanzania Customs Clearance & Warehousing Service,Srompl Inc,Ask Price,N/A,095379 01808,Not Found,http://www.srompl.com,Rajkot,N/A,N/A,https://5.imimg.com/data5/SELLER/Default/2025/11/557302736/WB/CI/OA/9489878/india-to-tanzania-customs-clearance-warehousing-250x250.png,https://www.indiamart.com/proddetail/india-to-tanzania-customs-clearance-warehousing-2857829023330.html,India to Tanzania Customs Clearance & Warehousing Service
Logistics,Custom Clearance Services,custom clearance services,Import Clearance Service,Florex International,Ask Price,N/A,+91 70418 11706,parth@florexinternational.com,https://florexinternational.com,Gondal,N/A,N/A,https://5.imimg.com/data5/SELLER/Default/2025/7/532048380/IT/EI/SZ/100168840/import-clearance-service-250x250.png,https://www.indiamart.com/proddetail/import-clearance-service-2857079874455.html,Import Clearance Service
Logistics,Custom Clearance Services,custom clearance services,K -G CRAMLSJAF CLEARANCE GAUGE 85 300 MM DONGHAI SHIP,Shipnav Marine Services,Ask Price,Shipnav Marine Services,097257 54777,Not Found,http://www.shipnavmarine.com,Bhavnagar,N/A,N/A,https://5.imimg.com/data5/SELLER/Default/2025/2/489308900/NL/ER/CT/7955773/k-g-cramlsjaf-clearance-gauge-85-300-mm-donghai-ship-250x250.jpg,https://www.indiamart.com/proddetail/k-g-cramlsjaf-clearance-gauge-85-300-mm-donghai-ship-2855797106197.html,K -G CRAMLSJAF CLEARANCE GAUGE 85 300 MM DONGHAI SHIP
Logistics,Custom Clearance Services,custom clearance services,"International Import Customs Clearance Service, Rajkot",Sunrise International Logistics,Ask Price,N/A,090338 88824,Not Found,http://sunriseintnal.com,Rajkot,N/A,N/A,https://5.imimg.com/data5/SELLER/Default/2022/7/GG/QC/OJ/22200079/import-customs-clearance-service-250x250.PNG,https://www.indiamart.com/proddetail/import-customs-clearance-service-26059701691.html,"International Import Customs Clearance Service, Rajkot"
Logistics,Custom Clearance Services,custom clearance services,Custom House Agent,Ribhus International Private Limited,Ask Price,N/A,+91 90670 05353,ribhusinternational@gmail.com,https://www.google.com/search?q=ribhus+international+private+limited&oq=Ribhus+International+Private+Limited&gs_lcrp=EgZjaHJvbWUqCggAEAAY4wIYgAQyCggAEAAY4wIYgAQyDQgBEC4YrwEYxwEYgAQyCAgCEAAYFhgeMggIAxAAGBYYHjIHCAQQABjvBTIHCAUQABjvBTIHCAYQABjvBdIBCTE3MjY1ajBqNKgCALACAA&sourceid=chrome&ie=UTF-8,Rajkot,N/A,N/A,https://5.imimg.com/data5/SELLER/Default/2022/6/KM/XS/KH/31798139/custom-house-agent-250x250.PNG,https://www.indiamart.com/proddetail/custom-house-agent-18081484733.html,Ribhus International Private Limited
Logistics,Freight Forwarding,freight forwarding,India to Saudi Arabia FCL and LCL Freight Forwarding,Srompl Inc,Ask Price,N/A,095379 01808,Not Found,http://www.srompl.com,Rajkot,N/A,N/A,https://5.imimg.com/data5/SELLER/Default/2025/10/553859692/PC/TL/EL/9489878/india-to-saudi-arabia-fcl-and-lcl-freight-forwarding-250x250.png,https://www.indiamart.com/proddetail/india-to-saudi-arabia-fcl-and-lcl-freight-forwarding-2857735304833.html,India to Saudi Arabia FCL and LCL Freight Forwarding
Logistics,Freight Forwarding,freight forwarding,Freight Forwarding Service,Vishvas Transport & Logistics,Ask Price,Freight Forwarding Service,Not Found,Not Found,https://www.indiamart.com › proddetail › railway-logistics-services-rajkot...,Rajkot,N/A,N/A,https://5.imimg.com/data5/SELLER/Default/2025/8/540890191/RQ/LT/SW/251481841/freight-forwarding-service-250x250.jpeg,https://www.indiamart.com/proddetail/freight-forwarding-service-2857449245330.html,Freight Forwarding Service
Logistics,Freight Forwarding,freight forwarding,Freight Forwarding Logistics Service,Pramukh Transport,Ask Price,Freight Forwarding Logistics Service,"+91 98242 65593, +91 79841 18197",pramukhenterprise68@gmail.com,https://www.pramukhenterprise.com,Junagadh,N/A,N/A,https://5.imimg.com/data5/ANDROID/Default/2026/1/576825206/JT/ZH/NT/35603261/prod-20260119-1054316780569919918170439-jpg-250x250.jpg,https://www.indiamart.com/proddetail/freight-forwarding-logistics-service-2858594135973.html,Freight Forwarding Logistics Service
Logistics,Freight Forwarding,freight forwarding,Sea Freight Forwarding Service,Florex International,Ask Price,Sea Freight Forwarding Service,+91 70418 11706,parth@florexinternational.com,https://florexinternational.com,Gondal,N/A,N/A,https://5.imimg.com/data5/SELLER/Default/2025/7/531966738/CE/VX/MF/100168840/sea-freight-service-250x250.png,https://www.indiamart.com/proddetail/sea-freight-forwarding-service-2857078356188.html,Sea Freight Forwarding Service
Logistics,Freight Forwarding,freight forwarding,International Freight Forwarding Services,Sunrise International Logistics,Ask Price,International Freight Forwarding Services,090338 88824,Not Found,http://sunriseintnal.com,Rajkot,N/A,N/A,https://5.imimg.com/data5/SELLER/Default/2022/7/DH/RO/RG/22200079/sunrise-250x250.PNG,https://www.indiamart.com/proddetail/international-freight-forwarding-services-26059686373.html,International Freight Forwarding Services
Logistics,Freight Forwarding,freight forwarding,Clearing & Forwarding Agent Services,Sealift Shipping,Ask Price,Clearing & Forwarding Agent Services,Not Found,Not Found,https://sealiftshipping.com,Rajkot,N/A,N/A,https://5.imimg.com/data5/SELLER/Default/2026/3/588697082/LI/BK/XF/28783136/clearing-forwarding-agent-250x250.jpg,https://www.indiamart.com/proddetail/clearing-forwarding-agent-services-2858905115030.html,Clearing & Forwarding Agent Services
Logistics,Freight Forwarding,freight forwarding,International Sea Freight Forwarding Services,Ribhus International Private Limited,Ask Price,International Sea Freight Forwarding Services,+91 90670 05353,ribhusinternational@gmail.com,https://www.google.com/search?q=ribhus+international+private+limited&oq=Ribhus+International+Private+Limited&gs_lcrp=EgZjaHJvbWUqCggAEAAY4wIYgAQyCggAEAAY4wIYgAQyDQgBEC4YrwEYxwEYgAQyCAgCEAAYFhgeMggIAxAAGBYYHjIHCAQQABjvBTIHCAUQABjvBTIHCAYQABjvBdIBCTE3MjY1ajBqNKgCALACAA&sourceid=chrome&ie=UTF-8,Rajkot,N/A,N/A,https://5.imimg.com/data5/SELLER/Default/2022/6/ST/GM/NY/31798139/international-sea-freight-forwarding-services-250x250.PNG,https://www.indiamart.com/proddetail/international-sea-freight-forwarding-services-25957025848.html,International Sea Freight Forwarding Services
Logistics,Freight Forwarding,freight forwarding,Sea Freight Forwarding Services,Compass Shipping Agency,Ask Price,Sea Freight Forwarding Services,+91 94271 31313,compassship@yahoo.com,https://www.compassship.com,Bhavnagar,N/A,N/A,https://5.imimg.com/data5/SELLER/Default/2022/11/KQ/BJ/UN/2745338/sea-freight-forwarding-services-250x250.jpg,https://www.indiamart.com/proddetail/sea-freight-forwarding-services-6080995748.html,Sea Freight Forwarding Services
Logistics,Freight Forwarding,freight forwarding,India to Saudi Arabia FCL and LCL Freight Forwarding,Srompl Inc,Ask Price,N/A,095379 01808,Not Found,http://www.srompl.com,Rajkot,N/A,N/A,https://5.imimg.com/data5/SELLER/Default/2025/10/553859692/PC/TL/EL/9489878/india-to-saudi-arabia-fcl-and-lcl-freight-forwarding-250x250.png,https://www.indiamart.com/proddetail/india-to-saudi-arabia-fcl-and-lcl-freight-forwarding-2857735304833.html,India to Saudi Arabia FCL and LCL Freight Forwarding
Logistics,Freight Forwarding,freight forwarding,Freight Forwarding Service,Vishvas Transport & Logistics,Ask Price,Freight Forwarding Service,Not Found,Not Found,https://www.indiamart.com › proddetail › railway-logistics-services-rajkot...,Rajkot,N/A,N/A,https://5.imimg.com/data5/SELLER/Default/2025/8/540890191/RQ/LT/SW/251481841/freight-forwarding-service-250x250.jpeg,https://www.indiamart.com/proddetail/freight-forwarding-service-2857449245330.html,Freight Forwarding Service
Logistics,Freight Forwarding,freight forwarding,Freight Forwarding Logistics Service,Pramukh Transport,Ask Price,Freight Forwarding Logistics Service,"+91 98242 65593, +91 79841 18197",pramukhenterprise68@gmail.com,https://www.pramukhenterprise.com,Junagadh,N/A,N/A,https://5.imimg.com/data5/ANDROID/Default/2026/1/576825206/JT/ZH/NT/35603261/prod-20260119-1054316780569919918170439-jpg-250x250.jpg,https://www.indiamart.com/proddetail/freight-forwarding-logistics-service-2858594135973.html,Freight Forwarding Logistics Service
Logistics,Freight Forwarding,freight forwarding,Sea Freight Forwarding Service,Florex International,Ask Price,Sea Freight Forwarding Service,+91 70418 11706,parth@florexinternational.com,https://florexinternational.com,Gondal,N/A,N/A,https://5.imimg.com/data5/SELLER/Default/2025/7/531966738/CE/VX/MF/100168840/sea-freight-service-250x250.png,https://www.indiamart.com/proddetail/sea-freight-forwarding-service-2857078356188.html,Sea Freight Forwarding Service
Logistics,Freight Forwarding,freight forwarding,International Freight Forwarding Services,Sunrise International Logistics,Ask Price,International Freight Forwarding Services,090338 88824,Not Found,http://sunriseintnal.com,Rajkot,N/A,N/A,https://5.imimg.com/data5/SELLER/Default/2022/7/DH/RO/RG/22200079/sunrise-250x250.PNG,https://www.indiamart.com/proddetail/international-freight-forwarding-services-26059686373.html,International Freight Forwarding Services
Logistics,Freight Forwarding,freight forwarding,Clearing & Forwarding Agent Services,Sealift Shipping,Ask Price,Clearing & Forwarding Agent Services,Not Found,Not Found,https://sealiftshipping.com,Rajkot,N/A,N/A,https://5.imimg.com/data5/SELLER/Default/2026/3/588697082/LI/BK/XF/28783136/clearing-forwarding-agent-250x250.jpg,https://www.indiamart.com/proddetail/clearing-forwarding-agent-services-2858905115030.html,Clearing & Forwarding Agent Services
Logistics,Freight Forwarding,freight forwarding,International Sea Freight Forwarding Services,Ribhus International Private Limited,Ask Price,International Sea Freight Forwarding Services,+91 90670 05353,ribhusinternational@gmail.com,https://www.google.com/search?q=ribhus+international+private+limited&oq=Ribhus+International+Private+Limited&gs_lcrp=EgZjaHJvbWUqCggAEAAY4wIYgAQyCggAEAAY4wIYgAQyDQgBEC4YrwEYxwEYgAQyCAgCEAAYFhgeMggIAxAAGBYYHjIHCAQQABjvBTIHCAUQABjvBTIHCAYQABjvBdIBCTE3MjY1ajBqNKgCALACAA&sourceid=chrome&ie=UTF-8,Rajkot,N/A,N/A,https://5.imimg.com/data5/SELLER/Default/2022/6/ST/GM/NY/31798139/international-sea-freight-forwarding-services-250x250.PNG,https://www.indiamart.com/proddetail/international-sea-freight-forwarding-services-25957025848.html,International Sea Freight Forwarding Services
Logistics,Freight Forwarding,freight forwarding,Sea Freight Forwarding Services,Compass Shipping Agency,Ask Price,Sea Freight Forwarding Services,+91 94271 31313,compassship@yahoo.com,https://www.compassship.com,Bhavnagar,N/A,N/A,https://5.imimg.com/data5/SELLER/Default/2022/11/KQ/BJ/UN/2745338/sea-freight-forwarding-services-250x250.jpg,https://www.indiamart.com/proddetail/sea-freight-forwarding-services-6080995748.html,Sea Freight Forwarding Services
Logistics,Freight Forwarding,freight forwarding,India to Saudi Arabia FCL and LCL Freight Forwarding,Srompl Inc,Ask Price,N/A,095379 01808,Not Found,http://www.srompl.com,Rajkot,N/A,N/A,https://5.imimg.com/data5/SELLER/Default/2025/10/553859692/PC/TL/EL/9489878/india-to-saudi-arabia-fcl-and-lcl-freight-forwarding-250x250.png,https://www.indiamart.com/proddetail/india-to-saudi-arabia-fcl-and-lcl-freight-forwarding-2857735304833.html,India to Saudi Arabia FCL and LCL Freight Forwarding
Logistics,Freight Forwarding,freight forwarding,Freight Forwarding Service,Vishvas Transport & Logistics,Ask Price,Freight Forwarding Service,Not Found,Not Found,https://www.indiamart.com › proddetail › railway-logistics-services-rajkot...,Rajkot,N/A,N/A,https://5.imimg.com/data5/SELLER/Default/2025/8/540890191/RQ/LT/SW/251481841/freight-forwarding-service-250x250.jpeg,https://www.indiamart.com/proddetail/freight-forwarding-service-2857449245330.html,Freight Forwarding Service
Logistics,Freight Forwarding,freight forwarding,Freight Forwarding Logistics Service,Pramukh Transport,Ask Price,Freight Forwarding Logistics Service,"+91 98242 65593, +91 79841 18197",pramukhenterprise68@gmail.com,https://www.pramukhenterprise.com,Junagadh,N/A,N/A,https://5.imimg.com/data5/ANDROID/Default/2026/1/576825206/JT/ZH/NT/35603261/prod-20260119-1054316780569919918170439-jpg-250x250.jpg,https://www.indiamart.com/proddetail/freight-forwarding-logistics-service-2858594135973.html,Freight Forwarding Logistics Service
Logistics,Freight Forwarding,freight forwarding,Sea Freight Forwarding Service,Florex International,Ask Price,Sea Freight Forwarding Service,+91 70418 11706,parth@florexinternational.com,https://florexinternational.com,Gondal,N/A,N/A,https://5.imimg.com/data5/SELLER/Default/2025/7/531966738/CE/VX/MF/100168840/sea-freight-service-250x250.png,https://www.indiamart.com/proddetail/sea-freight-forwarding-service-2857078356188.html,Sea Freight Forwarding Service
Logistics,Freight Forwarding,freight forwarding,International Freight Forwarding Services,Sunrise International Logistics,Ask Price,International Freight Forwarding Services,090338 88824,Not Found,http://sunriseintnal.com,Rajkot,N/A,N/A,https://5.imimg.com/data5/SELLER/Default/2022/7/DH/RO/RG/22200079/sunrise-250x250.PNG,https://www.indiamart.com/proddetail/international-freight-forwarding-services-26059686373.html,International Freight Forwarding Services
Logistics,Freight Forwarding,freight forwarding,Clearing & Forwarding Agent Services,Sealift Shipping,Ask Price,Clearing & Forwarding Agent Services,Not Found,Not Found,https://sealiftshipping.com,Rajkot,N/A,N/A,https://5.imimg.com/data5/SELLER/Default/2026/3/588697082/LI/BK/XF/28783136/clearing-forwarding-agent-250x250.jpg,https://www.indiamart.com/proddetail/clearing-forwarding-agent-services-2858905115030.html,Clearing & Forwarding Agent Services
Logistics,Freight Forwarding,freight forwarding,International Sea Freight Forwarding Services,Ribhus International Private Limited,Ask Price,International Sea Freight Forwarding Services,+91 90670 05353,ribhusinternational@gmail.com,https://www.google.com/search?q=ribhus+international+private+limited&oq=Ribhus+International+Private+Limited&gs_lcrp=EgZjaHJvbWUqCggAEAAY4wIYgAQyCggAEAAY4wIYgAQyDQgBEC4YrwEYxwEYgAQyCAgCEAAYFhgeMggIAxAAGBYYHjIHCAQQABjvBTIHCAUQABjvBTIHCAYQABjvBdIBCTE3MjY1ajBqNKgCALACAA&sourceid=chrome&ie=UTF-8,Rajkot,N/A,N/A,https://5.imimg.com/data5/SELLER/Default/2022/6/ST/GM/NY/31798139/international-sea-freight-forwarding-services-250x250.PNG,https://www.indiamart.com/proddetail/international-sea-freight-forwarding-services-25957025848.html,International Sea Freight Forwarding Services
Logistics,Freight Forwarding,freight forwarding,Sea Freight Forwarding Services,Compass Shipping Agency,Ask Price,Sea Freight Forwarding Services,+91 94271 31313,compassship@yahoo.com,https://www.compassship.com,Bhavnagar,N/A,N/A,https://5.imimg.com/data5/SELLER/Default/2022/11/KQ/BJ/UN/2745338/sea-freight-forwarding-services-250x250.jpg,https://www.indiamart.com/proddetail/sea-freight-forwarding-services-6080995748.html,Sea Freight Forwarding Services
Logistics,Freight Forwarding,freight forwarding,India to Saudi Arabia FCL and LCL Freight Forwarding,Srompl Inc,Ask Price,N/A,095379 01808,Not Found,http://www.srompl.com,Rajkot,N/A,N/A,https://5.imimg.com/data5/SELLER/Default/2025/10/553859692/PC/TL/EL/9489878/india-to-saudi-arabia-fcl-and-lcl-freight-forwarding-250x250.png,https://www.indiamart.com/proddetail/india-to-saudi-arabia-fcl-and-lcl-freight-forwarding-2857735304833.html,India to Saudi Arabia FCL and LCL Freight Forwarding
Logistics,Freight Forwarding,freight forwarding,Freight Forwarding Service,Vishvas Transport & Logistics,Ask Price,Freight Forwarding Service,Not Found,Not Found,https://www.indiamart.com › proddetail › railway-logistics-services-rajkot...,Rajkot,N/A,N/A,https://5.imimg.com/data5/SELLER/Default/2025/8/540890191/RQ/LT/SW/251481841/freight-forwarding-service-250x250.jpeg,https://www.indiamart.com/proddetail/freight-forwarding-service-2857449245330.html,Freight Forwarding Service
Logistics,Freight Forwarding,freight forwarding,Freight Forwarding Logistics Service,Pramukh Transport,Ask Price,Freight Forwarding Logistics Service,"+91 98242 65593, +91 79841 18197",pramukhenterprise68@gmail.com,https://www.pramukhenterprise.com,Junagadh,N/A,N/A,https://5.imimg.com/data5/ANDROID/Default/2026/1/576825206/JT/ZH/NT/35603261/prod-20260119-1054316780569919918170439-jpg-250x250.jpg,https://www.indiamart.com/proddetail/freight-forwarding-logistics-service-2858594135973.html,Freight Forwarding Logistics Service
Logistics,Freight Forwarding,freight forwarding,Sea Freight Forwarding Service,Florex International,Ask Price,Sea Freight Forwarding Service,+91 70418 11706,parth@florexinternational.com,https://florexinternational.com,Gondal,N/A,N/A,https://5.imimg.com/data5/SELLER/Default/2025/7/531966738/CE/VX/MF/100168840/sea-freight-service-250x250.png,https://www.indiamart.com/proddetail/sea-freight-forwarding-service-2857078356188.html,Sea Freight Forwarding Service
Logistics,Freight Forwarding,freight forwarding,International Freight Forwarding Services,Sunrise International Logistics,Ask Price,International Freight Forwarding Services,090338 88824,Not Found,http://sunriseintnal.com,Rajkot,N/A,N/A,https://5.imimg.com/data5/SELLER/Default/2022/7/DH/RO/RG/22200079/sunrise-250x250.PNG,https://www.indiamart.com/proddetail/international-freight-forwarding-services-26059686373.html,International Freight Forwarding Services
Logistics,Freight Forwarding,freight forwarding,Clearing & Forwarding Agent Services,Sealift Shipping,Ask Price,Clearing & Forwarding Agent Services,Not Found,Not Found,https://sealiftshipping.com,Rajkot,N/A,N/A,https://5.imimg.com/data5/SELLER/Default/2026/3/588697082/LI/BK/XF/28783136/clearing-forwarding-agent-250x250.jpg,https://www.indiamart.com/proddetail/clearing-forwarding-agent-services-2858905115030.html,Clearing & Forwarding Agent Services
Logistics,Freight Forwarding,freight forwarding,International Sea Freight Forwarding Services,Ribhus International Private Limited,Ask Price,International Sea Freight Forwarding Services,+91 90670 05353,ribhusinternational@gmail.com,https://www.google.com/search?q=ribhus+international+private+limited&oq=Ribhus+International+Private+Limited&gs_lcrp=EgZjaHJvbWUqCggAEAAY4wIYgAQyCggAEAAY4wIYgAQyDQgBEC4YrwEYxwEYgAQyCAgCEAAYFhgeMggIAxAAGBYYHjIHCAQQABjvBTIHCAUQABjvBTIHCAYQABjvBdIBCTE3MjY1ajBqNKgCALACAA&sourceid=chrome&ie=UTF-8,Rajkot,N/A,N/A,https://5.imimg.com/data5/SELLER/Default/2022/6/ST/GM/NY/31798139/international-sea-freight-forwarding-services-250x250.PNG,https://www.indiamart.com/proddetail/international-sea-freight-forwarding-services-25957025848.html,International Sea Freight Forwarding Services
Logistics,Freight Forwarding,freight forwarding,Sea Freight Forwarding Services,Compass Shipping Agency,Ask Price,Sea Freight Forwarding Services,+91 94271 31313,compassship@yahoo.com,https://www.compassship.com,Bhavnagar,N/A,N/A,https://5.imimg.com/data5/SELLER/Default/2022/11/KQ/BJ/UN/2745338/sea-freight-forwarding-services-250x250.jpg,https://www.indiamart.com/proddetail/sea-freight-forwarding-services-6080995748.html,Sea Freight Forwarding Services
Logistics,Freight Forwarding,freight forwarding,India to Saudi Arabia FCL and LCL Freight Forwarding,Srompl Inc,Ask Price,N/A,095379 01808,Not Found,http://www.srompl.com,Rajkot,N/A,N/A,https://5.imimg.com/data5/SELLER/Default/2025/10/553859692/PC/TL/EL/9489878/india-to-saudi-arabia-fcl-and-lcl-freight-forwarding-250x250.png,https://www.indiamart.com/proddetail/india-to-saudi-arabia-fcl-and-lcl-freight-forwarding-2857735304833.html,India to Saudi Arabia FCL and LCL Freight Forwarding
Logistics,Freight Forwarding,freight forwarding,Freight Forwarding Service,Vishvas Transport & Logistics,Ask Price,Freight Forwarding Service,Not Found,Not Found,https://www.indiamart.com › proddetail › railway-logistics-services-rajkot...,Rajkot,N/A,N/A,https://5.imimg.com/data5/SELLER/Default/2025/8/540890191/RQ/LT/SW/251481841/freight-forwarding-service-250x250.jpeg,https://www.indiamart.com/proddetail/freight-forwarding-service-2857449245330.html,Freight Forwarding Service
Logistics,Freight Forwarding,freight forwarding,Freight Forwarding Logistics Service,Pramukh Transport,Ask Price,Freight Forwarding Logistics Service,"+91 98242 65593, +91 79841 18197",pramukhenterprise68@gmail.com,https://www.pramukhenterprise.com,Junagadh,N/A,N/A,https://5.imimg.com/data5/ANDROID/Default/2026/1/576825206/JT/ZH/NT/35603261/prod-20260119-1054316780569919918170439-jpg-250x250.jpg,https://www.indiamart.com/proddetail/freight-forwarding-logistics-service-2858594135973.html,Freight Forwarding Logistics Service
Logistics,Freight Forwarding,freight forwarding,Sea Freight Forwarding Service,Florex International,Ask Price,Sea Freight Forwarding Service,+91 70418 11706,parth@florexinternational.com,https://florexinternational.com,Gondal,N/A,N/A,https://5.imimg.com/data5/SELLER/Default/2025/7/531966738/CE/VX/MF/100168840/sea-freight-service-250x250.png,https://www.indiamart.com/proddetail/sea-freight-forwarding-service-2857078356188.html,Sea Freight Forwarding Service
Logistics,Freight Forwarding,freight forwarding,International Freight Forwarding Services,Sunrise International Logistics,Ask Price,International Freight Forwarding Services,090338 88824,Not Found,http://sunriseintnal.com,Rajkot,N/A,N/A,https://5.imimg.com/data5/SELLER/Default/2022/7/DH/RO/RG/22200079/sunrise-250x250.PNG,https://www.indiamart.com/proddetail/international-freight-forwarding-services-26059686373.html,International Freight Forwarding Services
Logistics,Freight Forwarding,freight forwarding,Clearing & Forwarding Agent Services,Sealift Shipping,Ask Price,Clearing & Forwarding Agent Services,Not Found,Not Found,https://sealiftshipping.com,Rajkot,N/A,N/A,https://5.imimg.com/data5/SELLER/Default/2026/3/588697082/LI/BK/XF/28783136/clearing-forwarding-agent-250x250.jpg,https://www.indiamart.com/proddetail/clearing-forwarding-agent-services-2858905115030.html,Clearing & Forwarding Agent Services
Logistics,Freight Forwarding,freight forwarding,International Sea Freight Forwarding Services,Ribhus International Private Limited,Ask Price,International Sea Freight Forwarding Services,+91 90670 05353,ribhusinternational@gmail.com,https://www.google.com/search?q=ribhus+international+private+limited&oq=Ribhus+International+Private+Limited&gs_lcrp=EgZjaHJvbWUqCggAEAAY4wIYgAQyCggAEAAY4wIYgAQyDQgBEC4YrwEYxwEYgAQyCAgCEAAYFhgeMggIAxAAGBYYHjIHCAQQABjvBTIHCAUQABjvBTIHCAYQABjvBdIBCTE3MjY1ajBqNKgCALACAA&sourceid=chrome&ie=UTF-8,Rajkot,N/A,N/A,https://5.imimg.com/data5/SELLER/Default/2022/6/ST/GM/NY/31798139/international-sea-freight-forwarding-services-250x250.PNG,https://www.indiamart.com/proddetail/international-sea-freight-forwarding-services-25957025848.html,International Sea Freight Forwarding Services
Logistics,Freight Forwarding,freight forwarding,Sea Freight Forwarding Services,Compass Shipping Agency,Ask Price,Sea Freight Forwarding Services,+91 94271 31313,compassship@yahoo.com,https://www.compassship.com,Bhavnagar,N/A,N/A,https://5.imimg.com/data5/SELLER/Default/2022/11/KQ/BJ/UN/2745338/sea-freight-forwarding-services-250x250.jpg,https://www.indiamart.com/proddetail/sea-freight-forwarding-services-6080995748.html,Sea Freight Forwarding Services
Printing Services,Offset Printing Services,offset printing services,Offset Printing Service,Five Strategy Consultants LLP,₹ 1.77,N/A,+91 70696 37848,hello@tradingmantra.in,NA(Company Website Not Found),Rajkot,N/A,N/A,https://5.imimg.com/data5/SELLER/Default/2024/5/416089297/RZ/WM/SH/110573180/offset-printing-service-250x250.jpg,https://www.indiamart.com/proddetail/offset-printing-service-2853964868055.html,Offset Printing Service
Printing Services,Offset Printing Services,offset printing services,Offset Printing Services,Swastik Enterprise,₹ 1,N/A,Not Found,Not Found,https://www.snapdeal.com › brand › swastik-enterprise,Vanthali,N/A,N/A,https://5.imimg.com/data5/ANDROID/Default/2024/10/460688737/FQ/JD/XN/233418546/product-jpeg-250x250.jpg,https://www.indiamart.com/proddetail/offset-printing-services-2856518443448.html,Offset Printing Services
Printing Services,Offset Printing Services,offset printing services,"1 Day Offset Printing Services, Location: Local",Tulshai Offset,Ask Price,N/A,072030 31400,Not Found,http://tulshaioffset.com,Rajkot,N/A,N/A,https://5.imimg.com/data5/IE/YT/BO/SELLER-21425071/offset-printing-services-250x250.jpg,https://www.indiamart.com/proddetail/offset-printing-services-22457250291.html,"1 Day Offset Printing Services, Location: Local"
Printing Services,Offset Printing Services,offset printing services,Offset Printing Services,Pingax Industries Private Limited,₹ 10,N/A,+91 99099 41131,hello@pingax.com,https://pingax.com,Surat - Deals in Amreli,N/A,N/A,https://5.imimg.com/data5/SELLER/Default/2025/7/529341991/SY/PD/GI/222822207/file-2-250x250.jpg,https://www.indiamart.com/proddetail/offset-printing-services-2856955687588.html,Offset Printing Services
Printing Services,Offset Printing Services,offset printing services,Offset Printing Services,Heron Designs & Print,₹ 0.50,N/A,+91 76002 42496,Not Found,Facebook/Business Listing Only,Ahmedabad - Deals in Amreli,N/A,N/A,https://5.imimg.com/data5/SELLER/Default/2023/6/319910456/RT/KY/TS/88412676/offset-printing-services-250x250.jpg,https://www.indiamart.com/proddetail/offset-printing-services-2851204343991.html,Offset Printing Services
Printing Services,Offset Printing Services,offset printing services,Offset Printing Services,Sanjay Printers,₹ 1,N/A,Not Found,Not Found,https://www.indiamart.com › sanjayprinters › profile.html,Ghaziabad - Deals in Amreli,N/A,N/A,https://5.imimg.com/data5/SELLER/Default/2023/7/330420183/XP/MF/PF/30381258/offset-printing-services-250x250.jpg,https://www.indiamart.com/proddetail/offset-printing-services-22392655512.html,Offset Printing Services
Printing Services,Offset Printing Services,offset printing services,Offset Printing Services,Jaina Offset Printers,₹ 40,N/A,+91 98713 01255,info@jainaoffset.com,https://www.jainaoffset.com,Ghaziabad - Deals in Amreli,N/A,N/A,https://5.imimg.com/data5/SELLER/Default/2022/11/EF/RZ/DO/4159696/digital-offset-printing-services-250x250.jpg,https://www.indiamart.com/proddetail/offset-printing-services-23213395448.html,Offset Printing Services
Printing Services,Offset Printing Services,offset printing services,Offset Notepad Printing Service,Om Sai Printers,₹ 0.21,N/A,Not Found,Not Found,Website Not Found,New Delhi - Deals in Amreli,N/A,N/A,https://5.imimg.com/data5/SELLER/Default/2026/3/593065610/PM/LQ/OJ/6942868/notepad-printing-service-250x250.png,https://www.indiamart.com/proddetail/offset-notepad-printing-service-22975109688.html,Offset Notepad Printing Service
Printing Services,Offset Printing Services,offset printing services,Offset Printing Service,Five Strategy Consultants LLP,₹ 1.77,N/A,+91 70696 37848,hello@tradingmantra.in,NA(Company Website Not Found),Rajkot,N/A,N/A,https://5.imimg.com/data5/SELLER/Default/2024/5/416089297/RZ/WM/SH/110573180/offset-printing-service-250x250.jpg,https://www.indiamart.com/proddetail/offset-printing-service-2853964868055.html,Offset Printing Service
Printing Services,Offset Printing Services,offset printing services,Offset Printing Services,Swastik Enterprise,₹ 1,N/A,Not Found,Not Found,https://www.snapdeal.com › brand › swastik-enterprise,Vanthali,N/A,N/A,https://5.imimg.com/data5/ANDROID/Default/2024/10/460688737/FQ/JD/XN/233418546/product-jpeg-250x250.jpg,https://www.indiamart.com/proddetail/offset-printing-services-2856518443448.html,Offset Printing Services
Printing Services,Offset Printing Services,offset printing services,"1 Day Offset Printing Services, Location: Local",Tulshai Offset,Ask Price,N/A,072030 31400,Not Found,http://tulshaioffset.com,Rajkot,N/A,N/A,https://5.imimg.com/data5/IE/YT/BO/SELLER-21425071/offset-printing-services-250x250.jpg,https://www.indiamart.com/proddetail/offset-printing-services-22457250291.html,"1 Day Offset Printing Services, Location: Local"
Printing Services,Offset Printing Services,offset printing services,Offset Printing Services,Pingax Industries Private Limited,₹ 10,N/A,+91 99099 41131,hello@pingax.com,https://pingax.com,Surat - Deals in Amreli,N/A,N/A,https://5.imimg.com/data5/SELLER/Default/2025/7/529341991/SY/PD/GI/222822207/file-2-250x250.jpg,https://www.indiamart.com/proddetail/offset-printing-services-2856955687588.html,Offset Printing Services
Printing Services,Offset Printing Services,offset printing services,Offset Printing Services,Heron Designs & Print,₹ 0.50,N/A,+91 76002 42496,Not Found,Facebook/Business Listing Only,Ahmedabad - Deals in Amreli,N/A,N/A,https://5.imimg.com/data5/SELLER/Default/2023/6/319910456/RT/KY/TS/88412676/offset-printing-services-250x250.jpg,https://www.indiamart.com/proddetail/offset-printing-services-2851204343991.html,Offset Printing Services
Printing Services,Offset Printing Services,offset printing services,Offset Printing Services,Sanjay Printers,₹ 1,N/A,Not Found,Not Found,https://www.indiamart.com › sanjayprinters › profile.html,Ghaziabad - Deals in Amreli,N/A,N/A,https://5.imimg.com/data5/SELLER/Default/2023/7/330420183/XP/MF/PF/30381258/offset-printing-services-250x250.jpg,https://www.indiamart.com/proddetail/offset-printing-services-22392655512.html,Offset Printing Services
Printing Services,Offset Printing Services,offset printing services,Offset Printing Services,Jaina Offset Printers,₹ 40,N/A,+91 98713 01255,info@jainaoffset.com,https://www.jainaoffset.com,Ghaziabad - Deals in Amreli,N/A,N/A,https://5.imimg.com/data5/SELLER/Default/2022/11/EF/RZ/DO/4159696/digital-offset-printing-services-250x250.jpg,https://www.indiamart.com/proddetail/offset-printing-services-23213395448.html,Offset Printing Services
Printing Services,Offset Printing Services,offset printing services,Offset Notepad Printing Service,Om Sai Printers,₹ 0.21,N/A,Not Found,Not Found,Website Not Found,New Delhi - Deals in Amreli,N/A,N/A,https://5.imimg.com/data5/SELLER/Default/2026/3/593065610/PM/LQ/OJ/6942868/notepad-printing-service-250x250.png,https://www.indiamart.com/proddetail/offset-notepad-printing-service-22975109688.html,Offset Notepad Printing Service
Printing Services,Offset Printing Services,offset printing services,Offset Printing Service,Five Strategy Consultants LLP,₹ 1.77,N/A,+91 70696 37848,hello@tradingmantra.in,NA(Company Website Not Found),Rajkot,N/A,N/A,https://5.imimg.com/data5/SELLER/Default/2024/5/416089297/RZ/WM/SH/110573180/offset-printing-service-250x250.jpg,https://www.indiamart.com/proddetail/offset-printing-service-2853964868055.html,Offset Printing Service
Printing Services,Offset Printing Services,offset printing services,Offset Printing Services,Swastik Enterprise,₹ 1,N/A,Not Found,Not Found,https://www.snapdeal.com › brand › swastik-enterprise,Vanthali,N/A,N/A,https://5.imimg.com/data5/ANDROID/Default/2024/10/460688737/FQ/JD/XN/233418546/product-jpeg-250x250.jpg,https://www.indiamart.com/proddetail/offset-printing-services-2856518443448.html,Offset Printing Services
Printing Services,Offset Printing Services,offset printing services,"1 Day Offset Printing Services, Location: Local",Tulshai Offset,Ask Price,N/A,072030 31400,Not Found,http://tulshaioffset.com,Rajkot,N/A,N/A,https://5.imimg.com/data5/IE/YT/BO/SELLER-21425071/offset-printing-services-250x250.jpg,https://www.indiamart.com/proddetail/offset-printing-services-22457250291.html,"1 Day Offset Printing Services, Location: Local"
Printing Services,Offset Printing Services,offset printing services,Offset Printing Services,Pingax Industries Private Limited,₹ 10,N/A,+91 99099 41131,hello@pingax.com,https://pingax.com,Surat - Deals in Amreli,N/A,N/A,https://5.imimg.com/data5/SELLER/Default/2025/7/529341991/SY/PD/GI/222822207/file-2-250x250.jpg,https://www.indiamart.com/proddetail/offset-printing-services-2856955687588.html,Offset Printing Services
Printing Services,Offset Printing Services,offset printing services,Offset Printing Services,Heron Designs & Print,₹ 0.50,N/A,+91 76002 42496,Not Found,Facebook/Business Listing Only,Ahmedabad - Deals in Amreli,N/A,N/A,https://5.imimg.com/data5/SELLER/Default/2023/6/319910456/RT/KY/TS/88412676/offset-printing-services-250x250.jpg,https://www.indiamart.com/proddetail/offset-printing-services-2851204343991.html,Offset Printing Services
Printing Services,Offset Printing Services,offset printing services,Offset Printing Services,Sanjay Printers,₹ 1,N/A,Not Found,Not Found,https://www.indiamart.com › sanjayprinters › profile.html,Ghaziabad - Deals in Amreli,N/A,N/A,https://5.imimg.com/data5/SELLER/Default/2023/7/330420183/XP/MF/PF/30381258/offset-printing-services-250x250.jpg,https://www.indiamart.com/proddetail/offset-printing-services-22392655512.html,Offset Printing Services
Printing Services,Offset Printing Services,offset printing services,Offset Printing Services,Jaina Offset Printers,₹ 40,N/A,+91 98713 01255,info@jainaoffset.com,https://www.jainaoffset.com,Ghaziabad - Deals in Amreli,N/A,N/A,https://5.imimg.com/data5/SELLER/Default/2022/11/EF/RZ/DO/4159696/digital-offset-printing-services-250x250.jpg,https://www.indiamart.com/proddetail/offset-printing-services-23213395448.html,Offset Printing Services
Printing Services,Offset Printing Services,offset printing services,Offset Notepad Printing Service,Om Sai Printers,₹ 0.21,N/A,Not Found,Not Found,Website Not Found,New Delhi - Deals in Amreli,N/A,N/A,https://5.imimg.com/data5/SELLER/Default/2026/3/593065610/PM/LQ/OJ/6942868/notepad-printing-service-250x250.png,https://www.indiamart.com/proddetail/offset-notepad-printing-service-22975109688.html,Offset Notepad Printing Service
Printing Services,Offset Printing Services,offset printing services,Offset Printing Service,Five Strategy Consultants LLP,₹ 1.77,N/A,+91 70696 37848,hello@tradingmantra.in,NA(Company Website Not Found),Rajkot,N/A,N/A,https://5.imimg.com/data5/SELLER/Default/2024/5/416089297/RZ/WM/SH/110573180/offset-printing-service-250x250.jpg,https://www.indiamart.com/proddetail/offset-printing-service-2853964868055.html,Offset Printing Service
Printing Services,Offset Printing Services,offset printing services,Offset Printing Services,Swastik Enterprise,₹ 1,N/A,Not Found,Not Found,https://www.snapdeal.com › brand › swastik-enterprise,Vanthali,N/A,N/A,https://5.imimg.com/data5/ANDROID/Default/2024/10/460688737/FQ/JD/XN/233418546/product-jpeg-250x250.jpg,https://www.indiamart.com/proddetail/offset-printing-services-2856518443448.html,Offset Printing Services
Printing Services,Offset Printing Services,offset printing services,"1 Day Offset Printing Services, Location: Local",Tulshai Offset,Ask Price,N/A,072030 31400,Not Found,http://tulshaioffset.com,Rajkot,N/A,N/A,https://5.imimg.com/data5/IE/YT/BO/SELLER-21425071/offset-printing-services-250x250.jpg,https://www.indiamart.com/proddetail/offset-printing-services-22457250291.html,"1 Day Offset Printing Services, Location: Local"
Printing Services,Offset Printing Services,offset printing services,Offset Printing Services,Pingax Industries Private Limited,₹ 10,N/A,+91 99099 41131,hello@pingax.com,https://pingax.com,Surat - Deals in Amreli,N/A,N/A,https://5.imimg.com/data5/SELLER/Default/2025/7/529341991/SY/PD/GI/222822207/file-2-250x250.jpg,https://www.indiamart.com/proddetail/offset-printing-services-2856955687588.html,Offset Printing Services
Printing Services,Offset Printing Services,offset printing services,Offset Printing Services,Heron Designs & Print,₹ 0.50,N/A,+91 76002 42496,Not Found,Facebook/Business Listing Only,Ahmedabad - Deals in Amreli,N/A,N/A,https://5.imimg.com/data5/SELLER/Default/2023/6/319910456/RT/KY/TS/88412676/offset-printing-services-250x250.jpg,https://www.indiamart.com/proddetail/offset-printing-services-2851204343991.html,Offset Printing Services
Printing Services,Offset Printing Services,offset printing services,Offset Printing Services,Sanjay Printers,₹ 1,N/A,Not Found,Not Found,https://www.indiamart.com › sanjayprinters › profile.html,Ghaziabad - Deals in Amreli,N/A,N/A,https://5.imimg.com/data5/SELLER/Default/2023/7/330420183/XP/MF/PF/30381258/offset-printing-services-250x250.jpg,https://www.indiamart.com/proddetail/offset-printing-services-22392655512.html,Offset Printing Services
Printing Services,Offset Printing Services,offset printing services,Offset Printing Services,Jaina Offset Printers,₹ 40,N/A,+91 98713 01255,info@jainaoffset.com,https://www.jainaoffset.com,Ghaziabad - Deals in Amreli,N/A,N/A,https://5.imimg.com/data5/SELLER/Default/2022/11/EF/RZ/DO/4159696/digital-offset-printing-services-250x250.jpg,https://www.indiamart.com/proddetail/offset-printing-services-23213395448.html,Offset Printing Services
Printing Services,Offset Printing Services,offset printing services,Offset Notepad Printing Service,Om Sai Printers,₹ 0.21,N/A,Not Found,Not Found,Website Not Found,New Delhi - Deals in Amreli,N/A,N/A,https://5.imimg.com/data5/SELLER/Default/2026/3/593065610/PM/LQ/OJ/6942868/notepad-printing-service-250x250.png,https://www.indiamart.com/proddetail/offset-notepad-printing-service-22975109688.html,Offset Notepad Printing Service
Printing Services,Offset Printing Services,offset printing services,Offset Printing Service,Five Strategy Consultants LLP,₹ 1.77,N/A,+91 70696 37848,hello@tradingmantra.in,NA(Company Website Not Found),Rajkot,N/A,N/A,https://5.imimg.com/data5/SELLER/Default/2024/5/416089297/RZ/WM/SH/110573180/offset-printing-service-250x250.jpg,https://www.indiamart.com/proddetail/offset-printing-service-2853964868055.html,Offset Printing Service
Printing Services,Offset Printing Services,offset printing services,Offset Printing Services,Swastik Enterprise,₹ 1,N/A,Not Found,Not Found,https://www.snapdeal.com › brand › swastik-enterprise,Vanthali,N/A,N/A,https://5.imimg.com/data5/ANDROID/Default/2024/10/460688737/FQ/JD/XN/233418546/product-jpeg-250x250.jpg,https://www.indiamart.com/proddetail/offset-printing-services-2856518443448.html,Offset Printing Services
Printing Services,Offset Printing Services,offset printing services,"1 Day Offset Printing Services, Location: Local",Tulshai Offset,Ask Price,N/A,072030 31400,Not Found,http://tulshaioffset.com,Rajkot,N/A,N/A,https://5.imimg.com/data5/IE/YT/BO/SELLER-21425071/offset-printing-services-250x250.jpg,https://www.indiamart.com/proddetail/offset-printing-services-22457250291.html,"1 Day Offset Printing Services, Location: Local"
Printing Services,Offset Printing Services,offset printing services,Offset Printing Services,Pingax Industries Private Limited,₹ 10,N/A,+91 99099 41131,hello@pingax.com,https://pingax.com,Surat - Deals in Amreli,N/A,N/A,https://5.imimg.com/data5/SELLER/Default/2025/7/529341991/SY/PD/GI/222822207/file-2-250x250.jpg,https://www.indiamart.com/proddetail/offset-printing-services-2856955687588.html,Offset Printing Services
Printing Services,Offset Printing Services,offset printing services,Offset Printing Services,Heron Designs & Print,₹ 0.50,N/A,+91 76002 42496,Not Found,Facebook/Business Listing Only,Ahmedabad - Deals in Amreli,N/A,N/A,https://5.imimg.com/data5/SELLER/Default/2023/6/319910456/RT/KY/TS/88412676/offset-printing-services-250x250.jpg,https://www.indiamart.com/proddetail/offset-printing-services-2851204343991.html,Offset Printing Services
Printing Services,Offset Printing Services,offset printing services,Offset Printing Services,Sanjay Printers,₹ 1,N/A,Not Found,Not Found,https://www.indiamart.com › sanjayprinters › profile.html,Ghaziabad - Deals in Amreli,N/A,N/A,https://5.imimg.com/data5/SELLER/Default/2023/7/330420183/XP/MF/PF/30381258/offset-printing-services-250x250.jpg,https://www.indiamart.com/proddetail/offset-printing-services-22392655512.html,Offset Printing Services
Printing Services,Offset Printing Services,offset printing services,Offset Printing Services,Jaina Offset Printers,₹ 40,N/A,+91 98713 01255,info@jainaoffset.com,https://www.jainaoffset.com,Ghaziabad - Deals in Amreli,N/A,N/A,https://5.imimg.com/data5/SELLER/Default/2022/11/EF/RZ/DO/4159696/digital-offset-printing-services-250x250.jpg,https://www.indiamart.com/proddetail/offset-printing-services-23213395448.html,Offset Printing Services
Printing Services,Offset Printing Services,offset printing services,Offset Notepad Printing Service,Om Sai Printers,₹ 0.21,N/A,Not Found,Not Found,Website Not Found,New Delhi - Deals in Amreli,N/A,N/A,https://5.imimg.com/data5/SELLER/Default/2026/3/593065610/PM/LQ/OJ/6942868/notepad-printing-service-250x250.png,https://www.indiamart.com/proddetail/offset-notepad-printing-service-22975109688.html,Offset Notepad Printing Service
Printing Services,Flex Banner Printing,flex banner printing,"Rectangle Flex Banners, For Promotional",Chitrakut Enterprise,₹ 6,N/A,Not Found,Not Found,Not Found,Rajkot,N/A,N/A,https://5.imimg.com/data5/SELLER/Default/2024/12/470501441/JO/KP/SM/101152573/flex-banner-printing-service-250x250.jpg,https://www.indiamart.com/proddetail/flex-banner-printing-services-2855396492948.html,"Rectangle Flex Banners, For Promotional"
Printing Services,Flex Banner Printing,flex banner printing,Flex Printing Service,Divine Graphics,₹ 20,N/A,92651 45315,Not Found,Not Found,Rajkot,N/A,N/A,https://5.imimg.com/data5/SELLER/Default/2025/7/530375884/ZV/IY/XO/108684269/flex-printing-services-250x250.jpg,https://www.indiamart.com/proddetail/flex-printing-service-2856750835212.html,Flex Printing Service
Printing Services,Flex Banner Printing,flex banner printing,Banner Flex Printing Service,Dharvi Print Zone,Ask Price,N/A,+91 97248 26011,Not Found,Not Found,Rajkot,N/A,N/A,https://5.imimg.com/data5/SELLER/Default/2025/1/485382811/VM/DW/OX/21419641/flex-banner-printing-services-250x250.jpg,https://www.indiamart.com/proddetail/banner-flex-printing-service-2855717034062.html,Banner Flex Printing Service
Printing Services,Flex Banner Printing,flex banner printing,Flex Printing Services,Future Digital Print,₹ 5,Member: 7 months,+91 999 87 66 599,futuredigitalprint@gmail.com,https://futuredigital.in/contact/,Rajkot,N/A,N/A,https://5.imimg.com/data5/SELLER/Default/2026/5/608776216/LY/LN/LV/254010279/flex-printing-services-250x250.png,https://www.indiamart.com/proddetail/flex-printing-services-2859258743373.html,Flex Printing Services
Printing Services,Flex Banner Printing,flex banner printing,Flex Printing Service,Rudra Graphics,₹ 6,N/A,+91 96015 11077,rudragraphics1@gmail.com,https://rudragraphics.in/,Rajkot,N/A,N/A,https://5.imimg.com/data5/SELLER/Default/2025/7/525921015/PV/CJ/IG/86466942/flex-printing-service-250x250.jpg,https://www.indiamart.com/proddetail/flex-printing-service-2856873987512.html,Flex Printing Service
Printing Services,Flex Banner Printing,flex banner printing,Flex Banner Printing Services,Perfect Publicity,₹ 800,N/A,Not Found,Not Found,Website Not Found,Gondal,N/A,N/A,https://5.imimg.com/data5/SELLER/Default/2021/5/CF/PH/XQ/9604407/flex-banner-printing-services-250x250.jpg,https://www.indiamart.com/proddetail/flex-banner-printing-services-14142627130.html,Flex Banner Printing Services
Printing Services,Flex Banner Printing,flex banner printing,"four colour Vinyl Flex Banner Printing Services, in junagadh",Shree Radhe Agency,₹ 10,N/A,Not Found,Not Found,Gujarat Real Estate Regulatory Authority,Junagadh,N/A,N/A,https://5.imimg.com/data5/SELLER/Default/2022/5/VZ/PJ/ZF/152293045/wedding-invitation-printing-services-250x250.jpg,https://www.indiamart.com/proddetail/flex-banner-printing-services-25566568530.html,"four colour Vinyl Flex Banner Printing Services, in junagadh"
Printing Services,Flex Banner Printing,flex banner printing,Flex Banner Printing Services,Samay Sign,₹ 5.50,N/A,098790 75021,Not Found,https://www.samaysign.com,Surat - Deals in Amreli,N/A,N/A,https://5.imimg.com/data5/SELLER/Default/2023/9/342899813/FJ/UX/BJ/14987698/flex-banner-printing-services-250x250.jpg,https://www.indiamart.com/proddetail/flex-banner-printing-services-2852397326888.html,Flex Banner Printing Services
Printing Services,Flex Banner Printing,flex banner printing,"Rectangle Flex Banners, For Promotional",Chitrakut Enterprise,₹ 6,N/A,Not Found,Not Found,Not Found,Rajkot,N/A,N/A,https://5.imimg.com/data5/SELLER/Default/2024/12/470501441/JO/KP/SM/101152573/flex-banner-printing-service-250x250.jpg,https://www.indiamart.com/proddetail/flex-banner-printing-services-2855396492948.html,"Rectangle Flex Banners, For Promotional"
Printing Services,Flex Banner Printing,flex banner printing,Flex Printing Service,Divine Graphics,₹ 20,N/A,92651 45315,Not Found,Not Found,Rajkot,N/A,N/A,https://5.imimg.com/data5/SELLER/Default/2025/7/530375884/ZV/IY/XO/108684269/flex-printing-services-250x250.jpg,https://www.indiamart.com/proddetail/flex-printing-service-2856750835212.html,Flex Printing Service
Printing Services,Flex Banner Printing,flex banner printing,Banner Flex Printing Service,Dharvi Print Zone,Ask Price,N/A,+91 97248 26011,Not Found,Not Found,Rajkot,N/A,N/A,https://5.imimg.com/data5/SELLER/Default/2025/1/485382811/VM/DW/OX/21419641/flex-banner-printing-services-250x250.jpg,https://www.indiamart.com/proddetail/banner-flex-printing-service-2855717034062.html,Banner Flex Printing Service
Printing Services,Flex Banner Printing,flex banner printing,Flex Printing Services,Future Digital Print,₹ 5,Member: 7 months,+91 999 87 66 599,futuredigitalprint@gmail.com,https://futuredigital.in/contact/,Rajkot,N/A,N/A,https://5.imimg.com/data5/SELLER/Default/2026/5/608776216/LY/LN/LV/254010279/flex-printing-services-250x250.png,https://www.indiamart.com/proddetail/flex-printing-services-2859258743373.html,Flex Printing Services
Printing Services,Flex Banner Printing,flex banner printing,Flex Printing Service,Rudra Graphics,₹ 6,N/A,+91 96015 11077,rudragraphics1@gmail.com,https://rudragraphics.in/,Rajkot,N/A,N/A,https://5.imimg.com/data5/SELLER/Default/2025/7/525921015/PV/CJ/IG/86466942/flex-printing-service-250x250.jpg,https://www.indiamart.com/proddetail/flex-printing-service-2856873987512.html,Flex Printing Service
Printing Services,Flex Banner Printing,flex banner printing,Flex Banner Printing Services,Perfect Publicity,₹ 800,N/A,Not Found,Not Found,Website Not Found,Gondal,N/A,N/A,https://5.imimg.com/data5/SELLER/Default/2021/5/CF/PH/XQ/9604407/flex-banner-printing-services-250x250.jpg,https://www.indiamart.com/proddetail/flex-banner-printing-services-14142627130.html,Flex Banner Printing Services
Printing Services,Flex Banner Printing,flex banner printing,"four colour Vinyl Flex Banner Printing Services, in junagadh",Shree Radhe Agency,₹ 10,N/A,Not Found,Not Found,Gujarat Real Estate Regulatory Authority,Junagadh,N/A,N/A,https://5.imimg.com/data5/SELLER/Default/2022/5/VZ/PJ/ZF/152293045/wedding-invitation-printing-services-250x250.jpg,https://www.indiamart.com/proddetail/flex-banner-printing-services-25566568530.html,"four colour Vinyl Flex Banner Printing Services, in junagadh"
Printing Services,Flex Banner Printing,flex banner printing,Flex Banner Printing Services,Samay Sign,₹ 5.50,N/A,098790 75021,Not Found,https://www.samaysign.com,Surat - Deals in Amreli,N/A,N/A,https://5.imimg.com/data5/SELLER/Default/2023/9/342899813/FJ/UX/BJ/14987698/flex-banner-printing-services-250x250.jpg,https://www.indiamart.com/proddetail/flex-banner-printing-services-2852397326888.html,Flex Banner Printing Services
Printing Services,Flex Banner Printing,flex banner printing,"Rectangle Flex Banners, For Promotional",Chitrakut Enterprise,₹ 6,N/A,Not Found,Not Found,Not Found,Rajkot,N/A,N/A,https://5.imimg.com/data5/SELLER/Default/2024/12/470501441/JO/KP/SM/101152573/flex-banner-printing-service-250x250.jpg,https://www.indiamart.com/proddetail/flex-banner-printing-services-2855396492948.html,"Rectangle Flex Banners, For Promotional"
Printing Services,Flex Banner Printing,flex banner printing,Flex Printing Service,Divine Graphics,₹ 20,N/A,92651 45315,Not Found,Not Found,Rajkot,N/A,N/A,https://5.imimg.com/data5/SELLER/Default/2025/7/530375884/ZV/IY/XO/108684269/flex-printing-services-250x250.jpg,https://www.indiamart.com/proddetail/flex-printing-service-2856750835212.html,Flex Printing Service
Printing Services,Flex Banner Printing,flex banner printing,Banner Flex Printing Service,Dharvi Print Zone,Ask Price,N/A,+91 97248 26011,Not Found,Not Found,Rajkot,N/A,N/A,https://5.imimg.com/data5/SELLER/Default/2025/1/485382811/VM/DW/OX/21419641/flex-banner-printing-services-250x250.jpg,https://www.indiamart.com/proddetail/banner-flex-printing-service-2855717034062.html,Banner Flex Printing Service
Printing Services,Flex Banner Printing,flex banner printing,Flex Printing Services,Future Digital Print,₹ 5,Member: 7 months,+91 999 87 66 599,futuredigitalprint@gmail.com,https://futuredigital.in/contact/,Rajkot,N/A,N/A,https://5.imimg.com/data5/SELLER/Default/2026/5/608776216/LY/LN/LV/254010279/flex-printing-services-250x250.png,https://www.indiamart.com/proddetail/flex-printing-services-2859258743373.html,Flex Printing Services
Printing Services,Flex Banner Printing,flex banner printing,Flex Printing Service,Rudra Graphics,₹ 6,N/A,+91 96015 11077,rudragraphics1@gmail.com,https://rudragraphics.in/,Rajkot,N/A,N/A,https://5.imimg.com/data5/SELLER/Default/2025/7/525921015/PV/CJ/IG/86466942/flex-printing-service-250x250.jpg,https://www.indiamart.com/proddetail/flex-printing-service-2856873987512.html,Flex Printing Service
Printing Services,Flex Banner Printing,flex banner printing,Flex Banner Printing Services,Perfect Publicity,₹ 800,N/A,Not Found,Not Found,Website Not Found,Gondal,N/A,N/A,https://5.imimg.com/data5/SELLER/Default/2021/5/CF/PH/XQ/9604407/flex-banner-printing-services-250x250.jpg,https://www.indiamart.com/proddetail/flex-banner-printing-services-14142627130.html,Flex Banner Printing Services
Printing Services,Flex Banner Printing,flex banner printing,"four colour Vinyl Flex Banner Printing Services, in junagadh",Shree Radhe Agency,₹ 10,N/A,Not Found,Not Found,Gujarat Real Estate Regulatory Authority,Junagadh,N/A,N/A,https://5.imimg.com/data5/SELLER/Default/2022/5/VZ/PJ/ZF/152293045/wedding-invitation-printing-services-250x250.jpg,https://www.indiamart.com/proddetail/flex-banner-printing-services-25566568530.html,"four colour Vinyl Flex Banner Printing Services, in junagadh"
Printing Services,Flex Banner Printing,flex banner printing,Flex Banner Printing Services,Samay Sign,₹ 5.50,N/A,098790 75021,Not Found,https://www.samaysign.com,Surat - Deals in Amreli,N/A,N/A,https://5.imimg.com/data5/SELLER/Default/2023/9/342899813/FJ/UX/BJ/14987698/flex-banner-printing-services-250x250.jpg,https://www.indiamart.com/proddetail/flex-banner-printing-services-2852397326888.html,Flex Banner Printing Services
Printing Services,Flex Banner Printing,flex banner printing,"Rectangle Flex Banners, For Promotional",Chitrakut Enterprise,₹ 6,N/A,Not Found,Not Found,Not Found,Rajkot,N/A,N/A,https://5.imimg.com/data5/SELLER/Default/2024/12/470501441/JO/KP/SM/101152573/flex-banner-printing-service-250x250.jpg,https://www.indiamart.com/proddetail/flex-banner-printing-services-2855396492948.html,"Rectangle Flex Banners, For Promotional"
Printing Services,Flex Banner Printing,flex banner printing,Flex Printing Service,Divine Graphics,₹ 20,N/A,92651 45315,Not Found,Not Found,Rajkot,N/A,N/A,https://5.imimg.com/data5/SELLER/Default/2025/7/530375884/ZV/IY/XO/108684269/flex-printing-services-250x250.jpg,https://www.indiamart.com/proddetail/flex-printing-service-2856750835212.html,Flex Printing Service
Printing Services,Flex Banner Printing,flex banner printing,Banner Flex Printing Service,Dharvi Print Zone,Ask Price,N/A,+91 97248 26011,Not Found,Not Found,Rajkot,N/A,N/A,https://5.imimg.com/data5/SELLER/Default/2025/1/485382811/VM/DW/OX/21419641/flex-banner-printing-services-250x250.jpg,https://www.indiamart.com/proddetail/banner-flex-printing-service-2855717034062.html,Banner Flex Printing Service
Printing Services,Flex Banner Printing,flex banner printing,Flex Printing Services,Future Digital Print,₹ 5,Member: 7 months,+91 999 87 66 599,futuredigitalprint@gmail.com,https://futuredigital.in/contact/,Rajkot,N/A,N/A,https://5.imimg.com/data5/SELLER/Default/2026/5/608776216/LY/LN/LV/254010279/flex-printing-services-250x250.png,https://www.indiamart.com/proddetail/flex-printing-services-2859258743373.html,Flex Printing Services
Printing Services,Flex Banner Printing,flex banner printing,Flex Printing Service,Rudra Graphics,₹ 6,N/A,+91 96015 11077,rudragraphics1@gmail.com,https://rudragraphics.in/,Rajkot,N/A,N/A,https://5.imimg.com/data5/SELLER/Default/2025/7/525921015/PV/CJ/IG/86466942/flex-printing-service-250x250.jpg,https://www.indiamart.com/proddetail/flex-printing-service-2856873987512.html,Flex Printing Service
Printing Services,Flex Banner Printing,flex banner printing,Flex Banner Printing Services,Perfect Publicity,₹ 800,N/A,Not Found,Not Found,Website Not Found,Gondal,N/A,N/A,https://5.imimg.com/data5/SELLER/Default/2021/5/CF/PH/XQ/9604407/flex-banner-printing-services-250x250.jpg,https://www.indiamart.com/proddetail/flex-banner-printing-services-14142627130.html,Flex Banner Printing Services
Printing Services,Flex Banner Printing,flex banner printing,"four colour Vinyl Flex Banner Printing Services, in junagadh",Shree Radhe Agency,₹ 10,N/A,Not Found,Not Found,Gujarat Real Estate Regulatory Authority,Junagadh,N/A,N/A,https://5.imimg.com/data5/SELLER/Default/2022/5/VZ/PJ/ZF/152293045/wedding-invitation-printing-services-250x250.jpg,https://www.indiamart.com/proddetail/flex-banner-printing-services-25566568530.html,"four colour Vinyl Flex Banner Printing Services, in junagadh"
Printing Services,Flex Banner Printing,flex banner printing,Flex Banner Printing Services,Samay Sign,₹ 5.50,N/A,098790 75021,Not Found,https://www.samaysign.com,Surat - Deals in Amreli,N/A,N/A,https://5.imimg.com/data5/SELLER/Default/2023/9/342899813/FJ/UX/BJ/14987698/flex-banner-printing-services-250x250.jpg,https://www.indiamart.com/proddetail/flex-banner-printing-services-2852397326888.html,Flex Banner Printing Services
Printing Services,Flex Banner Printing,flex banner printing,"Rectangle Flex Banners, For Promotional",Chitrakut Enterprise,₹ 6,N/A,Not Found,Not Found,Not Found,Rajkot,N/A,N/A,https://5.imimg.com/data5/SELLER/Default/2024/12/470501441/JO/KP/SM/101152573/flex-banner-printing-service-250x250.jpg,https://www.indiamart.com/proddetail/flex-banner-printing-services-2855396492948.html,"Rectangle Flex Banners, For Promotional"
Printing Services,Flex Banner Printing,flex banner printing,Flex Printing Service,Divine Graphics,₹ 20,N/A,92651 45315,Not Found,Not Found,Rajkot,N/A,N/A,https://5.imimg.com/data5/SELLER/Default/2025/7/530375884/ZV/IY/XO/108684269/flex-printing-services-250x250.jpg,https://www.indiamart.com/proddetail/flex-printing-service-2856750835212.html,Flex Printing Service
Printing Services,Flex Banner Printing,flex banner printing,Banner Flex Printing Service,Dharvi Print Zone,Ask Price,N/A,+91 97248 26011,Not Found,Not Found,Rajkot,N/A,N/A,https://5.imimg.com/data5/SELLER/Default/2025/1/485382811/VM/DW/OX/21419641/flex-banner-printing-services-250x250.jpg,https://www.indiamart.com/proddetail/banner-flex-printing-service-2855717034062.html,Banner Flex Printing Service
Printing Services,Flex Banner Printing,flex banner printing,Flex Printing Services,Future Digital Print,₹ 5,Member: 7 months,+91 999 87 66 599,futuredigitalprint@gmail.com,https://futuredigital.in/contact/,Rajkot,N/A,N/A,https://5.imimg.com/data5/SELLER/Default/2026/5/608776216/LY/LN/LV/254010279/flex-printing-services-250x250.png,https://www.indiamart.com/proddetail/flex-printing-services-2859258743373.html,Flex Printing Services
Printing Services,Flex Banner Printing,flex banner printing,Flex Printing Service,Rudra Graphics,₹ 6,N/A,+91 96015 11077,rudragraphics1@gmail.com,https://rudragraphics.in/,Rajkot,N/A,N/A,https://5.imimg.com/data5/SELLER/Default/2025/7/525921015/PV/CJ/IG/86466942/flex-printing-service-250x250.jpg,https://www.indiamart.com/proddetail/flex-printing-service-2856873987512.html,Flex Printing Service
Printing Services,Flex Banner Printing,flex banner printing,Flex Banner Printing Services,Perfect Publicity,₹ 800,N/A,Not Found,Not Found,Website Not Found,Gondal,N/A,N/A,https://5.imimg.com/data5/SELLER/Default/2021/5/CF/PH/XQ/9604407/flex-banner-printing-services-250x250.jpg,https://www.indiamart.com/proddetail/flex-banner-printing-services-14142627130.html,Flex Banner Printing Services
Printing Services,Flex Banner Printing,flex banner printing,"four colour Vinyl Flex Banner Printing Services, in junagadh",Shree Radhe Agency,₹ 10,N/A,Not Found,Not Found,Gujarat Real Estate Regulatory Authority,Junagadh,N/A,N/A,https://5.imimg.com/data5/SELLER/Default/2022/5/VZ/PJ/ZF/152293045/wedding-invitation-printing-services-250x250.jpg,https://www.indiamart.com/proddetail/flex-banner-printing-services-25566568530.html,"four colour Vinyl Flex Banner Printing Services, in junagadh"
Printing Services,Flex Banner Printing,flex banner printing,Flex Banner Printing Services,Samay Sign,₹ 5.50,N/A,098790 75021,Not Found,https://www.samaysign.com,Surat - Deals in Amreli,N/A,N/A,https://5.imimg.com/data5/SELLER/Default/2023/9/342899813/FJ/UX/BJ/14987698/flex-banner-printing-services-250x250.jpg,https://www.indiamart.com/proddetail/flex-banner-printing-services-2852397326888.html,Flex Banner Printing Services
Printing Services,Packaging Design Services,packaging design services,Pouch Packaging Designing Services,Smit Branding Private Limited,"₹ 3,500",N/A,090333 04049,Not Found,http://www.smitbranding.com,Rajkot,N/A,N/A,https://5.imimg.com/data5/SELLER/Default/2026/5/608416140/MW/MI/GR/6890698/pouch-packaging-designing-service-250x250.png,https://www.indiamart.com/proddetail/pouch-packaging-designing-services-2859232983997.html,Pouch Packaging Designing Services
Printing Services,Packaging Design Services,packaging design services,"Packet Designing Service, packaging",Rexter Tech,"₹ 1,000",N/A,+91 70412 55969,info@rextertech.com,rextertech.com,Rajkot,N/A,N/A,https://5.imimg.com/data5/SELLER/Default/2024/10/461440175/WI/MD/VG/127230768/packet-designing-service-250x250.jpg,https://www.indiamart.com/proddetail/packet-designing-service-23717036033.html,"Packet Designing Service, packaging"
Printing Services,Packaging Design Services,packaging design services,Electrical Product Packaging Box Designing Service,Mekanism Electronics Private Limited,Ask Price,N/A,+91 90670 05353,ribhusinternational@gmail.com,https://www.google.com/search?q=ribhus+international+private+limited&oq=Ribhus+International+Private+Limited&gs_lcrp=EgZjaHJvbWUqCggAEAAY4wIYgAQyCggAEAAY4wIYgAQyDQgBEC4YrwEYxwEYgAQyCAgCEAAYFhgeMggIAxAAGBYYHjIHCAQQABjvBTIHCAUQABjvBTIHCAYQABjvBdIBCTE3MjY1ajBqNKgCALACAA&sourceid=chrome&ie=UTF-8,Rajkot,N/A,N/A,https://5.imimg.com/data5/SELLER/Default/2025/12/567053935/WX/HR/XS/13203495/electrical-product-packaging-box-design-service-250x250.jpg,https://www.indiamart.com/proddetail/electrical-product-packaging-box-designing-service-2858157103630.html,Electrical Product Packaging Box Designing Service
Printing Services,Packaging Design Services,packaging design services,Consumer Goods Packaging Design Service,Orange Circle,Ask Price,N/A,+91 99099 99119,hello@orangecircle.in,https://orangecircle.in,Rajkot,N/A,N/A,https://5.imimg.com/data5/SELLER/Default/2026/3/592089004/VS/QW/AL/99918919/consumer-goods-packaging-design-service-250x250.png,https://www.indiamart.com/proddetail/consumer-goods-packaging-design-service-2857656931062.html,Consumer Goods Packaging Design Service
Printing Services,Packaging Design Services,packaging design services,Illustrator / Photoshop Project Based Packaging Box Designing Services,I-Square Infomedia,"₹ 4,200",/Project,+91 97255 44644,info@isquareinfomedia.com,https://isquareinfomedia.com,Rajkot,N/A,N/A,https://5.imimg.com/data5/SELLER/Default/2021/2/GG/TK/IR/16616853/packaging-box-designing-services-250x250.jpg,https://www.indiamart.com/proddetail/packaging-box-designing-services-23167090762.html,Illustrator / Photoshop Project Based Packaging Box Designing Services
Printing Services,Packaging Design Services,packaging design services,Packaging Designer In Ahmedabad,Rv Solutions,₹ 1,N/A,-4744029,contactus@rvsolutions.in,https://www.rvsolutions.in/,Rajkot,N/A,N/A,https://5.imimg.com/data5/SELLER/Default/2024/3/401489920/FL/WH/WM/137669229/packaging-designer-in-ahmedabad-250x250.jpg,https://www.indiamart.com/proddetail/packaging-designer-in-ahmedabad-2852976090830.html,Packaging Designer In Ahmedabad
Printing Services,Packaging Design Services,packaging design services,Package Designing Services,J K Printers,₹ 1,Package Designing Services,"+91-9712749246, +91-9979421639",info@jkprinters.net,https://jkprinters.net/,Rajkot,N/A,N/A,https://5.imimg.com/data5/SELLER/Default/2020/9/WZ/ZH/FB/108118836/package-designing-services-250x250.jpg,https://www.indiamart.com/proddetail/package-designing-services-22656451373.html,Package Designing Services
Printing Services,Packaging Design Services,packaging design services,Packaging Design Services,Boxpool LLP,Ask Price,N/A,98254 14481,prakash@boxpool.in,https://boxpool.in?utm_source=chatgpt.com,Ahmedabad - Deals in Amreli,N/A,N/A,https://5.imimg.com/data5/SELLER/Default/2025/4/504247046/YC/NF/LT/3422321/dsc02913-250x250.jpg,https://www.indiamart.com/proddetail/packaging-design-services-2856391239991.html,Packaging Design Services
Printing Services,Packaging Design Services,packaging design services,Pouch designing services,Sky Flexi Pack,"₹ 3,000",Pouch designing services,072260 02070,Not Found,http://www.skyflexipack.com,Ahmedabad - Deals in Amreli,N/A,N/A,https://5.imimg.com/data5/SELLER/Default/2023/4/298896934/IE/NT/KX/2107458/pouch-designing-services-250x250.jpeg,https://www.indiamart.com/proddetail/pouch-designing-services-2850708141112.html,Pouch designing services
Printing Services,Packaging Design Services,packaging design services,Package Designing Services,Rajshree Technosource,"₹ 1,500",Package Designing Services,Not Found,8048618492,www.rajshreetechnosource.co.in,Ahmedabad - Deals in Amreli,N/A,N/A,https://5.imimg.com/data5/SELLER/Default/2026/5/608357702/VU/LV/EF/113687117/package-designing-services-250x250.png,https://www.indiamart.com/proddetail/package-designing-services-27523917733.html,Package Designing Services
Printing Services,Packaging Design Services,packaging design services,Pouch Packaging Designing Services,Smit Branding Private Limited,"₹ 3,500",N/A,090333 04049,Not Found,http://www.smitbranding.com,Rajkot,N/A,N/A,https://5.imimg.com/data5/SELLER/Default/2026/5/608416140/MW/MI/GR/6890698/pouch-packaging-designing-service-250x250.png,https://www.indiamart.com/proddetail/pouch-packaging-designing-services-2859232983997.html,Pouch Packaging Designing Services
Printing Services,Packaging Design Services,packaging design services,"Packet Designing Service, packaging",Rexter Tech,"₹ 1,000",N/A,+91 70412 55969,info@rextertech.com,rextertech.com,Rajkot,N/A,N/A,https://5.imimg.com/data5/SELLER/Default/2024/10/461440175/WI/MD/VG/127230768/packet-designing-service-250x250.jpg,https://www.indiamart.com/proddetail/packet-designing-service-23717036033.html,"Packet Designing Service, packaging"
Printing Services,Packaging Design Services,packaging design services,Electrical Product Packaging Box Designing Service,Mekanism Electronics Private Limited,Ask Price,N/A,+91 90670 05353,ribhusinternational@gmail.com,https://www.google.com/search?q=ribhus+international+private+limited&oq=Ribhus+International+Private+Limited&gs_lcrp=EgZjaHJvbWUqCggAEAAY4wIYgAQyCggAEAAY4wIYgAQyDQgBEC4YrwEYxwEYgAQyCAgCEAAYFhgeMggIAxAAGBYYHjIHCAQQABjvBTIHCAUQABjvBTIHCAYQABjvBdIBCTE3MjY1ajBqNKgCALACAA&sourceid=chrome&ie=UTF-8,Rajkot,N/A,N/A,https://5.imimg.com/data5/SELLER/Default/2025/12/567053935/WX/HR/XS/13203495/electrical-product-packaging-box-design-service-250x250.jpg,https://www.indiamart.com/proddetail/electrical-product-packaging-box-designing-service-2858157103630.html,Electrical Product Packaging Box Designing Service
Printing Services,Packaging Design Services,packaging design services,Consumer Goods Packaging Design Service,Orange Circle,Ask Price,N/A,+91 99099 99119,hello@orangecircle.in,https://orangecircle.in,Rajkot,N/A,N/A,https://5.imimg.com/data5/SELLER/Default/2026/3/592089004/VS/QW/AL/99918919/consumer-goods-packaging-design-service-250x250.png,https://www.indiamart.com/proddetail/consumer-goods-packaging-design-service-2857656931062.html,Consumer Goods Packaging Design Service
Printing Services,Packaging Design Services,packaging design services,Illustrator / Photoshop Project Based Packaging Box Designing Services,I-Square Infomedia,"₹ 4,200",/Project,+91 97255 44644,info@isquareinfomedia.com,https://isquareinfomedia.com,Rajkot,N/A,N/A,https://5.imimg.com/data5/SELLER/Default/2021/2/GG/TK/IR/16616853/packaging-box-designing-services-250x250.jpg,https://www.indiamart.com/proddetail/packaging-box-designing-services-23167090762.html,Illustrator / Photoshop Project Based Packaging Box Designing Services
Printing Services,Packaging Design Services,packaging design services,Packaging Designer In Ahmedabad,Rv Solutions,₹ 1,N/A,-4744029,contactus@rvsolutions.in,https://www.rvsolutions.in/,Rajkot,N/A,N/A,https://5.imimg.com/data5/SELLER/Default/2024/3/401489920/FL/WH/WM/137669229/packaging-designer-in-ahmedabad-250x250.jpg,https://www.indiamart.com/proddetail/packaging-designer-in-ahmedabad-2852976090830.html,Packaging Designer In Ahmedabad
Printing Services,Packaging Design Services,packaging design services,Package Designing Services,J K Printers,₹ 1,Package Designing Services,"+91-9712749246, +91-9979421639",info@jkprinters.net,https://jkprinters.net/,Rajkot,N/A,N/A,https://5.imimg.com/data5/SELLER/Default/2020/9/WZ/ZH/FB/108118836/package-designing-services-250x250.jpg,https://www.indiamart.com/proddetail/package-designing-services-22656451373.html,Package Designing Services
Printing Services,Packaging Design Services,packaging design services,Packaging Design Services,Boxpool LLP,Ask Price,N/A,98254 14481,prakash@boxpool.in,https://boxpool.in?utm_source=chatgpt.com,Ahmedabad - Deals in Amreli,N/A,N/A,https://5.imimg.com/data5/SELLER/Default/2025/4/504247046/YC/NF/LT/3422321/dsc02913-250x250.jpg,https://www.indiamart.com/proddetail/packaging-design-services-2856391239991.html,Packaging Design Services
Printing Services,Packaging Design Services,packaging design services,Pouch designing services,Sky Flexi Pack,"₹ 3,000",Pouch designing services,072260 02070,Not Found,http://www.skyflexipack.com,Ahmedabad - Deals in Amreli,N/A,N/A,https://5.imimg.com/data5/SELLER/Default/2023/4/298896934/IE/NT/KX/2107458/pouch-designing-services-250x250.jpeg,https://www.indiamart.com/proddetail/pouch-designing-services-2850708141112.html,Pouch designing services
Printing Services,Packaging Design Services,packaging design services,Package Designing Services,Rajshree Technosource,"₹ 1,500",Package Designing Services,Not Found,8048618492,www.rajshreetechnosource.co.in,Ahmedabad - Deals in Amreli,N/A,N/A,https://5.imimg.com/data5/SELLER/Default/2026/5/608357702/VU/LV/EF/113687117/package-designing-services-250x250.png,https://www.indiamart.com/proddetail/package-designing-services-27523917733.html,Package Designing Services
Printing Services,Packaging Design Services,packaging design services,Pouch Packaging Designing Services,Smit Branding Private Limited,"₹ 3,500",N/A,090333 04049,Not Found,http://www.smitbranding.com,Rajkot,N/A,N/A,https://5.imimg.com/data5/SELLER/Default/2026/5/608416140/MW/MI/GR/6890698/pouch-packaging-designing-service-250x250.png,https://www.indiamart.com/proddetail/pouch-packaging-designing-services-2859232983997.html,Pouch Packaging Designing Services
Printing Services,Packaging Design Services,packaging design services,"Packet Designing Service, packaging",Rexter Tech,"₹ 1,000",N/A,+91 70412 55969,info@rextertech.com,rextertech.com,Rajkot,N/A,N/A,https://5.imimg.com/data5/SELLER/Default/2024/10/461440175/WI/MD/VG/127230768/packet-designing-service-250x250.jpg,https://www.indiamart.com/proddetail/packet-designing-service-23717036033.html,"Packet Designing Service, packaging"
Printing Services,Packaging Design Services,packaging design services,Electrical Product Packaging Box Designing Service,Mekanism Electronics Private Limited,Ask Price,N/A,+91 90670 05353,ribhusinternational@gmail.com,https://www.google.com/search?q=ribhus+international+private+limited&oq=Ribhus+International+Private+Limited&gs_lcrp=EgZjaHJvbWUqCggAEAAY4wIYgAQyCggAEAAY4wIYgAQyDQgBEC4YrwEYxwEYgAQyCAgCEAAYFhgeMggIAxAAGBYYHjIHCAQQABjvBTIHCAUQABjvBTIHCAYQABjvBdIBCTE3MjY1ajBqNKgCALACAA&sourceid=chrome&ie=UTF-8,Rajkot,N/A,N/A,https://5.imimg.com/data5/SELLER/Default/2025/12/567053935/WX/HR/XS/13203495/electrical-product-packaging-box-design-service-250x250.jpg,https://www.indiamart.com/proddetail/electrical-product-packaging-box-designing-service-2858157103630.html,Electrical Product Packaging Box Designing Service
Printing Services,Packaging Design Services,packaging design services,Consumer Goods Packaging Design Service,Orange Circle,Ask Price,N/A,+91 99099 99119,hello@orangecircle.in,https://orangecircle.in,Rajkot,N/A,N/A,https://5.imimg.com/data5/SELLER/Default/2026/3/592089004/VS/QW/AL/99918919/consumer-goods-packaging-design-service-250x250.png,https://www.indiamart.com/proddetail/consumer-goods-packaging-design-service-2857656931062.html,Consumer Goods Packaging Design Service
Printing Services,Packaging Design Services,packaging design services,Illustrator / Photoshop Project Based Packaging Box Designing Services,I-Square Infomedia,"₹ 4,200",/Project,+91 97255 44644,info@isquareinfomedia.com,https://isquareinfomedia.com,Rajkot,N/A,N/A,https://5.imimg.com/data5/SELLER/Default/2021/2/GG/TK/IR/16616853/packaging-box-designing-services-250x250.jpg,https://www.indiamart.com/proddetail/packaging-box-designing-services-23167090762.html,Illustrator / Photoshop Project Based Packaging Box Designing Services
Printing Services,Packaging Design Services,packaging design services,Packaging Designer In Ahmedabad,Rv Solutions,₹ 1,N/A,-4744029,contactus@rvsolutions.in,https://www.rvsolutions.in/,Rajkot,N/A,N/A,https://5.imimg.com/data5/SELLER/Default/2024/3/401489920/FL/WH/WM/137669229/packaging-designer-in-ahmedabad-250x250.jpg,https://www.indiamart.com/proddetail/packaging-designer-in-ahmedabad-2852976090830.html,Packaging Designer In Ahmedabad
Printing Services,Packaging Design Services,packaging design services,Package Designing Services,J K Printers,₹ 1,Package Designing Services,"+91-9712749246, +91-9979421639",info@jkprinters.net,https://jkprinters.net/,Rajkot,N/A,N/A,https://5.imimg.com/data5/SELLER/Default/2020/9/WZ/ZH/FB/108118836/package-designing-services-250x250.jpg,https://www.indiamart.com/proddetail/package-designing-services-22656451373.html,Package Designing Services
Printing Services,Packaging Design Services,packaging design services,Packaging Design Services,Boxpool LLP,Ask Price,N/A,98254 14481,prakash@boxpool.in,https://boxpool.in?utm_source=chatgpt.com,Ahmedabad - Deals in Amreli,N/A,N/A,https://5.imimg.com/data5/SELLER/Default/2025/4/504247046/YC/NF/LT/3422321/dsc02913-250x250.jpg,https://www.indiamart.com/proddetail/packaging-design-services-2856391239991.html,Packaging Design Services
Printing Services,Packaging Design Services,packaging design services,Pouch designing services,Sky Flexi Pack,"₹ 3,000",Pouch designing services,072260 02070,Not Found,http://www.skyflexipack.com,Ahmedabad - Deals in Amreli,N/A,N/A,https://5.imimg.com/data5/SELLER/Default/2023/4/298896934/IE/NT/KX/2107458/pouch-designing-services-250x250.jpeg,https://www.indiamart.com/proddetail/pouch-designing-services-2850708141112.html,Pouch designing services
Printing Services,Packaging Design Services,packaging design services,Package Designing Services,Rajshree Technosource,"₹ 1,500",Package Designing Services,Not Found,8048618492,www.rajshreetechnosource.co.in,Ahmedabad - Deals in Amreli,N/A,N/A,https://5.imimg.com/data5/SELLER/Default/2026/5/608357702/VU/LV/EF/113687117/package-designing-services-250x250.png,https://www.indiamart.com/proddetail/package-designing-services-27523917733.html,Package Designing Services
Printing Services,Packaging Design Services,packaging design services,Pouch Packaging Designing Services,Smit Branding Private Limited,"₹ 3,500",N/A,090333 04049,Not Found,http://www.smitbranding.com,Rajkot,N/A,N/A,https://5.imimg.com/data5/SELLER/Default/2026/5/608416140/MW/MI/GR/6890698/pouch-packaging-designing-service-250x250.png,https://www.indiamart.com/proddetail/pouch-packaging-designing-services-2859232983997.html,Pouch Packaging Designing Services
Printing Services,Packaging Design Services,packaging design services,"Packet Designing Service, packaging",Rexter Tech,"₹ 1,000",N/A,+91 70412 55969,info@rextertech.com,rextertech.com,Rajkot,N/A,N/A,https://5.imimg.com/data5/SELLER/Default/2024/10/461440175/WI/MD/VG/127230768/packet-designing-service-250x250.jpg,https://www.indiamart.com/proddetail/packet-designing-service-23717036033.html,"Packet Designing Service, packaging"
Printing Services,Packaging Design Services,packaging design services,Electrical Product Packaging Box Designing Service,Mekanism Electronics Private Limited,Ask Price,N/A,+91 90670 05353,ribhusinternational@gmail.com,https://www.google.com/search?q=ribhus+international+private+limited&oq=Ribhus+International+Private+Limited&gs_lcrp=EgZjaHJvbWUqCggAEAAY4wIYgAQyCggAEAAY4wIYgAQyDQgBEC4YrwEYxwEYgAQyCAgCEAAYFhgeMggIAxAAGBYYHjIHCAQQABjvBTIHCAUQABjvBTIHCAYQABjvBdIBCTE3MjY1ajBqNKgCALACAA&sourceid=chrome&ie=UTF-8,Rajkot,N/A,N/A,https://5.imimg.com/data5/SELLER/Default/2025/12/567053935/WX/HR/XS/13203495/electrical-product-packaging-box-design-service-250x250.jpg,https://www.indiamart.com/proddetail/electrical-product-packaging-box-designing-service-2858157103630.html,Electrical Product Packaging Box Designing Service
Printing Services,Packaging Design Services,packaging design services,Consumer Goods Packaging Design Service,Orange Circle,Ask Price,N/A,+91 99099 99119,hello@orangecircle.in,https://orangecircle.in,Rajkot,N/A,N/A,https://5.imimg.com/data5/SELLER/Default/2026/3/592089004/VS/QW/AL/99918919/consumer-goods-packaging-design-service-250x250.png,https://www.indiamart.com/proddetail/consumer-goods-packaging-design-service-2857656931062.html,Consumer Goods Packaging Design Service
Printing Services,Packaging Design Services,packaging design services,Illustrator / Photoshop Project Based Packaging Box Designing Services,I-Square Infomedia,"₹ 4,200",/Project,+91 97255 44644,info@isquareinfomedia.com,https://isquareinfomedia.com,Rajkot,N/A,N/A,https://5.imimg.com/data5/SELLER/Default/2021/2/GG/TK/IR/16616853/packaging-box-designing-services-250x250.jpg,https://www.indiamart.com/proddetail/packaging-box-designing-services-23167090762.html,Illustrator / Photoshop Project Based Packaging Box Designing Services
Printing Services,Packaging Design Services,packaging design services,Packaging Designer In Ahmedabad,Rv Solutions,₹ 1,N/A,-4744029,contactus@rvsolutions.in,https://www.rvsolutions.in/,Rajkot,N/A,N/A,https://5.imimg.com/data5/SELLER/Default/2024/3/401489920/FL/WH/WM/137669229/packaging-designer-in-ahmedabad-250x250.jpg,https://www.indiamart.com/proddetail/packaging-designer-in-ahmedabad-2852976090830.html,Packaging Designer In Ahmedabad
Printing Services,Packaging Design Services,packaging design services,Package Designing Services,J K Printers,₹ 1,Package Designing Services,"+91-9712749246, +91-9979421639",info@jkprinters.net,https://jkprinters.net/,Rajkot,N/A,N/A,https://5.imimg.com/data5/SELLER/Default/2020/9/WZ/ZH/FB/108118836/package-designing-services-250x250.jpg,https://www.indiamart.com/proddetail/package-designing-services-22656451373.html,Package Designing Services
Printing Services,Packaging Design Services,packaging design services,Packaging Design Services,Boxpool LLP,Ask Price,N/A,98254 14481,prakash@boxpool.in,https://boxpool.in?utm_source=chatgpt.com,Ahmedabad - Deals in Amreli,N/A,N/A,https://5.imimg.com/data5/SELLER/Default/2025/4/504247046/YC/NF/LT/3422321/dsc02913-250x250.jpg,https://www.indiamart.com/proddetail/packaging-design-services-2856391239991.html,Packaging Design Services
Printing Services,Packaging Design Services,packaging design services,Pouch designing services,Sky Flexi Pack,"₹ 3,000",Pouch designing services,072260 02070,Not Found,http://www.skyflexipack.com,Ahmedabad - Deals in Amreli,N/A,N/A,https://5.imimg.com/data5/SELLER/Default/2023/4/298896934/IE/NT/KX/2107458/pouch-designing-services-250x250.jpeg,https://www.indiamart.com/proddetail/pouch-designing-services-2850708141112.html,Pouch designing services
Printing Services,Packaging Design Services,packaging design services,Package Designing Services,Rajshree Technosource,"₹ 1,500",Package Designing Services,Not Found,8048618492,www.rajshreetechnosource.co.in,Ahmedabad - Deals in Amreli,N/A,N/A,https://5.imimg.com/data5/SELLER/Default/2026/5/608357702/VU/LV/EF/113687117/package-designing-services-250x250.png,https://www.indiamart.com/proddetail/package-designing-services-27523917733.html,Package Designing Services
Printing Services,Packaging Design Services,packaging design services,Pouch Packaging Designing Services,Smit Branding Private Limited,"₹ 3,500",N/A,090333 04049,Not Found,http://www.smitbranding.com,Rajkot,N/A,N/A,https://5.imimg.com/data5/SELLER/Default/2026/5/608416140/MW/MI/GR/6890698/pouch-packaging-designing-service-250x250.png,https://www.indiamart.com/proddetail/pouch-packaging-designing-services-2859232983997.html,Pouch Packaging Designing Services
Printing Services,Packaging Design Services,packaging design services,"Packet Designing Service, packaging",Rexter Tech,"₹ 1,000",N/A,+91 70412 55969,info@rextertech.com,rextertech.com,Rajkot,N/A,N/A,https://5.imimg.com/data5/SELLER/Default/2024/10/461440175/WI/MD/VG/127230768/packet-designing-service-250x250.jpg,https://www.indiamart.com/proddetail/packet-designing-service-23717036033.html,"Packet Designing Service, packaging"
Printing Services,Packaging Design Services,packaging design services,Electrical Product Packaging Box Designing Service,Mekanism Electronics Private Limited,Ask Price,N/A,+91 90670 05353,ribhusinternational@gmail.com,https://www.google.com/search?q=ribhus+international+private+limited&oq=Ribhus+International+Private+Limited&gs_lcrp=EgZjaHJvbWUqCggAEAAY4wIYgAQyCggAEAAY4wIYgAQyDQgBEC4YrwEYxwEYgAQyCAgCEAAYFhgeMggIAxAAGBYYHjIHCAQQABjvBTIHCAUQABjvBTIHCAYQABjvBdIBCTE3MjY1ajBqNKgCALACAA&sourceid=chrome&ie=UTF-8,Rajkot,N/A,N/A,https://5.imimg.com/data5/SELLER/Default/2025/12/567053935/WX/HR/XS/13203495/electrical-product-packaging-box-design-service-250x250.jpg,https://www.indiamart.com/proddetail/electrical-product-packaging-box-designing-service-2858157103630.html,Electrical Product Packaging Box Designing Service
Printing Services,Packaging Design Services,packaging design services,Consumer Goods Packaging Design Service,Orange Circle,Ask Price,N/A,+91 99099 99119,hello@orangecircle.in,https://orangecircle.in,Rajkot,N/A,N/A,https://5.imimg.com/data5/SELLER/Default/2026/3/592089004/VS/QW/AL/99918919/consumer-goods-packaging-design-service-250x250.png,https://www.indiamart.com/proddetail/consumer-goods-packaging-design-service-2857656931062.html,Consumer Goods Packaging Design Service
Printing Services,Packaging Design Services,packaging design services,Illustrator / Photoshop Project Based Packaging Box Designing Services,I-Square Infomedia,"₹ 4,200",/Project,+91 97255 44644,info@isquareinfomedia.com,https://isquareinfomedia.com,Rajkot,N/A,N/A,https://5.imimg.com/data5/SELLER/Default/2021/2/GG/TK/IR/16616853/packaging-box-designing-services-250x250.jpg,https://www.indiamart.com/proddetail/packaging-box-designing-services-23167090762.html,Illustrator / Photoshop Project Based Packaging Box Designing Services
Printing Services,Packaging Design Services,packaging design services,Packaging Designer In Ahmedabad,Rv Solutions,₹ 1,N/A,-4744029,contactus@rvsolutions.in,https://www.rvsolutions.in/,Rajkot,N/A,N/A,https://5.imimg.com/data5/SELLER/Default/2024/3/401489920/FL/WH/WM/137669229/packaging-designer-in-ahmedabad-250x250.jpg,https://www.indiamart.com/proddetail/packaging-designer-in-ahmedabad-2852976090830.html,Packaging Designer In Ahmedabad
Printing Services,Packaging Design Services,packaging design services,Package Designing Services,J K Printers,₹ 1,Package Designing Services,"+91-9712749246, +91-9979421639",info@jkprinters.net,https://jkprinters.net/,Rajkot,N/A,N/A,https://5.imimg.com/data5/SELLER/Default/2020/9/WZ/ZH/FB/108118836/package-designing-services-250x250.jpg,https://www.indiamart.com/proddetail/package-designing-services-22656451373.html,Package Designing Services
Printing Services,Packaging Design Services,packaging design services,Packaging Design Services,Boxpool LLP,Ask Price,N/A,98254 14481,prakash@boxpool.in,https://boxpool.in?utm_source=chatgpt.com,Ahmedabad - Deals in Amreli,N/A,N/A,https://5.imimg.com/data5/SELLER/Default/2025/4/504247046/YC/NF/LT/3422321/dsc02913-250x250.jpg,https://www.indiamart.com/proddetail/packaging-design-services-2856391239991.html,Packaging Design Services
Printing Services,Packaging Design Services,packaging design services,Pouch designing services,Sky Flexi Pack,"₹ 3,000",Pouch designing services,072260 02070,Not Found,http://www.skyflexipack.com,Ahmedabad - Deals in Amreli,N/A,N/A,https://5.imimg.com/data5/SELLER/Default/2023/4/298896934/IE/NT/KX/2107458/pouch-designing-services-250x250.jpeg,https://www.indiamart.com/proddetail/pouch-designing-services-2850708141112.html,Pouch designing services
Printing Services,Packaging Design Services,packaging design services,Package Designing Services,Rajshree Technosource,"₹ 1,500",Package Designing Services,Not Found,8048618492,www.rajshreetechnosource.co.in,Ahmedabad - Deals in Amreli,N/A,N/A,https://5.imimg.com/data5/SELLER/Default/2026/5/608357702/VU/LV/EF/113687117/package-designing-services-250x250.png,https://www.indiamart.com/proddetail/package-designing-services-27523917733.html,Package Designing Services
Printing Services,Label Printing Services,label printing services,Bottle Labels Printing Services,Maruti Industry,₹ 0.50,N/A,"+91 98240 38433, +91 98243 92000",maruti2251@gmail.com,https://marutiindustries.com,Rajkot - Deals in Amreli,N/A,N/A,https://5.imimg.com/data5/SELLER/Default/2025/9/545362520/ED/JO/GA/240890657/bottle-labels-250x250.jpeg,https://www.indiamart.com/proddetail/bottle-labels-printing-services-2857452220248.html,Bottle Labels Printing Services
Printing Services,Label Printing Services,label printing services,Label Printing Service,Orange Circle,₹ 50,N/A,+91 99099 99119,hello@orangecircle.in,https://orangecircle.in,Rajkot,N/A,N/A,https://5.imimg.com/data5/SELLER/Default/2025/9/546636412/WL/MI/DI/99918919/label-printing-service-250x250.jpg,https://www.indiamart.com/proddetail/label-printing-service-2857559947755.html,Label Printing Service
Printing Services,Label Printing Services,label printing services,Multi Colour Label Printing,Creatick Print Pack,₹ 2,N/A,095744 36600,Not Found,Not Found,Rajkot - Deals in Amreli,N/A,N/A,https://5.imimg.com/data5/SELLER/Default/2025/8/537718976/IJ/RG/JM/37143543/label-printing-250x250.jpg,https://www.indiamart.com/proddetail/multi-colour-label-printing-2857297926530.html,Multi Colour Label Printing
Printing Services,Label Printing Services,label printing services,Bottles Label Printing,Lucent Branding,₹ 1,N/A,+91 98795 62212,hello@lucentbranding.com,https://www.lucentbranding.com,Rajkot - Deals in Amreli,N/A,N/A,https://5.imimg.com/data5/SELLER/Default/2025/9/548388044/ZP/DN/PN/112410442/bottle-labels-250x250.png,https://www.indiamart.com/proddetail/bottles-label-printing-2856874944030.html,Bottles Label Printing
Printing Services,Label Printing Services,label printing services,Customized Labeling Solutions,Taj Instruments,Ask Price,N/A,093285 11234,Not Found,https://tajinstruments.in,Rajkot,N/A,N/A,https://5.imimg.com/data5/SELLER/Default/2026/5/609706880/KJ/GP/LG/4421462/chatgpt-image-may-21-2026-03-10-34-pm-250x250.png,https://www.indiamart.com/proddetail/customized-labeling-solutions-2859276491562.html,Customized Labeling Solutions
Printing Services,Label Printing Services,label printing services,"Label Printing Service, For Standard, in Pan India",Rajshree Technosource,₹ 0.10,N/A,Not Found,8048618492,www.rajshreetechnosource.co.in,Ahmedabad - Deals in Amreli,N/A,N/A,https://5.imimg.com/data5/SELLER/Default/2023/3/294600089/OV/VT/LW/113687117/label-printing-service-250x250.jpg,https://www.indiamart.com/proddetail/label-printing-service-22615780533.html,"Label Printing Service, For Standard, in Pan India"
Printing Services,Label Printing Services,label printing services,Label Printing Service,Bhavna Print Pack,₹ 22,N/A,7949285162,Email available via website contact form,https://www.bhavnaprintpack.com/?utm_source=chatgpt.com,Ahmedabad - Deals in Amreli,N/A,N/A,https://5.imimg.com/data5/SELLER/Default/2026/2/586367201/DQ/PY/ES/6322540/label-printing-service-250x250.jpeg,https://www.indiamart.com/proddetail/label-printing-service-2858863365573.html,Label Printing Service
Printing Services,Label Printing Services,label printing services,"Food Product Label Printing Service, Paper",SRD India,₹ 1.35,N/A,Not Found,Not Found,https://www.timeanddate.com › time › zone › india › new-delhi,New Delhi - Deals in Amreli,N/A,N/A,https://5.imimg.com/data5/SELLER/Default/2023/12/370094336/TS/PH/NG/114671442/cleaning-product-labels-250x250.jpg,https://www.indiamart.com/proddetail/food-product-label-printing-service-27371886148.html,"Food Product Label Printing Service, Paper"
Printing Services,Label Printing Services,label printing services,"Bottles Label Printing, PP",Latest Labeling And Solutions,₹ 1.50,N/A,+91 98791 55235,latestlabeling@gmail.com,https://www.latestlabeling.com,New Delhi - Deals in Amreli,N/A,N/A,https://5.imimg.com/data5/SELLER/Default/2025/1/481904741/QZ/WO/QG/28792251/printed-bottle-labels-250x250.jpeg,https://www.indiamart.com/proddetail/bottles-label-printing-2855647136630.html,"Bottles Label Printing, PP"
Printing Services,Label Printing Services,label printing services,Label Stickers Printing Services,Tulshai Offset,Ask Price,N/A,072030 31400,Not Found,http://tulshaioffset.com,Rajkot,N/A,N/A,https://5.imimg.com/data5/PB/UY/RY/SELLER-21425071/label-stickers-printing-services-250x250.jpg,https://www.indiamart.com/proddetail/label-stickers-printing-services-22466807755.html,Label Stickers Printing Services
Printing Services,Label Printing Services,label printing services,Food Product Label Printing Service,Balaji Marketing Systems,₹ 0.50,N/A,+91 99837 37745,balajimarketingsystem2414@gmail.com,https://balajimarketingsystems.com/?utm_source=chatgpt.com,Surat,N/A,N/A,https://5.imimg.com/data5/SELLER/Default/2026/1/574547320/TJ/KV/OG/95253238/image-16-250x250.jpeg,https://www.indiamart.com/proddetail/food-product-label-printing-service-2855594879630.html,Food Product Label Printing Service
Printing Services,Label Printing Services,label printing services,Jeans Satin Label Printing Service,Sunshine Printers,₹ 0.50,N/A,Not Found,Not Found,https://www.indiamart.com › sunshineprinters-ahmedabad,Ahmedabad,N/A,N/A,https://5.imimg.com/data5/SELLER/Default/2026/3/588380148/ZN/SR/IK/180999630/jeans-satin-label-printing-service-250x250.jpeg,https://www.indiamart.com/proddetail/jeans-satin-label-printing-service-2858851850397.html,Jeans Satin Label Printing Service
Printing Services,Label Printing Services,label printing services,Bottle Labels Printing Services,Maruti Industry,₹ 0.50,N/A,"+91 98240 38433, +91 98243 92000",maruti2251@gmail.com,https://marutiindustries.com,Rajkot - Deals in Amreli,N/A,N/A,https://5.imimg.com/data5/SELLER/Default/2025/9/545362520/ED/JO/GA/240890657/bottle-labels-250x250.jpeg,https://www.indiamart.com/proddetail/bottle-labels-printing-services-2857452220248.html,Bottle Labels Printing Services
Printing Services,Label Printing Services,label printing services,Label Printing Service,Orange Circle,₹ 50,N/A,+91 99099 99119,hello@orangecircle.in,https://orangecircle.in,Rajkot,N/A,N/A,https://5.imimg.com/data5/SELLER/Default/2025/9/546636412/WL/MI/DI/99918919/label-printing-service-250x250.jpg,https://www.indiamart.com/proddetail/label-printing-service-2857559947755.html,Label Printing Service
Printing Services,Label Printing Services,label printing services,Multi Colour Label Printing,Creatick Print Pack,₹ 2,N/A,095744 36600,Not Found,Not Found,Rajkot - Deals in Amreli,N/A,N/A,https://5.imimg.com/data5/SELLER/Default/2025/8/537718976/IJ/RG/JM/37143543/label-printing-250x250.jpg,https://www.indiamart.com/proddetail/multi-colour-label-printing-2857297926530.html,Multi Colour Label Printing
Printing Services,Label Printing Services,label printing services,Bottles Label Printing,Lucent Branding,₹ 1,N/A,+91 98795 62212,hello@lucentbranding.com,https://www.lucentbranding.com,Rajkot - Deals in Amreli,N/A,N/A,https://5.imimg.com/data5/SELLER/Default/2025/9/548388044/ZP/DN/PN/112410442/bottle-labels-250x250.png,https://www.indiamart.com/proddetail/bottles-label-printing-2856874944030.html,Bottles Label Printing
Printing Services,Label Printing Services,label printing services,Customized Labeling Solutions,Taj Instruments,Ask Price,N/A,093285 11234,Not Found,https://tajinstruments.in,Rajkot,N/A,N/A,https://5.imimg.com/data5/SELLER/Default/2026/5/609706880/KJ/GP/LG/4421462/chatgpt-image-may-21-2026-03-10-34-pm-250x250.png,https://www.indiamart.com/proddetail/customized-labeling-solutions-2859276491562.html,Customized Labeling Solutions
Printing Services,Label Printing Services,label printing services,"Label Printing Service, For Standard, in Pan India",Rajshree Technosource,₹ 0.10,N/A,Not Found,8048618492,www.rajshreetechnosource.co.in,Ahmedabad - Deals in Amreli,N/A,N/A,https://5.imimg.com/data5/SELLER/Default/2023/3/294600089/OV/VT/LW/113687117/label-printing-service-250x250.jpg,https://www.indiamart.com/proddetail/label-printing-service-22615780533.html,"Label Printing Service, For Standard, in Pan India"
Printing Services,Label Printing Services,label printing services,Label Printing Service,Bhavna Print Pack,₹ 22,N/A,7949285162,Email available via website contact form,https://www.bhavnaprintpack.com/?utm_source=chatgpt.com,Ahmedabad - Deals in Amreli,N/A,N/A,https://5.imimg.com/data5/SELLER/Default/2026/2/586367201/DQ/PY/ES/6322540/label-printing-service-250x250.jpeg,https://www.indiamart.com/proddetail/label-printing-service-2858863365573.html,Label Printing Service
Printing Services,Label Printing Services,label printing services,"Food Product Label Printing Service, Paper",SRD India,₹ 1.35,N/A,Not Found,Not Found,https://www.timeanddate.com › time › zone › india › new-delhi,New Delhi - Deals in Amreli,N/A,N/A,https://5.imimg.com/data5/SELLER/Default/2023/12/370094336/TS/PH/NG/114671442/cleaning-product-labels-250x250.jpg,https://www.indiamart.com/proddetail/food-product-label-printing-service-27371886148.html,"Food Product Label Printing Service, Paper"
Printing Services,Label Printing Services,label printing services,"Bottles Label Printing, PP",Latest Labeling And Solutions,₹ 1.50,N/A,+91 98791 55235,latestlabeling@gmail.com,https://www.latestlabeling.com,New Delhi - Deals in Amreli,N/A,N/A,https://5.imimg.com/data5/SELLER/Default/2025/1/481904741/QZ/WO/QG/28792251/printed-bottle-labels-250x250.jpeg,https://www.indiamart.com/proddetail/bottles-label-printing-2855647136630.html,"Bottles Label Printing, PP"
Printing Services,Label Printing Services,label printing services,Label Stickers Printing Services,Tulshai Offset,Ask Price,N/A,072030 31400,Not Found,http://tulshaioffset.com,Rajkot,N/A,N/A,https://5.imimg.com/data5/PB/UY/RY/SELLER-21425071/label-stickers-printing-services-250x250.jpg,https://www.indiamart.com/proddetail/label-stickers-printing-services-22466807755.html,Label Stickers Printing Services
Printing Services,Label Printing Services,label printing services,Food Product Label Printing Service,Balaji Marketing Systems,₹ 0.50,N/A,+91 99837 37745,balajimarketingsystem2414@gmail.com,https://balajimarketingsystems.com/?utm_source=chatgpt.com,Surat,N/A,N/A,https://5.imimg.com/data5/SELLER/Default/2026/1/574547320/TJ/KV/OG/95253238/image-16-250x250.jpeg,https://www.indiamart.com/proddetail/food-product-label-printing-service-2855594879630.html,Food Product Label Printing Service
Printing Services,Label Printing Services,label printing services,Jeans Satin Label Printing Service,Sunshine Printers,₹ 0.50,N/A,Not Found,Not Found,https://www.indiamart.com › sunshineprinters-ahmedabad,Ahmedabad,N/A,N/A,https://5.imimg.com/data5/SELLER/Default/2026/3/588380148/ZN/SR/IK/180999630/jeans-satin-label-printing-service-250x250.jpeg,https://www.indiamart.com/proddetail/jeans-satin-label-printing-service-2858851850397.html,Jeans Satin Label Printing Service
Printing Services,Label Printing Services,label printing services,Bottle Labels Printing Services,Maruti Industry,₹ 0.50,N/A,"+91 98240 38433, +91 98243 92000",maruti2251@gmail.com,https://marutiindustries.com,Rajkot - Deals in Amreli,N/A,N/A,https://5.imimg.com/data5/SELLER/Default/2025/9/545362520/ED/JO/GA/240890657/bottle-labels-250x250.jpeg,https://www.indiamart.com/proddetail/bottle-labels-printing-services-2857452220248.html,Bottle Labels Printing Services
Printing Services,Label Printing Services,label printing services,Label Printing Service,Orange Circle,₹ 50,N/A,+91 99099 99119,hello@orangecircle.in,https://orangecircle.in,Rajkot,N/A,N/A,https://5.imimg.com/data5/SELLER/Default/2025/9/546636412/WL/MI/DI/99918919/label-printing-service-250x250.jpg,https://www.indiamart.com/proddetail/label-printing-service-2857559947755.html,Label Printing Service
Printing Services,Label Printing Services,label printing services,Multi Colour Label Printing,Creatick Print Pack,₹ 2,N/A,095744 36600,Not Found,Not Found,Rajkot - Deals in Amreli,N/A,N/A,https://5.imimg.com/data5/SELLER/Default/2025/8/537718976/IJ/RG/JM/37143543/label-printing-250x250.jpg,https://www.indiamart.com/proddetail/multi-colour-label-printing-2857297926530.html,Multi Colour Label Printing
Printing Services,Label Printing Services,label printing services,Bottles Label Printing,Lucent Branding,₹ 1,N/A,+91 98795 62212,hello@lucentbranding.com,https://www.lucentbranding.com,Rajkot - Deals in Amreli,N/A,N/A,https://5.imimg.com/data5/SELLER/Default/2025/9/548388044/ZP/DN/PN/112410442/bottle-labels-250x250.png,https://www.indiamart.com/proddetail/bottles-label-printing-2856874944030.html,Bottles Label Printing
Printing Services,Label Printing Services,label printing services,Customized Labeling Solutions,Taj Instruments,Ask Price,N/A,093285 11234,Not Found,https://tajinstruments.in,Rajkot,N/A,N/A,https://5.imimg.com/data5/SELLER/Default/2026/5/609706880/KJ/GP/LG/4421462/chatgpt-image-may-21-2026-03-10-34-pm-250x250.png,https://www.indiamart.com/proddetail/customized-labeling-solutions-2859276491562.html,Customized Labeling Solutions
Printing Services,Label Printing Services,label printing services,"Label Printing Service, For Standard, in Pan India",Rajshree Technosource,₹ 0.10,N/A,Not Found,8048618492,www.rajshreetechnosource.co.in,Ahmedabad - Deals in Amreli,N/A,N/A,https://5.imimg.com/data5/SELLER/Default/2023/3/294600089/OV/VT/LW/113687117/label-printing-service-250x250.jpg,https://www.indiamart.com/proddetail/label-printing-service-22615780533.html,"Label Printing Service, For Standard, in Pan India"
Printing Services,Label Printing Services,label printing services,Label Printing Service,Bhavna Print Pack,₹ 22,N/A,7949285162,Email available via website contact form,https://www.bhavnaprintpack.com/?utm_source=chatgpt.com,Ahmedabad - Deals in Amreli,N/A,N/A,https://5.imimg.com/data5/SELLER/Default/2026/2/586367201/DQ/PY/ES/6322540/label-printing-service-250x250.jpeg,https://www.indiamart.com/proddetail/label-printing-service-2858863365573.html,Label Printing Service
Printing Services,Label Printing Services,label printing services,"Food Product Label Printing Service, Paper",SRD India,₹ 1.35,N/A,Not Found,Not Found,https://www.timeanddate.com › time › zone › india › new-delhi,New Delhi - Deals in Amreli,N/A,N/A,https://5.imimg.com/data5/SELLER/Default/2023/12/370094336/TS/PH/NG/114671442/cleaning-product-labels-250x250.jpg,https://www.indiamart.com/proddetail/food-product-label-printing-service-27371886148.html,"Food Product Label Printing Service, Paper"
Printing Services,Label Printing Services,label printing services,"Bottles Label Printing, PP",Latest Labeling And Solutions,₹ 1.50,N/A,+91 98791 55235,latestlabeling@gmail.com,https://www.latestlabeling.com,New Delhi - Deals in Amreli,N/A,N/A,https://5.imimg.com/data5/SELLER/Default/2025/1/481904741/QZ/WO/QG/28792251/printed-bottle-labels-250x250.jpeg,https://www.indiamart.com/proddetail/bottles-label-printing-2855647136630.html,"Bottles Label Printing, PP"
Printing Services,Label Printing Services,label printing services,Label Stickers Printing Services,Tulshai Offset,Ask Price,N/A,072030 31400,Not Found,http://tulshaioffset.com,Rajkot,N/A,N/A,https://5.imimg.com/data5/PB/UY/RY/SELLER-21425071/label-stickers-printing-services-250x250.jpg,https://www.indiamart.com/proddetail/label-stickers-printing-services-22466807755.html,Label Stickers Printing Services
Printing Services,Label Printing Services,label printing services,Food Product Label Printing Service,Balaji Marketing Systems,₹ 0.50,N/A,+91 99837 37745,balajimarketingsystem2414@gmail.com,https://balajimarketingsystems.com/?utm_source=chatgpt.com,Surat,N/A,N/A,https://5.imimg.com/data5/SELLER/Default/2026/1/574547320/TJ/KV/OG/95253238/image-16-250x250.jpeg,https://www.indiamart.com/proddetail/food-product-label-printing-service-2855594879630.html,Food Product Label Printing Service
Printing Services,Label Printing Services,label printing services,Jeans Satin Label Printing Service,Sunshine Printers,₹ 0.50,N/A,Not Found,Not Found,https://www.indiamart.com › sunshineprinters-ahmedabad,Ahmedabad,N/A,N/A,https://5.imimg.com/data5/SELLER/Default/2026/3/588380148/ZN/SR/IK/180999630/jeans-satin-label-printing-service-250x250.jpeg,https://www.indiamart.com/proddetail/jeans-satin-label-printing-service-2858851850397.html,Jeans Satin Label Printing Service
Printing Services,Label Printing Services,label printing services,Bottle Labels Printing Services,Maruti Industry,₹ 0.50,N/A,"+91 98240 38433, +91 98243 92000",maruti2251@gmail.com,https://marutiindustries.com,Rajkot - Deals in Amreli,N/A,N/A,https://5.imimg.com/data5/SELLER/Default/2025/9/545362520/ED/JO/GA/240890657/bottle-labels-250x250.jpeg,https://www.indiamart.com/proddetail/bottle-labels-printing-services-2857452220248.html,Bottle Labels Printing Services
Printing Services,Label Printing Services,label printing services,Label Printing Service,Orange Circle,₹ 50,N/A,+91 99099 99119,hello@orangecircle.in,https://orangecircle.in,Rajkot,N/A,N/A,https://5.imimg.com/data5/SELLER/Default/2025/9/546636412/WL/MI/DI/99918919/label-printing-service-250x250.jpg,https://www.indiamart.com/proddetail/label-printing-service-2857559947755.html,Label Printing Service
Printing Services,Label Printing Services,label printing services,Multi Colour Label Printing,Creatick Print Pack,₹ 2,N/A,095744 36600,Not Found,Not Found,Rajkot - Deals in Amreli,N/A,N/A,https://5.imimg.com/data5/SELLER/Default/2025/8/537718976/IJ/RG/JM/37143543/label-printing-250x250.jpg,https://www.indiamart.com/proddetail/multi-colour-label-printing-2857297926530.html,Multi Colour Label Printing
Printing Services,Label Printing Services,label printing services,Bottles Label Printing,Lucent Branding,₹ 1,N/A,+91 98795 62212,hello@lucentbranding.com,https://www.lucentbranding.com,Rajkot - Deals in Amreli,N/A,N/A,https://5.imimg.com/data5/SELLER/Default/2025/9/548388044/ZP/DN/PN/112410442/bottle-labels-250x250.png,https://www.indiamart.com/proddetail/bottles-label-printing-2856874944030.html,Bottles Label Printing
Printing Services,Label Printing Services,label printing services,Customized Labeling Solutions,Taj Instruments,Ask Price,N/A,093285 11234,Not Found,https://tajinstruments.in,Rajkot,N/A,N/A,https://5.imimg.com/data5/SELLER/Default/2026/5/609706880/KJ/GP/LG/4421462/chatgpt-image-may-21-2026-03-10-34-pm-250x250.png,https://www.indiamart.com/proddetail/customized-labeling-solutions-2859276491562.html,Customized Labeling Solutions
Printing Services,Label Printing Services,label printing services,"Label Printing Service, For Standard, in Pan India",Rajshree Technosource,₹ 0.10,N/A,Not Found,8048618492,www.rajshreetechnosource.co.in,Ahmedabad - Deals in Amreli,N/A,N/A,https://5.imimg.com/data5/SELLER/Default/2023/3/294600089/OV/VT/LW/113687117/label-printing-service-250x250.jpg,https://www.indiamart.com/proddetail/label-printing-service-22615780533.html,"Label Printing Service, For Standard, in Pan India"
Printing Services,Label Printing Services,label printing services,Label Printing Service,Bhavna Print Pack,₹ 22,N/A,7949285162,Email available via website contact form,https://www.bhavnaprintpack.com/?utm_source=chatgpt.com,Ahmedabad - Deals in Amreli,N/A,N/A,https://5.imimg.com/data5/SELLER/Default/2026/2/586367201/DQ/PY/ES/6322540/label-printing-service-250x250.jpeg,https://www.indiamart.com/proddetail/label-printing-service-2858863365573.html,Label Printing Service
Printing Services,Label Printing Services,label printing services,"Food Product Label Printing Service, Paper",SRD India,₹ 1.35,N/A,Not Found,Not Found,https://www.timeanddate.com › time › zone › india › new-delhi,New Delhi - Deals in Amreli,N/A,N/A,https://5.imimg.com/data5/SELLER/Default/2023/12/370094336/TS/PH/NG/114671442/cleaning-product-labels-250x250.jpg,https://www.indiamart.com/proddetail/food-product-label-printing-service-27371886148.html,"Food Product Label Printing Service, Paper"
Printing Services,Label Printing Services,label printing services,"Bottles Label Printing, PP",Latest Labeling And Solutions,₹ 1.50,N/A,+91 98791 55235,latestlabeling@gmail.com,https://www.latestlabeling.com,New Delhi - Deals in Amreli,N/A,N/A,https://5.imimg.com/data5/SELLER/Default/2025/1/481904741/QZ/WO/QG/28792251/printed-bottle-labels-250x250.jpeg,https://www.indiamart.com/proddetail/bottles-label-printing-2855647136630.html,"Bottles Label Printing, PP"
Printing Services,Label Printing Services,label printing services,Label Stickers Printing Services,Tulshai Offset,Ask Price,N/A,072030 31400,Not Found,http://tulshaioffset.com,Rajkot,N/A,N/A,https://5.imimg.com/data5/PB/UY/RY/SELLER-21425071/label-stickers-printing-services-250x250.jpg,https://www.indiamart.com/proddetail/label-stickers-printing-services-22466807755.html,Label Stickers Printing Services
Printing Services,Label Printing Services,label printing services,Food Product Label Printing Service,Balaji Marketing Systems,₹ 0.50,N/A,+91 99837 37745,balajimarketingsystem2414@gmail.com,https://balajimarketingsystems.com/?utm_source=chatgpt.com,Surat,N/A,N/A,https://5.imimg.com/data5/SELLER/Default/2026/1/574547320/TJ/KV/OG/95253238/image-16-250x250.jpeg,https://www.indiamart.com/proddetail/food-product-label-printing-service-2855594879630.html,Food Product Label Printing Service
Printing Services,Label Printing Services,label printing services,Jeans Satin Label Printing Service,Sunshine Printers,₹ 0.50,N/A,Not Found,Not Found,https://www.indiamart.com › sunshineprinters-ahmedabad,Ahmedabad,N/A,N/A,https://5.imimg.com/data5/SELLER/Default/2026/3/588380148/ZN/SR/IK/180999630/jeans-satin-label-printing-service-250x250.jpeg,https://www.indiamart.com/proddetail/jeans-satin-label-printing-service-2858851850397.html,Jeans Satin Label Printing Service
Printing Services,Label Printing Services,label printing services,Bottle Labels Printing Services,Maruti Industry,₹ 0.50,N/A,"+91 98240 38433, +91 98243 92000",maruti2251@gmail.com,https://marutiindustries.com,Rajkot - Deals in Amreli,N/A,N/A,https://5.imimg.com/data5/SELLER/Default/2025/9/545362520/ED/JO/GA/240890657/bottle-labels-250x250.jpeg,https://www.indiamart.com/proddetail/bottle-labels-printing-services-2857452220248.html,Bottle Labels Printing Services
Printing Services,Label Printing Services,label printing services,Label Printing Service,Orange Circle,₹ 50,N/A,+91 99099 99119,hello@orangecircle.in,https://orangecircle.in,Rajkot,N/A,N/A,https://5.imimg.com/data5/SELLER/Default/2025/9/546636412/WL/MI/DI/99918919/label-printing-service-250x250.jpg,https://www.indiamart.com/proddetail/label-printing-service-2857559947755.html,Label Printing Service
Printing Services,Label Printing Services,label printing services,Multi Colour Label Printing,Creatick Print Pack,₹ 2,N/A,095744 36600,Not Found,Not Found,Rajkot - Deals in Amreli,N/A,N/A,https://5.imimg.com/data5/SELLER/Default/2025/8/537718976/IJ/RG/JM/37143543/label-printing-250x250.jpg,https://www.indiamart.com/proddetail/multi-colour-label-printing-2857297926530.html,Multi Colour Label Printing
Printing Services,Label Printing Services,label printing services,Bottles Label Printing,Lucent Branding,₹ 1,N/A,+91 98795 62212,hello@lucentbranding.com,https://www.lucentbranding.com,Rajkot - Deals in Amreli,N/A,N/A,https://5.imimg.com/data5/SELLER/Default/2025/9/548388044/ZP/DN/PN/112410442/bottle-labels-250x250.png,https://www.indiamart.com/proddetail/bottles-label-printing-2856874944030.html,Bottles Label Printing
Printing Services,Label Printing Services,label printing services,Customized Labeling Solutions,Taj Instruments,Ask Price,N/A,093285 11234,Not Found,https://tajinstruments.in,Rajkot,N/A,N/A,https://5.imimg.com/data5/SELLER/Default/2026/5/609706880/KJ/GP/LG/4421462/chatgpt-image-may-21-2026-03-10-34-pm-250x250.png,https://www.indiamart.com/proddetail/customized-labeling-solutions-2859276491562.html,Customized Labeling Solutions
Printing Services,Label Printing Services,label printing services,"Label Printing Service, For Standard, in Pan India",Rajshree Technosource,₹ 0.10,N/A,Not Found,8048618492,www.rajshreetechnosource.co.in,Ahmedabad - Deals in Amreli,N/A,N/A,https://5.imimg.com/data5/SELLER/Default/2023/3/294600089/OV/VT/LW/113687117/label-printing-service-250x250.jpg,https://www.indiamart.com/proddetail/label-printing-service-22615780533.html,"Label Printing Service, For Standard, in Pan India"
Printing Services,Label Printing Services,label printing services,Label Printing Service,Bhavna Print Pack,₹ 22,N/A,7949285162,Email available via website contact form,https://www.bhavnaprintpack.com/?utm_source=chatgpt.com,Ahmedabad - Deals in Amreli,N/A,N/A,https://5.imimg.com/data5/SELLER/Default/2026/2/586367201/DQ/PY/ES/6322540/label-printing-service-250x250.jpeg,https://www.indiamart.com/proddetail/label-printing-service-2858863365573.html,Label Printing Service
Printing Services,Label Printing Services,label printing services,"Food Product Label Printing Service, Paper",SRD India,₹ 1.35,N/A,Not Found,Not Found,https://www.timeanddate.com › time › zone › india › new-delhi,New Delhi - Deals in Amreli,N/A,N/A,https://5.imimg.com/data5/SELLER/Default/2023/12/370094336/TS/PH/NG/114671442/cleaning-product-labels-250x250.jpg,https://www.indiamart.com/proddetail/food-product-label-printing-service-27371886148.html,"Food Product Label Printing Service, Paper"
Printing Services,Label Printing Services,label printing services,"Bottles Label Printing, PP",Latest Labeling And Solutions,₹ 1.50,N/A,+91 98791 55235,latestlabeling@gmail.com,https://www.latestlabeling.com,New Delhi - Deals in Amreli,N/A,N/A,https://5.imimg.com/data5/SELLER/Default/2025/1/481904741/QZ/WO/QG/28792251/printed-bottle-labels-250x250.jpeg,https://www.indiamart.com/proddetail/bottles-label-printing-2855647136630.html,"Bottles Label Printing, PP"
Printing Services,Label Printing Services,label printing services,Label Stickers Printing Services,Tulshai Offset,Ask Price,N/A,072030 31400,Not Found,http://tulshaioffset.com,Rajkot,N/A,N/A,https://5.imimg.com/data5/PB/UY/RY/SELLER-21425071/label-stickers-printing-services-250x250.jpg,https://www.indiamart.com/proddetail/label-stickers-printing-services-22466807755.html,Label Stickers Printing Services
Printing Services,Label Printing Services,label printing services,Food Product Label Printing Service,Balaji Marketing Systems,₹ 0.50,N/A,+91 99837 37745,balajimarketingsystem2414@gmail.com,https://balajimarketingsystems.com/?utm_source=chatgpt.com,Surat,N/A,N/A,https://5.imimg.com/data5/SELLER/Default/2026/1/574547320/TJ/KV/OG/95253238/image-16-250x250.jpeg,https://www.indiamart.com/proddetail/food-product-label-printing-service-2855594879630.html,Food Product Label Printing Service
Printing Services,Label Printing Services,label printing services,Jeans Satin Label Printing Service,Sunshine Printers,₹ 0.50,N/A,Not Found,Not Found,https://www.indiamart.com › sunshineprinters-ahmedabad,Ahmedabad,N/A,N/A,https://5.imimg.com/data5/SELLER/Default/2026/3/588380148/ZN/SR/IK/180999630/jeans-satin-label-printing-service-250x250.jpeg,https://www.indiamart.com/proddetail/jeans-satin-label-printing-service-2858851850397.html,Jeans Satin Label Printing Service
Event Management,Wedding Planning Services,wedding planning services,Wedding Planning Services,Shingar Decoration,Ask Price,N/A,Not Found,Not Found,IndiaMARThttps://www.indiamart.com › proddetail,Rajkot,N/A,N/A,https://5.imimg.com/data5/ANDROID/Default/2025/11/563252411/MH/QS/RW/75189717/product-jpeg-250x250.jpg,https://www.indiamart.com/proddetail/wedding-planning-services-2858009684148.html,Wedding Planning Services
Event Management,Wedding Planning Services,wedding planning services,Events & Wedding Planning Course - Ties to events division- taught online.,Kalasanskruti Education Training And Consultancy Private Limited,"₹ 14,999",N/A,8048272368,Not Found,https://www.kseducationtrainingandconsultancy.co.in/,Jamnagar,N/A,N/A,https://5.imimg.com/data5/SELLER/Default/2026/1/574073144/RR/IN/ML/130792635/professional-events-wedding-planning-certification-online-course-250x250.png,https://www.indiamart.com/proddetail/events-wedding-planning-course-ties-to-events-division-taught-online-2858204092888.html,Events & Wedding Planning Course - Ties to events division- taught online.
Event Management,Wedding Planning Services,wedding planning services,Wedding Planner Service,Rising Star,"₹ 50,000",N/A,9023503981,Copy@risingstarmusichub.com ,https://risingstarallinone.com/,Ahmedabad,N/A,N/A,https://5.imimg.com/data5/SELLER/Default/2024/4/408507240/WA/PH/NI/198170927/wedding-planners-250x250.jpg,https://www.indiamart.com/proddetail/wedding-planner-service-2853777380433.html,Wedding Planner Service
Event Management,Wedding Planning Services,wedding planning services,"Marriage Reception Event Organizers Services, Ahemdabad",Akshar Air Link,"₹ 10,000","Marriage Reception Event Organizers Services, Ahemdabad",7600060634,ksharairlink@gmail.com,https://www.aksharairlink.in/,Ahmedabad,N/A,N/A,https://5.imimg.com/data5/IOS/Default/2022/10/FI/PX/GF/19246148/product-jpeg-250x250.png,https://www.indiamart.com/proddetail/event-organizers-services-18943517255.html,"Marriage Reception Event Organizers Services, Ahemdabad"
Event Management,Wedding Planning Services,wedding planning services,"Ahmedabad,Gujarat Maharani Bridal Entry, wedding",Shree Bhavani Mandap Mfg & Suppliers,"₹ 64,999",/Day,Not Found,Not Found,https://www.shreebhavanimandapmfg.com,Ahmedabad,N/A,N/A,https://5.imimg.com/data5/ANDROID/Default/2024/2/387718722/CA/LL/RO/182180967/product-jpeg-250x250.jpg,https://www.indiamart.com/proddetail/maharani-bridal-entry-2850182002662.html,"Ahmedabad,Gujarat Maharani Bridal Entry, wedding"
Event Management,Wedding Planning Services,wedding planning services,Shadi Decoration on Rent,Gautam Handicrafts,"₹ 20,000",N/A,"+91 99250 30105, +91 99090 00936","gautamdecor@gmail.com, contact@gautamhandicrafts.com",https://www.gautamhandicrafts.com,Ahmedabad,N/A,N/A,https://3.imimg.com/data3/SF/EN/MY-174147/shadi-decoration-on-rent-250x250.jpg,https://www.indiamart.com/proddetail/shadi-decoration-on-rent-6562357497.html,Shadi Decoration on Rent
Event Management,Wedding Planning Services,wedding planning services,Wedding Planning Service,Celestial Events,Ask Price,N/A,99250 68872,celestial702@yahoo.com,https://www.celestialevents.in,Surat,N/A,N/A,https://5.imimg.com/data5/LU/XU/GLADMIN-11262244/wedding-planning-service-250x250.png,https://www.indiamart.com/proddetail/wedding-planning-service-17157936330.html,Wedding Planning Service
Event Management,Wedding Planning Services,wedding planning services,Wedding Planning Services,Uttam Decorators,Ask Price,N/A,098252 60375,Not Found,http://uttamdecoratorscaterers.com,Valsad,N/A,N/A,https://4.imimg.com/data4/FY/UJ/MY-10979814/wedding-planning-services-250x250.jpg,https://www.indiamart.com/proddetail/wedding-planning-services-10672981248.html,Wedding Planning Services
Event Management,Wedding Planning Services,wedding planning services,Wedding Planning Service,Akar Events Pvt. Ltd.,Ask Price,N/A,9624216910,info@akarevents.in,https://akarevents.in/,Ahmedabad,N/A,N/A,https://3.imimg.com/data3/IB/KK/MY-11053357/8-250x250.jpg,https://www.indiamart.com/proddetail/wedding-planning-service-8997320188.html,Wedding Planning Service
Event Management,Wedding Planning Services,wedding planning services,Wedding Decoration and Planning,Trade Exposition,"₹ 1,00,000",N/A,+91 9824 123 643,sanyal@trade-exposition.com,https://trade-exposition.com/,Ahmedabad,N/A,N/A,https://4.imimg.com/data4/YT/MR/ANDROID-47300515/product-250x250.jpeg,https://www.indiamart.com/proddetail/wedding-decoration-and-planning-19962809473.html,Wedding Decoration and Planning
Event Management,Wedding Planning Services,wedding planning services,Wedding Planning & Management,Shyam Sankar Dacorator Pvt. Ltd.,Ask Price,N/A,092274 83456,Not Found,http://www.ssdpl.com,Vadodara,N/A,N/A,https://3.imimg.com/data3/ND/FY/FRL-3596043/images-services8-250x250.jpg,https://www.indiamart.com/proddetail/wedding-planning-management-4429246162.html,Wedding Planning & Management
Event Management,Wedding Planning Services,wedding planning services,Wedding Services,Om Mandap Service,Ask Price,Om Mandap Service,Not Found,Not Found,Website Not Found,Gandhidham,N/A,N/A,https://4.imimg.com/data4/FC/AL/GLADMIN-10857802/1-250x250.jpg,https://www.indiamart.com/proddetail/wedding-services-13538625562.html,GST Email Mobile Member: 11 yrs
Event Management,Wedding Planning Services,wedding planning services,Marriage Arrangement Facility Service,Sindh Automobiles,Ask Price,Marriage Arrangement Facility Service,Not Found,Not Found,Dun & Bradstreethttps://www.dnb.com › business-directory,Ahmedabad,N/A,N/A,https://3.imimg.com/data3/VD/PS/MY-9215254/marriage-arrangement-facility-service-250x250.jpg,https://www.indiamart.com/proddetail/marriage-arrangement-facility-service-7777244197.html,Marriage Arrangement Facility Service
Event Management,Wedding Planning Services,wedding planning services,Weddings and marriages service,Final Touch Event Management Pvt. Ltd.,Ask Price,Weddings and marriages service,098984 43355,Not Found,https://finaltouchevent.in/,Ahmedabad,N/A,N/A,https://3.imimg.com/data3/UH/QQ/IMFCP-8072146/images-page4-img4-250x250.jpg,https://www.indiamart.com/proddetail/weddings-and-marriages-service-4858665673.html,Weddings and marriages service
Event Management,Wedding Planning Services,wedding planning services,Wedding Planning Services,Shingar Decoration,Ask Price,N/A,Not Found,Not Found,IndiaMARThttps://www.indiamart.com › proddetail,Rajkot,N/A,N/A,https://5.imimg.com/data5/ANDROID/Default/2025/11/563252411/MH/QS/RW/75189717/product-jpeg-250x250.jpg,https://www.indiamart.com/proddetail/wedding-planning-services-2858009684148.html,Wedding Planning Services
Event Management,Wedding Planning Services,wedding planning services,Events & Wedding Planning Course - Ties to events division- taught online.,Kalasanskruti Education Training And Consultancy Private Limited,"₹ 14,999",N/A,8048272368,Not Found,https://www.kseducationtrainingandconsultancy.co.in/,Jamnagar,N/A,N/A,https://5.imimg.com/data5/SELLER/Default/2026/1/574073144/RR/IN/ML/130792635/professional-events-wedding-planning-certification-online-course-250x250.png,https://www.indiamart.com/proddetail/events-wedding-planning-course-ties-to-events-division-taught-online-2858204092888.html,Events & Wedding Planning Course - Ties to events division- taught online.
Event Management,Wedding Planning Services,wedding planning services,Wedding Planner Service,Rising Star,"₹ 50,000",N/A,9023503981,Copy@risingstarmusichub.com ,https://risingstarallinone.com/,Ahmedabad,N/A,N/A,https://5.imimg.com/data5/SELLER/Default/2024/4/408507240/WA/PH/NI/198170927/wedding-planners-250x250.jpg,https://www.indiamart.com/proddetail/wedding-planner-service-2853777380433.html,Wedding Planner Service
Event Management,Wedding Planning Services,wedding planning services,"Marriage Reception Event Organizers Services, Ahemdabad",Akshar Air Link,"₹ 10,000","Marriage Reception Event Organizers Services, Ahemdabad",7600060634,ksharairlink@gmail.com,https://www.aksharairlink.in/,Ahmedabad,N/A,N/A,https://5.imimg.com/data5/IOS/Default/2022/10/FI/PX/GF/19246148/product-jpeg-250x250.png,https://www.indiamart.com/proddetail/event-organizers-services-18943517255.html,"Marriage Reception Event Organizers Services, Ahemdabad"
Event Management,Wedding Planning Services,wedding planning services,"Ahmedabad,Gujarat Maharani Bridal Entry, wedding",Shree Bhavani Mandap Mfg & Suppliers,"₹ 64,999",/Day,Not Found,Not Found,https://www.shreebhavanimandapmfg.com,Ahmedabad,N/A,N/A,https://5.imimg.com/data5/ANDROID/Default/2024/2/387718722/CA/LL/RO/182180967/product-jpeg-250x250.jpg,https://www.indiamart.com/proddetail/maharani-bridal-entry-2850182002662.html,"Ahmedabad,Gujarat Maharani Bridal Entry, wedding"
Event Management,Wedding Planning Services,wedding planning services,Shadi Decoration on Rent,Gautam Handicrafts,"₹ 20,000",N/A,"+91 99250 30105, +91 99090 00936","gautamdecor@gmail.com, contact@gautamhandicrafts.com",https://www.gautamhandicrafts.com,Ahmedabad,N/A,N/A,https://3.imimg.com/data3/SF/EN/MY-174147/shadi-decoration-on-rent-250x250.jpg,https://www.indiamart.com/proddetail/shadi-decoration-on-rent-6562357497.html,Shadi Decoration on Rent
Event Management,Wedding Planning Services,wedding planning services,Wedding Planning Service,Celestial Events,Ask Price,N/A,99250 68872,celestial702@yahoo.com,https://www.celestialevents.in,Surat,N/A,N/A,https://5.imimg.com/data5/LU/XU/GLADMIN-11262244/wedding-planning-service-250x250.png,https://www.indiamart.com/proddetail/wedding-planning-service-17157936330.html,Wedding Planning Service
Event Management,Wedding Planning Services,wedding planning services,Wedding Planning Services,Uttam Decorators,Ask Price,N/A,098252 60375,Not Found,http://uttamdecoratorscaterers.com,Valsad,N/A,N/A,https://4.imimg.com/data4/FY/UJ/MY-10979814/wedding-planning-services-250x250.jpg,https://www.indiamart.com/proddetail/wedding-planning-services-10672981248.html,Wedding Planning Services
Event Management,Wedding Planning Services,wedding planning services,Wedding Planning Service,Akar Events Pvt. Ltd.,Ask Price,N/A,9624216910,info@akarevents.in,https://akarevents.in/,Ahmedabad,N/A,N/A,https://3.imimg.com/data3/IB/KK/MY-11053357/8-250x250.jpg,https://www.indiamart.com/proddetail/wedding-planning-service-8997320188.html,Wedding Planning Service
Event Management,Wedding Planning Services,wedding planning services,Wedding Decoration and Planning,Trade Exposition,"₹ 1,00,000",N/A,+91 9824 123 643,sanyal@trade-exposition.com,https://trade-exposition.com/,Ahmedabad,N/A,N/A,https://4.imimg.com/data4/YT/MR/ANDROID-47300515/product-250x250.jpeg,https://www.indiamart.com/proddetail/wedding-decoration-and-planning-19962809473.html,Wedding Decoration and Planning
Event Management,Wedding Planning Services,wedding planning services,Wedding Planning & Management,Shyam Sankar Dacorator Pvt. Ltd.,Ask Price,N/A,092274 83456,Not Found,http://www.ssdpl.com,Vadodara,N/A,N/A,https://3.imimg.com/data3/ND/FY/FRL-3596043/images-services8-250x250.jpg,https://www.indiamart.com/proddetail/wedding-planning-management-4429246162.html,Wedding Planning & Management
Event Management,Wedding Planning Services,wedding planning services,Wedding Services,Om Mandap Service,Ask Price,Om Mandap Service,Not Found,Not Found,Website Not Found,Gandhidham,N/A,N/A,https://4.imimg.com/data4/FC/AL/GLADMIN-10857802/1-250x250.jpg,https://www.indiamart.com/proddetail/wedding-services-13538625562.html,GST Email Mobile Member: 11 yrs
Event Management,Wedding Planning Services,wedding planning services,Marriage Arrangement Facility Service,Sindh Automobiles,Ask Price,Marriage Arrangement Facility Service,Not Found,Not Found,Dun & Bradstreethttps://www.dnb.com › business-directory,Ahmedabad,N/A,N/A,https://3.imimg.com/data3/VD/PS/MY-9215254/marriage-arrangement-facility-service-250x250.jpg,https://www.indiamart.com/proddetail/marriage-arrangement-facility-service-7777244197.html,Marriage Arrangement Facility Service
Event Management,Wedding Planning Services,wedding planning services,Weddings and marriages service,Final Touch Event Management Pvt. Ltd.,Ask Price,Weddings and marriages service,098984 43355,Not Found,https://finaltouchevent.in/,Ahmedabad,N/A,N/A,https://3.imimg.com/data3/UH/QQ/IMFCP-8072146/images-page4-img4-250x250.jpg,https://www.indiamart.com/proddetail/weddings-and-marriages-service-4858665673.html,Weddings and marriages service
Event Management,Wedding Planning Services,wedding planning services,Wedding Planning Services,Shingar Decoration,Ask Price,N/A,Not Found,Not Found,IndiaMARThttps://www.indiamart.com › proddetail,Rajkot,N/A,N/A,https://5.imimg.com/data5/ANDROID/Default/2025/11/563252411/MH/QS/RW/75189717/product-jpeg-250x250.jpg,https://www.indiamart.com/proddetail/wedding-planning-services-2858009684148.html,Wedding Planning Services
Event Management,Wedding Planning Services,wedding planning services,Events & Wedding Planning Course - Ties to events division- taught online.,Kalasanskruti Education Training And Consultancy Private Limited,"₹ 14,999",N/A,8048272368,Not Found,https://www.kseducationtrainingandconsultancy.co.in/,Jamnagar,N/A,N/A,https://5.imimg.com/data5/SELLER/Default/2026/1/574073144/RR/IN/ML/130792635/professional-events-wedding-planning-certification-online-course-250x250.png,https://www.indiamart.com/proddetail/events-wedding-planning-course-ties-to-events-division-taught-online-2858204092888.html,Events & Wedding Planning Course - Ties to events division- taught online.
Event Management,Wedding Planning Services,wedding planning services,Wedding Planner Service,Rising Star,"₹ 50,000",N/A,9023503981,Copy@risingstarmusichub.com ,https://risingstarallinone.com/,Ahmedabad,N/A,N/A,https://5.imimg.com/data5/SELLER/Default/2024/4/408507240/WA/PH/NI/198170927/wedding-planners-250x250.jpg,https://www.indiamart.com/proddetail/wedding-planner-service-2853777380433.html,Wedding Planner Service
Event Management,Wedding Planning Services,wedding planning services,"Marriage Reception Event Organizers Services, Ahemdabad",Akshar Air Link,"₹ 10,000","Marriage Reception Event Organizers Services, Ahemdabad",7600060634,ksharairlink@gmail.com,https://www.aksharairlink.in/,Ahmedabad,N/A,N/A,https://5.imimg.com/data5/IOS/Default/2022/10/FI/PX/GF/19246148/product-jpeg-250x250.png,https://www.indiamart.com/proddetail/event-organizers-services-18943517255.html,"Marriage Reception Event Organizers Services, Ahemdabad"
Event Management,Wedding Planning Services,wedding planning services,"Ahmedabad,Gujarat Maharani Bridal Entry, wedding",Shree Bhavani Mandap Mfg & Suppliers,"₹ 64,999",/Day,Not Found,Not Found,https://www.shreebhavanimandapmfg.com,Ahmedabad,N/A,N/A,https://5.imimg.com/data5/ANDROID/Default/2024/2/387718722/CA/LL/RO/182180967/product-jpeg-250x250.jpg,https://www.indiamart.com/proddetail/maharani-bridal-entry-2850182002662.html,"Ahmedabad,Gujarat Maharani Bridal Entry, wedding"
Event Management,Wedding Planning Services,wedding planning services,Shadi Decoration on Rent,Gautam Handicrafts,"₹ 20,000",N/A,"+91 99250 30105, +91 99090 00936","gautamdecor@gmail.com, contact@gautamhandicrafts.com",https://www.gautamhandicrafts.com,Ahmedabad,N/A,N/A,https://3.imimg.com/data3/SF/EN/MY-174147/shadi-decoration-on-rent-250x250.jpg,https://www.indiamart.com/proddetail/shadi-decoration-on-rent-6562357497.html,Shadi Decoration on Rent
Event Management,Wedding Planning Services,wedding planning services,Wedding Planning Service,Celestial Events,Ask Price,N/A,99250 68872,celestial702@yahoo.com,https://www.celestialevents.in,Surat,N/A,N/A,https://5.imimg.com/data5/LU/XU/GLADMIN-11262244/wedding-planning-service-250x250.png,https://www.indiamart.com/proddetail/wedding-planning-service-17157936330.html,Wedding Planning Service
Event Management,Wedding Planning Services,wedding planning services,Wedding Planning Services,Uttam Decorators,Ask Price,N/A,098252 60375,Not Found,http://uttamdecoratorscaterers.com,Valsad,N/A,N/A,https://4.imimg.com/data4/FY/UJ/MY-10979814/wedding-planning-services-250x250.jpg,https://www.indiamart.com/proddetail/wedding-planning-services-10672981248.html,Wedding Planning Services
Event Management,Wedding Planning Services,wedding planning services,Wedding Planning Service,Akar Events Pvt. Ltd.,Ask Price,N/A,9624216910,info@akarevents.in,https://akarevents.in/,Ahmedabad,N/A,N/A,https://3.imimg.com/data3/IB/KK/MY-11053357/8-250x250.jpg,https://www.indiamart.com/proddetail/wedding-planning-service-8997320188.html,Wedding Planning Service
Event Management,Wedding Planning Services,wedding planning services,Wedding Decoration and Planning,Trade Exposition,"₹ 1,00,000",N/A,+91 9824 123 643,sanyal@trade-exposition.com,https://trade-exposition.com/,Ahmedabad,N/A,N/A,https://4.imimg.com/data4/YT/MR/ANDROID-47300515/product-250x250.jpeg,https://www.indiamart.com/proddetail/wedding-decoration-and-planning-19962809473.html,Wedding Decoration and Planning
Event Management,Wedding Planning Services,wedding planning services,Wedding Planning & Management,Shyam Sankar Dacorator Pvt. Ltd.,Ask Price,N/A,092274 83456,Not Found,http://www.ssdpl.com,Vadodara,N/A,N/A,https://3.imimg.com/data3/ND/FY/FRL-3596043/images-services8-250x250.jpg,https://www.indiamart.com/proddetail/wedding-planning-management-4429246162.html,Wedding Planning & Management
Event Management,Wedding Planning Services,wedding planning services,Wedding Services,Om Mandap Service,Ask Price,Om Mandap Service,Not Found,Not Found,Website Not Found,Gandhidham,N/A,N/A,https://4.imimg.com/data4/FC/AL/GLADMIN-10857802/1-250x250.jpg,https://www.indiamart.com/proddetail/wedding-services-13538625562.html,GST Email Mobile Member: 11 yrs
Event Management,Wedding Planning Services,wedding planning services,Marriage Arrangement Facility Service,Sindh Automobiles,Ask Price,Marriage Arrangement Facility Service,Not Found,Not Found,Dun & Bradstreethttps://www.dnb.com › business-directory,Ahmedabad,N/A,N/A,https://3.imimg.com/data3/VD/PS/MY-9215254/marriage-arrangement-facility-service-250x250.jpg,https://www.indiamart.com/proddetail/marriage-arrangement-facility-service-7777244197.html,Marriage Arrangement Facility Service
Event Management,Wedding Planning Services,wedding planning services,Weddings and marriages service,Final Touch Event Management Pvt. Ltd.,Ask Price,Weddings and marriages service,098984 43355,Not Found,https://finaltouchevent.in/,Ahmedabad,N/A,N/A,https://3.imimg.com/data3/UH/QQ/IMFCP-8072146/images-page4-img4-250x250.jpg,https://www.indiamart.com/proddetail/weddings-and-marriages-service-4858665673.html,Weddings and marriages service
Event Management,Wedding Planning Services,wedding planning services,Wedding Planning Services,Shingar Decoration,Ask Price,N/A,Not Found,Not Found,IndiaMARThttps://www.indiamart.com › proddetail,Rajkot,N/A,N/A,https://5.imimg.com/data5/ANDROID/Default/2025/11/563252411/MH/QS/RW/75189717/product-jpeg-250x250.jpg,https://www.indiamart.com/proddetail/wedding-planning-services-2858009684148.html,Wedding Planning Services
Event Management,Wedding Planning Services,wedding planning services,Events & Wedding Planning Course - Ties to events division- taught online.,Kalasanskruti Education Training And Consultancy Private Limited,"₹ 14,999",N/A,8048272368,Not Found,https://www.kseducationtrainingandconsultancy.co.in/,Jamnagar,N/A,N/A,https://5.imimg.com/data5/SELLER/Default/2026/1/574073144/RR/IN/ML/130792635/professional-events-wedding-planning-certification-online-course-250x250.png,https://www.indiamart.com/proddetail/events-wedding-planning-course-ties-to-events-division-taught-online-2858204092888.html,Events & Wedding Planning Course - Ties to events division- taught online.
Event Management,Wedding Planning Services,wedding planning services,Wedding Planner Service,Rising Star,"₹ 50,000",N/A,9023503981,Copy@risingstarmusichub.com ,https://risingstarallinone.com/,Ahmedabad,N/A,N/A,https://5.imimg.com/data5/SELLER/Default/2024/4/408507240/WA/PH/NI/198170927/wedding-planners-250x250.jpg,https://www.indiamart.com/proddetail/wedding-planner-service-2853777380433.html,Wedding Planner Service
Event Management,Wedding Planning Services,wedding planning services,"Marriage Reception Event Organizers Services, Ahemdabad",Akshar Air Link,"₹ 10,000","Marriage Reception Event Organizers Services, Ahemdabad",7600060634,ksharairlink@gmail.com,https://www.aksharairlink.in/,Ahmedabad,N/A,N/A,https://5.imimg.com/data5/IOS/Default/2022/10/FI/PX/GF/19246148/product-jpeg-250x250.png,https://www.indiamart.com/proddetail/event-organizers-services-18943517255.html,"Marriage Reception Event Organizers Services, Ahemdabad"
Event Management,Wedding Planning Services,wedding planning services,"Ahmedabad,Gujarat Maharani Bridal Entry, wedding",Shree Bhavani Mandap Mfg & Suppliers,"₹ 64,999",/Day,Not Found,Not Found,https://www.shreebhavanimandapmfg.com,Ahmedabad,N/A,N/A,https://5.imimg.com/data5/ANDROID/Default/2024/2/387718722/CA/LL/RO/182180967/product-jpeg-250x250.jpg,https://www.indiamart.com/proddetail/maharani-bridal-entry-2850182002662.html,"Ahmedabad,Gujarat Maharani Bridal Entry, wedding"
Event Management,Wedding Planning Services,wedding planning services,Shadi Decoration on Rent,Gautam Handicrafts,"₹ 20,000",N/A,"+91 99250 30105, +91 99090 00936","gautamdecor@gmail.com, contact@gautamhandicrafts.com",https://www.gautamhandicrafts.com,Ahmedabad,N/A,N/A,https://3.imimg.com/data3/SF/EN/MY-174147/shadi-decoration-on-rent-250x250.jpg,https://www.indiamart.com/proddetail/shadi-decoration-on-rent-6562357497.html,Shadi Decoration on Rent
Event Management,Wedding Planning Services,wedding planning services,Wedding Planning Service,Celestial Events,Ask Price,N/A,99250 68872,celestial702@yahoo.com,https://www.celestialevents.in,Surat,N/A,N/A,https://5.imimg.com/data5/LU/XU/GLADMIN-11262244/wedding-planning-service-250x250.png,https://www.indiamart.com/proddetail/wedding-planning-service-17157936330.html,Wedding Planning Service
Event Management,Wedding Planning Services,wedding planning services,Wedding Planning Services,Uttam Decorators,Ask Price,N/A,098252 60375,Not Found,http://uttamdecoratorscaterers.com,Valsad,N/A,N/A,https://4.imimg.com/data4/FY/UJ/MY-10979814/wedding-planning-services-250x250.jpg,https://www.indiamart.com/proddetail/wedding-planning-services-10672981248.html,Wedding Planning Services
Event Management,Wedding Planning Services,wedding planning services,Wedding Planning Service,Akar Events Pvt. Ltd.,Ask Price,N/A,9624216910,info@akarevents.in,https://akarevents.in/,Ahmedabad,N/A,N/A,https://3.imimg.com/data3/IB/KK/MY-11053357/8-250x250.jpg,https://www.indiamart.com/proddetail/wedding-planning-service-8997320188.html,Wedding Planning Service
Event Management,Wedding Planning Services,wedding planning services,Wedding Decoration and Planning,Trade Exposition,"₹ 1,00,000",N/A,+91 9824 123 643,sanyal@trade-exposition.com,https://trade-exposition.com/,Ahmedabad,N/A,N/A,https://4.imimg.com/data4/YT/MR/ANDROID-47300515/product-250x250.jpeg,https://www.indiamart.com/proddetail/wedding-decoration-and-planning-19962809473.html,Wedding Decoration and Planning
Event Management,Wedding Planning Services,wedding planning services,Wedding Planning & Management,Shyam Sankar Dacorator Pvt. Ltd.,Ask Price,N/A,092274 83456,Not Found,http://www.ssdpl.com,Vadodara,N/A,N/A,https://3.imimg.com/data3/ND/FY/FRL-3596043/images-services8-250x250.jpg,https://www.indiamart.com/proddetail/wedding-planning-management-4429246162.html,Wedding Planning & Management
Event Management,Wedding Planning Services,wedding planning services,Wedding Services,Om Mandap Service,Ask Price,Om Mandap Service,Not Found,Not Found,Website Not Found,Gandhidham,N/A,N/A,https://4.imimg.com/data4/FC/AL/GLADMIN-10857802/1-250x250.jpg,https://www.indiamart.com/proddetail/wedding-services-13538625562.html,GST Email Mobile Member: 11 yrs
Event Management,Wedding Planning Services,wedding planning services,Marriage Arrangement Facility Service,Sindh Automobiles,Ask Price,Marriage Arrangement Facility Service,Not Found,Not Found,Dun & Bradstreethttps://www.dnb.com › business-directory,Ahmedabad,N/A,N/A,https://3.imimg.com/data3/VD/PS/MY-9215254/marriage-arrangement-facility-service-250x250.jpg,https://www.indiamart.com/proddetail/marriage-arrangement-facility-service-7777244197.html,Marriage Arrangement Facility Service
Event Management,Wedding Planning Services,wedding planning services,Weddings and marriages service,Final Touch Event Management Pvt. Ltd.,Ask Price,Weddings and marriages service,098984 43355,Not Found,https://finaltouchevent.in/,Ahmedabad,N/A,N/A,https://3.imimg.com/data3/UH/QQ/IMFCP-8072146/images-page4-img4-250x250.jpg,https://www.indiamart.com/proddetail/weddings-and-marriages-service-4858665673.html,Weddings and marriages service
Event Management,Wedding Planning Services,wedding planning services,Wedding Planning Services,Shingar Decoration,Ask Price,N/A,Not Found,Not Found,IndiaMARThttps://www.indiamart.com › proddetail,Rajkot,N/A,N/A,https://5.imimg.com/data5/ANDROID/Default/2025/11/563252411/MH/QS/RW/75189717/product-jpeg-250x250.jpg,https://www.indiamart.com/proddetail/wedding-planning-services-2858009684148.html,Wedding Planning Services
Event Management,Wedding Planning Services,wedding planning services,Events & Wedding Planning Course - Ties to events division- taught online.,Kalasanskruti Education Training And Consultancy Private Limited,"₹ 14,999",N/A,8048272368,Not Found,https://www.kseducationtrainingandconsultancy.co.in/,Jamnagar,N/A,N/A,https://5.imimg.com/data5/SELLER/Default/2026/1/574073144/RR/IN/ML/130792635/professional-events-wedding-planning-certification-online-course-250x250.png,https://www.indiamart.com/proddetail/events-wedding-planning-course-ties-to-events-division-taught-online-2858204092888.html,Events & Wedding Planning Course - Ties to events division- taught online.
Event Management,Wedding Planning Services,wedding planning services,Wedding Planner Service,Rising Star,"₹ 50,000",N/A,9023503981,Copy@risingstarmusichub.com ,https://risingstarallinone.com/,Ahmedabad,N/A,N/A,https://5.imimg.com/data5/SELLER/Default/2024/4/408507240/WA/PH/NI/198170927/wedding-planners-250x250.jpg,https://www.indiamart.com/proddetail/wedding-planner-service-2853777380433.html,Wedding Planner Service
Event Management,Wedding Planning Services,wedding planning services,"Marriage Reception Event Organizers Services, Ahemdabad",Akshar Air Link,"₹ 10,000","Marriage Reception Event Organizers Services, Ahemdabad",7600060634,ksharairlink@gmail.com,https://www.aksharairlink.in/,Ahmedabad,N/A,N/A,https://5.imimg.com/data5/IOS/Default/2022/10/FI/PX/GF/19246148/product-jpeg-250x250.png,https://www.indiamart.com/proddetail/event-organizers-services-18943517255.html,"Marriage Reception Event Organizers Services, Ahemdabad"
Event Management,Wedding Planning Services,wedding planning services,"Ahmedabad,Gujarat Maharani Bridal Entry, wedding",Shree Bhavani Mandap Mfg & Suppliers,"₹ 64,999",/Day,Not Found,Not Found,https://www.shreebhavanimandapmfg.com,Ahmedabad,N/A,N/A,https://5.imimg.com/data5/ANDROID/Default/2024/2/387718722/CA/LL/RO/182180967/product-jpeg-250x250.jpg,https://www.indiamart.com/proddetail/maharani-bridal-entry-2850182002662.html,"Ahmedabad,Gujarat Maharani Bridal Entry, wedding"
Event Management,Wedding Planning Services,wedding planning services,Shadi Decoration on Rent,Gautam Handicrafts,"₹ 20,000",N/A,"+91 99250 30105, +91 99090 00936","gautamdecor@gmail.com, contact@gautamhandicrafts.com",https://www.gautamhandicrafts.com,Ahmedabad,N/A,N/A,https://3.imimg.com/data3/SF/EN/MY-174147/shadi-decoration-on-rent-250x250.jpg,https://www.indiamart.com/proddetail/shadi-decoration-on-rent-6562357497.html,Shadi Decoration on Rent
Event Management,Wedding Planning Services,wedding planning services,Wedding Planning Service,Celestial Events,Ask Price,N/A,99250 68872,celestial702@yahoo.com,https://www.celestialevents.in,Surat,N/A,N/A,https://5.imimg.com/data5/LU/XU/GLADMIN-11262244/wedding-planning-service-250x250.png,https://www.indiamart.com/proddetail/wedding-planning-service-17157936330.html,Wedding Planning Service
Event Management,Wedding Planning Services,wedding planning services,Wedding Planning Services,Uttam Decorators,Ask Price,N/A,098252 60375,Not Found,http://uttamdecoratorscaterers.com,Valsad,N/A,N/A,https://4.imimg.com/data4/FY/UJ/MY-10979814/wedding-planning-services-250x250.jpg,https://www.indiamart.com/proddetail/wedding-planning-services-10672981248.html,Wedding Planning Services
Event Management,Wedding Planning Services,wedding planning services,Wedding Planning Service,Akar Events Pvt. Ltd.,Ask Price,N/A,9624216910,info@akarevents.in,https://akarevents.in/,Ahmedabad,N/A,N/A,https://3.imimg.com/data3/IB/KK/MY-11053357/8-250x250.jpg,https://www.indiamart.com/proddetail/wedding-planning-service-8997320188.html,Wedding Planning Service
Event Management,Wedding Planning Services,wedding planning services,Wedding Decoration and Planning,Trade Exposition,"₹ 1,00,000",N/A,+91 9824 123 643,sanyal@trade-exposition.com,https://trade-exposition.com/,Ahmedabad,N/A,N/A,https://4.imimg.com/data4/YT/MR/ANDROID-47300515/product-250x250.jpeg,https://www.indiamart.com/proddetail/wedding-decoration-and-planning-19962809473.html,Wedding Decoration and Planning
Event Management,Wedding Planning Services,wedding planning services,Wedding Planning & Management,Shyam Sankar Dacorator Pvt. Ltd.,Ask Price,N/A,092274 83456,Not Found,http://www.ssdpl.com,Vadodara,N/A,N/A,https://3.imimg.com/data3/ND/FY/FRL-3596043/images-services8-250x250.jpg,https://www.indiamart.com/proddetail/wedding-planning-management-4429246162.html,Wedding Planning & Management
Event Management,Wedding Planning Services,wedding planning services,Wedding Services,Om Mandap Service,Ask Price,Om Mandap Service,Not Found,Not Found,Website Not Found,Gandhidham,N/A,N/A,https://4.imimg.com/data4/FC/AL/GLADMIN-10857802/1-250x250.jpg,https://www.indiamart.com/proddetail/wedding-services-13538625562.html,GST Email Mobile Member: 11 yrs
Event Management,Wedding Planning Services,wedding planning services,Marriage Arrangement Facility Service,Sindh Automobiles,Ask Price,Marriage Arrangement Facility Service,Not Found,Not Found,Dun & Bradstreethttps://www.dnb.com › business-directory,Ahmedabad,N/A,N/A,https://3.imimg.com/data3/VD/PS/MY-9215254/marriage-arrangement-facility-service-250x250.jpg,https://www.indiamart.com/proddetail/marriage-arrangement-facility-service-7777244197.html,Marriage Arrangement Facility Service
Event Management,Wedding Planning Services,wedding planning services,Weddings and marriages service,Final Touch Event Management Pvt. Ltd.,Ask Price,Weddings and marriages service,098984 43355,Not Found,https://finaltouchevent.in/,Ahmedabad,N/A,N/A,https://3.imimg.com/data3/UH/QQ/IMFCP-8072146/images-page4-img4-250x250.jpg,https://www.indiamart.com/proddetail/weddings-and-marriages-service-4858665673.html,Weddings and marriages service
Event Management,Catering Services,catering services,Catering Services,Ami Catering Service,Ask Price,Ami Catering Service,Not Found,Not Found,https://www.justdial.com/Ahmedabad/Ami-Caters-Opposite-Akshar-Electric-Works-Amraiwadi/079PXX79-XX79-180926163006-T4W3_BZDET,Rajkot,N/A,N/A,https://3.imimg.com/data3/NW/EB/MY-5629694/catering-services-250x250.jpeg,https://www.indiamart.com/proddetail/catering-services-4587751848.html,GST Email Mobile Member: 13 yrs
Event Management,Catering Services,catering services,Soup Catering Services,Green Leaf Hospitality,Ask Price,N/A,+91 98237 31668,"info@greenleafco.in, greenleaf2013@gmail.com",https://greenleafco.in,Rajkot,N/A,N/A,https://3.imimg.com/data3/IB/LJ/MY-4523568/soup-250x250.gif,https://www.indiamart.com/proddetail/soup-catering-services-6969208497.html,Soup Catering Services
Event Management,Catering Services,catering services,Outdoor Catering,Hotel Gamthi,Ask Price,N/A,+91 9726171800,hotelgamthi@gmail.com,https://gamthirestaurant.com/,Junagadh,N/A,N/A,https://5.imimg.com/data5/SX/IV/CW/SELLER-81652902/outdoor-catering-250x250.jpeg,https://www.indiamart.com/proddetail/outdoor-catering-20628829288.html,GST Email Mobile Member: 7 yrs
Event Management,Catering Services,catering services,Wedding Catering,Shree Gayatri Dairy Farm,Ask Price,N/A,Not Found,Not Found,https://www.flipkart.com › itm...,Rajkot,N/A,N/A,https://4.imimg.com/data4/TD/VP/GLADMIN-27630644/images-services-wedding-wedding2-250x250.jpg,https://www.indiamart.com/proddetail/wedding-catering-11633249612.html,Shree Gayatri Dairy Farm
Event Management,Catering Services,catering services,Catering Services,Ami Catering Service,Ask Price,Ami Catering Service,Not Found,Not Found,https://www.justdial.com/Ahmedabad/Ami-Caters-Opposite-Akshar-Electric-Works-Amraiwadi/079PXX79-XX79-180926163006-T4W3_BZDET,Rajkot,N/A,N/A,https://3.imimg.com/data3/NW/EB/MY-5629694/catering-services-250x250.jpeg,https://www.indiamart.com/proddetail/catering-services-4587751848.html,GST Email Mobile Member: 13 yrs
Event Management,Catering Services,catering services,Soup Catering Services,Green Leaf Hospitality,Ask Price,N/A,+91 98237 31668,"info@greenleafco.in, greenleaf2013@gmail.com",https://greenleafco.in,Rajkot,N/A,N/A,https://3.imimg.com/data3/IB/LJ/MY-4523568/soup-250x250.gif,https://www.indiamart.com/proddetail/soup-catering-services-6969208497.html,Soup Catering Services
Event Management,Catering Services,catering services,Outdoor Catering,Hotel Gamthi,Ask Price,N/A,+91 9726171800,hotelgamthi@gmail.com,https://gamthirestaurant.com/,Junagadh,N/A,N/A,https://5.imimg.com/data5/SX/IV/CW/SELLER-81652902/outdoor-catering-250x250.jpeg,https://www.indiamart.com/proddetail/outdoor-catering-20628829288.html,GST Email Mobile Member: 7 yrs
Event Management,Catering Services,catering services,Wedding Catering,Shree Gayatri Dairy Farm,Ask Price,N/A,Not Found,Not Found,https://www.flipkart.com › itm...,Rajkot,N/A,N/A,https://4.imimg.com/data4/TD/VP/GLADMIN-27630644/images-services-wedding-wedding2-250x250.jpg,https://www.indiamart.com/proddetail/wedding-catering-11633249612.html,Shree Gayatri Dairy Farm
Event Management,Catering Services,catering services,Catering Services,Ami Catering Service,Ask Price,Ami Catering Service,Not Found,Not Found,https://www.justdial.com/Ahmedabad/Ami-Caters-Opposite-Akshar-Electric-Works-Amraiwadi/079PXX79-XX79-180926163006-T4W3_BZDET,Rajkot,N/A,N/A,https://3.imimg.com/data3/NW/EB/MY-5629694/catering-services-250x250.jpeg,https://www.indiamart.com/proddetail/catering-services-4587751848.html,GST Email Mobile Member: 13 yrs
Event Management,Catering Services,catering services,Soup Catering Services,Green Leaf Hospitality,Ask Price,N/A,+91 98237 31668,"info@greenleafco.in, greenleaf2013@gmail.com",https://greenleafco.in,Rajkot,N/A,N/A,https://3.imimg.com/data3/IB/LJ/MY-4523568/soup-250x250.gif,https://www.indiamart.com/proddetail/soup-catering-services-6969208497.html,Soup Catering Services
Event Management,Catering Services,catering services,Outdoor Catering,Hotel Gamthi,Ask Price,N/A,+91 9726171800,hotelgamthi@gmail.com,https://gamthirestaurant.com/,Junagadh,N/A,N/A,https://5.imimg.com/data5/SX/IV/CW/SELLER-81652902/outdoor-catering-250x250.jpeg,https://www.indiamart.com/proddetail/outdoor-catering-20628829288.html,GST Email Mobile Member: 7 yrs
Event Management,Catering Services,catering services,Wedding Catering,Shree Gayatri Dairy Farm,Ask Price,N/A,Not Found,Not Found,https://www.flipkart.com › itm...,Rajkot,N/A,N/A,https://4.imimg.com/data4/TD/VP/GLADMIN-27630644/images-services-wedding-wedding2-250x250.jpg,https://www.indiamart.com/proddetail/wedding-catering-11633249612.html,Shree Gayatri Dairy Farm
Event Management,Catering Services,catering services,Catering Services,Ami Catering Service,Ask Price,Ami Catering Service,Not Found,Not Found,https://www.justdial.com/Ahmedabad/Ami-Caters-Opposite-Akshar-Electric-Works-Amraiwadi/079PXX79-XX79-180926163006-T4W3_BZDET,Rajkot,N/A,N/A,https://3.imimg.com/data3/NW/EB/MY-5629694/catering-services-250x250.jpeg,https://www.indiamart.com/proddetail/catering-services-4587751848.html,GST Email Mobile Member: 13 yrs
Event Management,Catering Services,catering services,Soup Catering Services,Green Leaf Hospitality,Ask Price,N/A,+91 98237 31668,"info@greenleafco.in, greenleaf2013@gmail.com",https://greenleafco.in,Rajkot,N/A,N/A,https://3.imimg.com/data3/IB/LJ/MY-4523568/soup-250x250.gif,https://www.indiamart.com/proddetail/soup-catering-services-6969208497.html,Soup Catering Services
Event Management,Catering Services,catering services,Outdoor Catering,Hotel Gamthi,Ask Price,N/A,+91 9726171800,hotelgamthi@gmail.com,https://gamthirestaurant.com/,Junagadh,N/A,N/A,https://5.imimg.com/data5/SX/IV/CW/SELLER-81652902/outdoor-catering-250x250.jpeg,https://www.indiamart.com/proddetail/outdoor-catering-20628829288.html,GST Email Mobile Member: 7 yrs
Event Management,Catering Services,catering services,Wedding Catering,Shree Gayatri Dairy Farm,Ask Price,N/A,Not Found,Not Found,https://www.flipkart.com › itm...,Rajkot,N/A,N/A,https://4.imimg.com/data4/TD/VP/GLADMIN-27630644/images-services-wedding-wedding2-250x250.jpg,https://www.indiamart.com/proddetail/wedding-catering-11633249612.html,Shree Gayatri Dairy Farm
Event Management,Catering Services,catering services,Catering Services,Ami Catering Service,Ask Price,Ami Catering Service,Not Found,Not Found,https://www.justdial.com/Ahmedabad/Ami-Caters-Opposite-Akshar-Electric-Works-Amraiwadi/079PXX79-XX79-180926163006-T4W3_BZDET,Rajkot,N/A,N/A,https://3.imimg.com/data3/NW/EB/MY-5629694/catering-services-250x250.jpeg,https://www.indiamart.com/proddetail/catering-services-4587751848.html,GST Email Mobile Member: 13 yrs
Event Management,Catering Services,catering services,Soup Catering Services,Green Leaf Hospitality,Ask Price,N/A,+91 98237 31668,"info@greenleafco.in, greenleaf2013@gmail.com",https://greenleafco.in,Rajkot,N/A,N/A,https://3.imimg.com/data3/IB/LJ/MY-4523568/soup-250x250.gif,https://www.indiamart.com/proddetail/soup-catering-services-6969208497.html,Soup Catering Services
Event Management,Catering Services,catering services,Outdoor Catering,Hotel Gamthi,Ask Price,N/A,+91 9726171800,hotelgamthi@gmail.com,https://gamthirestaurant.com/,Junagadh,N/A,N/A,https://5.imimg.com/data5/SX/IV/CW/SELLER-81652902/outdoor-catering-250x250.jpeg,https://www.indiamart.com/proddetail/outdoor-catering-20628829288.html,GST Email Mobile Member: 7 yrs
Event Management,Catering Services,catering services,Wedding Catering,Shree Gayatri Dairy Farm,Ask Price,N/A,Not Found,Not Found,https://www.flipkart.com › itm...,Rajkot,N/A,N/A,https://4.imimg.com/data4/TD/VP/GLADMIN-27630644/images-services-wedding-wedding2-250x250.jpg,https://www.indiamart.com/proddetail/wedding-catering-11633249612.html,Shree Gayatri Dairy Farm
Event Management,Exhibition Stall Fabrication,exhibition stall fabrication,Customise Exhibition Stall Fabrication,R V Event Management,"₹ 7,500",N/A,Not Found,Not Found,https://www.risingstarallinone.in,Rajkot,N/A,N/A,https://5.imimg.com/data5/SELLER/Default/2022/4/OR/NU/MO/5822650/corporate-exhibition-stall-fabrication-250x250.jpg,https://www.indiamart.com/proddetail/customise-exhibition-stall-fabrication-22146680930.html,Customise Exhibition Stall Fabrication
Event Management,Exhibition Stall Fabrication,exhibition stall fabrication,Exhibition Stall Fabrication Service,Pyramid Events & Entertainment,Ask Price,N/A,Not Found,Not Found,Website Not Found,Rajkot,N/A,N/A,https://5.imimg.com/data5/WA_9696/Default/2026/4/596276865/GX/AB/JV/5911898/image-1775042274-402-917600522700-250x250.jpeg,https://www.indiamart.com/proddetail/exhibition-stall-fabrication-service-2858933498497.html,Exhibition Stall Fabrication Service
Event Management,Exhibition Stall Fabrication,exhibition stall fabrication,"Product Launching Exhibition Stall Fabrication Service, Pan India",Safal Events & Promotions,Ask Price,N/A,097372 47000,Not Found,http://www.safalevent.com,Rajkot,N/A,N/A,https://5.imimg.com/data5/SELLER/Default/2022/10/BN/QE/FN/28119846/product-launching-exhibition-stall-fabrication-service-250x250.jpg,https://www.indiamart.com/proddetail/product-launching-exhibition-stall-fabrication-service-18994689091.html,"Product Launching Exhibition Stall Fabrication Service, Pan India"
Event Management,Exhibition Stall Fabrication,exhibition stall fabrication,4x9m Exhibition Stall Fabrication Service,Krrish Creation,"₹ 6,000",N/A,+91 98254 74680,krrishcreation@gmail.com,https://krrishcreation.com,Ahmedabad,N/A,N/A,https://5.imimg.com/data5/SELLER/Default/2023/5/307882708/WE/YW/AJ/123450735/exhibition-stalls-fabricators-in-delhi-250x250.jpeg,https://www.indiamart.com/proddetail/4x9m-exhibition-stall-fabrication-service-2851183125655.html,4x9m Exhibition Stall Fabrication Service
Event Management,Exhibition Stall Fabrication,exhibition stall fabrication,Exhibition Stall Fabrication Service,APS Projects,Ask Price,APS Projects,+91 99099 58329,info@apsprojects.in,https://apsprojects.in,Ahmedabad,N/A,N/A,https://5.imimg.com/data5/SELLER/Default/2025/8/535304182/KQ/ZX/FV/9895807/exhibition-stall-fabrication-service-250x250.jpg,https://www.indiamart.com/proddetail/exhibition-stall-fabrication-service-2857219016373.html,Exhibition Stall Fabrication Service
Event Management,Exhibition Stall Fabrication,exhibition stall fabrication,Pop Up Exhibition Stall Fabrication Service,Imperial Events,"₹ 5,000",N/A,+91 98250 67687,info@imperialevents.in,https://imperialevents.in,Ahmedabad,N/A,N/A,https://5.imimg.com/data5/SELLER/Default/2023/11/359597470/HM/GS/HS/8496164/exhibition-stall-designing-service-250x250.jpeg,https://www.indiamart.com/proddetail/pop-up-exhibition-stall-fabrication-service-10601276773.html,Pop Up Exhibition Stall Fabrication Service
Event Management,Exhibition Stall Fabrication,exhibition stall fabrication,Exhibition Stall Fabrication Service,Dezine Solution,Ask Price,N/A,99245 23136,info@thedezine.in,https://www.thedezine.in,Vadodara,N/A,N/A,https://5.imimg.com/data5/SELLER/PDFImage/2025/6/523344569/ZC/KD/QQ/2106681/corporate-brochure-250x250.png,https://www.indiamart.com/proddetail/exhibition-stall-fabrication-service-2856824185791.html,Exhibition Stall Fabrication Service
Event Management,Exhibition Stall Fabrication,exhibition stall fabrication,Exhibition Stall Fabricator,Fitpack Packaging,Ask Price,N/A, +91-9314446777,group@fitpackindia.com,https://fitpack.com/,Ahmedabad,N/A,N/A,https://5.imimg.com/data5/SELLER/Default/2025/6/517909781/LA/RL/KM/10784701/43-250x250.jpg,https://www.indiamart.com/proddetail/exhibition-stall-fabricator-2856715832130.html,Exhibition Stall Fabricator
Event Management,Exhibition Stall Fabrication,exhibition stall fabrication,"Wooden Stall Fabrication, exhibition",Insta Swish Enterprise,"₹ 4,000",N/A,+91 70695 32424,info@instaswish.in,https://instaswish.co.in,Gandhinagar,N/A,N/A,https://5.imimg.com/data5/SELLER/Default/2024/9/452017659/OU/PY/FV/60450771/wooden-stall-fabrication-250x250.jpeg,https://www.indiamart.com/proddetail/wooden-stall-fabrication-2854914892512.html,"Wooden Stall Fabrication, exhibition"
Event Management,Exhibition Stall Fabrication,exhibition stall fabrication,Exhibition Stall Fabrication Service,Reworkzone,"₹ 3,000",N/A,+91 89800 04518 (India) ,hello@reworkzone.com ,https://reworkzone.com/contact/,Ahmedabad,N/A,N/A,https://5.imimg.com/data5/SELLER/Default/2026/2/585056384/CQ/VD/RP/31982833/customised-exhibition-stall-250x250.png,https://www.indiamart.com/proddetail/exhibition-stall-fabrication-service-2858839114148.html,Exhibition Stall Fabrication Service
Event Management,Exhibition Stall Fabrication,exhibition stall fabrication,"Exhibition Stall Fabrication Service, 3 side open booth",Symbol Art,"₹ 8,500",N/A,Not Found,Not Found,https://www.indiamart.com › symbol-art › profile.html,Ahmedabad,N/A,N/A,https://5.imimg.com/data5/SELLER/Default/2024/4/407418010/WD/GO/WF/28826653/exhibition-stall-fabrication-service-250x250.jpg,https://www.indiamart.com/proddetail/exhibition-stall-fabrication-service-2853784235833.html,"Exhibition Stall Fabrication Service, 3 side open booth"
Event Management,Exhibition Stall Fabrication,exhibition stall fabrication,"Exhibition Stall Fabrication Service, Pan India, Gujarat",Shubh Enterprise,"₹ 6,500",N/A,Not Found,Not Found,https://www.indiamart.com › shubhenterprise-vadodara,Vadodara,N/A,N/A,https://5.imimg.com/data5/SELLER/Default/2022/12/LI/JT/IS/23933285/exhibition-stall-fabrication-service-250x250.jpg,https://www.indiamart.com/proddetail/exhibition-stall-fabrication-service-2849508744991.html,"Exhibition Stall Fabrication Service, Pan India, Gujarat"
Event Management,Exhibition Stall Fabrication,exhibition stall fabrication,"International Exhibition Stall Fabrication Service, 2 side open booth",Radiant Media Solutions Private Limited,Ask Price,N/A,Not Found,Not Found,IndiaMARThttps://www.indiamart.com › reworkzone › profile.html,Ahmedabad,N/A,N/A,https://5.imimg.com/data5/SELLER/Default/2025/2/491451799/FS/DU/PZ/115255430/international-exhibition-stall-fabrication-service-250x250.jpg,https://www.indiamart.com/proddetail/international-exhibition-stall-fabrication-service-2855841899133.html,"International Exhibition Stall Fabrication Service, 2 side open booth"
Event Management,Exhibition Stall Fabrication,exhibition stall fabrication,"Exhibition Stall Fabrication Service, 2 side open booth",7 Entertainment,Ask Price,N/A,contactsevenentertainment@gmail.com,NA,https://www.7entertainment.in/,Vadodara,N/A,N/A,https://5.imimg.com/data5/SELLER/Default/2024/11/463646939/JE/QA/MA/228262461/exhibition-stall-fabrication-service-250x250.jpg,https://www.indiamart.com/proddetail/exhibition-stall-fabrication-service-2855248550488.html,"Exhibition Stall Fabrication Service, 2 side open booth"
Event Management,Exhibition Stall Fabrication,exhibition stall fabrication,"Exhibition Stall Fabrication Service, 1 side open booth",Jyukh Marketing Pvt. Ltd.,Ask Price,N/A,084690 99911,Not Found,https://www.jyukhmarketing.in/,Ahmedabad,N/A,N/A,https://5.imimg.com/data5/SELLER/Default/2024/9/450144355/MA/IR/CH/8945852/promotional-candies-250x250.jpg,https://www.indiamart.com/proddetail/exhibition-stall-fabrication-service-10824269273.html,"Exhibition Stall Fabrication Service, 1 side open booth"
Event Management,Exhibition Stall Fabrication,exhibition stall fabrication,"Exhibition Stand Design Fabrication Services, 2 side open booth",ADP Associates Private Limited,Ask Price,N/A,090999 70096,NA,http://www.adpassociates.in/,Ahmedabad,N/A,N/A,https://5.imimg.com/data5/SELLER/Default/2024/11/465605387/QV/GA/AC/13226548/exhibition-stand-design-fabrication-services-250x250.jpeg,https://www.indiamart.com/proddetail/exhibition-stand-design-fabrication-services-2855292476573.html,"Exhibition Stand Design Fabrication Services, 2 side open booth"
Event Management,Exhibition Stall Fabrication,exhibition stall fabrication,Exhibition Stall Designer And Fabrication,The Jazz Media,Ask Price,N/A,Not Found,Not Found,https://www.indiamart.com › wallpaper-wala-ahmedabad › aboutus.html,Jamnagar,N/A,N/A,https://5.imimg.com/data5/SELLER/Default/2026/2/582244977/JY/LK/IF/196544279/jindal-textiles-stall-design-file-page-0001-250x250.jpg,https://www.indiamart.com/proddetail/exhibition-stall-designer-and-fabrication-2858783337933.html,Exhibition Stall Designer And Fabrication
Event Management,Exhibition Stall Fabrication,exhibition stall fabrication,Exhibition Stall Fabrication Services,Strivertex,Ask Price,N/A,Not Found,Not Found,https://www.indiamart.com › proddetail,Ahmedabad,N/A,N/A,https://3.imimg.com/data3/FA/ER/MY-4285326/exhibition-stall-fabrication-services-250x250.jpg,https://www.indiamart.com/proddetail/exhibition-stall-fabrication-services-6804885497.html,Exhibition Stall Fabrication Services
Event Management,Exhibition Stall Fabrication,exhibition stall fabrication,Exhibition Stall Fabrication Service,Trade Exposition,Ask Price,N/A,+91 9824 123 643,sanyal@trade-exposition.com,https://trade-exposition.com/,Ahmedabad,N/A,N/A,https://5.imimg.com/data5/AY/CO/MY-47300515/exhibition-stall-fabrication-service-250x250.jpg,https://www.indiamart.com/proddetail/exhibition-stall-fabrication-service-16563194591.html,Exhibition Stall Fabrication Service
Event Management,Exhibition Stall Fabrication,exhibition stall fabrication,Customise Exhibition Stall Fabrication,R V Event Management,"₹ 7,500",N/A,Not Found,Not Found,https://www.risingstarallinone.in,Rajkot,N/A,N/A,https://5.imimg.com/data5/SELLER/Default/2022/4/OR/NU/MO/5822650/corporate-exhibition-stall-fabrication-250x250.jpg,https://www.indiamart.com/proddetail/customise-exhibition-stall-fabrication-22146680930.html,Customise Exhibition Stall Fabrication
Event Management,Exhibition Stall Fabrication,exhibition stall fabrication,Exhibition Stall Fabrication Service,Pyramid Events & Entertainment,Ask Price,N/A,Not Found,Not Found,Website Not Found,Rajkot,N/A,N/A,https://5.imimg.com/data5/WA_9696/Default/2026/4/596276865/GX/AB/JV/5911898/image-1775042274-402-917600522700-250x250.jpeg,https://www.indiamart.com/proddetail/exhibition-stall-fabrication-service-2858933498497.html,Exhibition Stall Fabrication Service
Event Management,Exhibition Stall Fabrication,exhibition stall fabrication,"Product Launching Exhibition Stall Fabrication Service, Pan India",Safal Events & Promotions,Ask Price,N/A,097372 47000,Not Found,http://www.safalevent.com,Rajkot,N/A,N/A,https://5.imimg.com/data5/SELLER/Default/2022/10/BN/QE/FN/28119846/product-launching-exhibition-stall-fabrication-service-250x250.jpg,https://www.indiamart.com/proddetail/product-launching-exhibition-stall-fabrication-service-18994689091.html,"Product Launching Exhibition Stall Fabrication Service, Pan India"
Event Management,Exhibition Stall Fabrication,exhibition stall fabrication,4x9m Exhibition Stall Fabrication Service,Krrish Creation,"₹ 6,000",N/A,+91 98254 74680,krrishcreation@gmail.com,https://krrishcreation.com,Ahmedabad,N/A,N/A,https://5.imimg.com/data5/SELLER/Default/2023/5/307882708/WE/YW/AJ/123450735/exhibition-stalls-fabricators-in-delhi-250x250.jpeg,https://www.indiamart.com/proddetail/4x9m-exhibition-stall-fabrication-service-2851183125655.html,4x9m Exhibition Stall Fabrication Service
Event Management,Exhibition Stall Fabrication,exhibition stall fabrication,Exhibition Stall Fabrication Service,APS Projects,Ask Price,APS Projects,+91 99099 58329,info@apsprojects.in,https://apsprojects.in,Ahmedabad,N/A,N/A,https://5.imimg.com/data5/SELLER/Default/2025/8/535304182/KQ/ZX/FV/9895807/exhibition-stall-fabrication-service-250x250.jpg,https://www.indiamart.com/proddetail/exhibition-stall-fabrication-service-2857219016373.html,Exhibition Stall Fabrication Service
Event Management,Exhibition Stall Fabrication,exhibition stall fabrication,Pop Up Exhibition Stall Fabrication Service,Imperial Events,"₹ 5,000",N/A,+91 98250 67687,info@imperialevents.in,https://imperialevents.in,Ahmedabad,N/A,N/A,https://5.imimg.com/data5/SELLER/Default/2023/11/359597470/HM/GS/HS/8496164/exhibition-stall-designing-service-250x250.jpeg,https://www.indiamart.com/proddetail/pop-up-exhibition-stall-fabrication-service-10601276773.html,Pop Up Exhibition Stall Fabrication Service
Event Management,Exhibition Stall Fabrication,exhibition stall fabrication,Exhibition Stall Fabrication Service,Dezine Solution,Ask Price,N/A,99245 23136,info@thedezine.in,https://www.thedezine.in,Vadodara,N/A,N/A,https://5.imimg.com/data5/SELLER/PDFImage/2025/6/523344569/ZC/KD/QQ/2106681/corporate-brochure-250x250.png,https://www.indiamart.com/proddetail/exhibition-stall-fabrication-service-2856824185791.html,Exhibition Stall Fabrication Service
Event Management,Exhibition Stall Fabrication,exhibition stall fabrication,Exhibition Stall Fabricator,Fitpack Packaging,Ask Price,N/A, +91-9314446777,group@fitpackindia.com,https://fitpack.com/,Ahmedabad,N/A,N/A,https://5.imimg.com/data5/SELLER/Default/2025/6/517909781/LA/RL/KM/10784701/43-250x250.jpg,https://www.indiamart.com/proddetail/exhibition-stall-fabricator-2856715832130.html,Exhibition Stall Fabricator
Event Management,Exhibition Stall Fabrication,exhibition stall fabrication,"Wooden Stall Fabrication, exhibition",Insta Swish Enterprise,"₹ 4,000",N/A,+91 70695 32424,info@instaswish.in,https://instaswish.co.in,Gandhinagar,N/A,N/A,https://5.imimg.com/data5/SELLER/Default/2024/9/452017659/OU/PY/FV/60450771/wooden-stall-fabrication-250x250.jpeg,https://www.indiamart.com/proddetail/wooden-stall-fabrication-2854914892512.html,"Wooden Stall Fabrication, exhibition"
Event Management,Exhibition Stall Fabrication,exhibition stall fabrication,Exhibition Stall Fabrication Service,Reworkzone,"₹ 3,000",N/A,+91 89800 04518 (India) ,hello@reworkzone.com ,https://reworkzone.com/contact/,Ahmedabad,N/A,N/A,https://5.imimg.com/data5/SELLER/Default/2026/2/585056384/CQ/VD/RP/31982833/customised-exhibition-stall-250x250.png,https://www.indiamart.com/proddetail/exhibition-stall-fabrication-service-2858839114148.html,Exhibition Stall Fabrication Service
Event Management,Exhibition Stall Fabrication,exhibition stall fabrication,"Exhibition Stall Fabrication Service, 3 side open booth",Symbol Art,"₹ 8,500",N/A,Not Found,Not Found,https://www.indiamart.com › symbol-art › profile.html,Ahmedabad,N/A,N/A,https://5.imimg.com/data5/SELLER/Default/2024/4/407418010/WD/GO/WF/28826653/exhibition-stall-fabrication-service-250x250.jpg,https://www.indiamart.com/proddetail/exhibition-stall-fabrication-service-2853784235833.html,"Exhibition Stall Fabrication Service, 3 side open booth"
Event Management,Exhibition Stall Fabrication,exhibition stall fabrication,"Exhibition Stall Fabrication Service, Pan India, Gujarat",Shubh Enterprise,"₹ 6,500",N/A,Not Found,Not Found,https://www.indiamart.com › shubhenterprise-vadodara,Vadodara,N/A,N/A,https://5.imimg.com/data5/SELLER/Default/2022/12/LI/JT/IS/23933285/exhibition-stall-fabrication-service-250x250.jpg,https://www.indiamart.com/proddetail/exhibition-stall-fabrication-service-2849508744991.html,"Exhibition Stall Fabrication Service, Pan India, Gujarat"
Event Management,Exhibition Stall Fabrication,exhibition stall fabrication,"International Exhibition Stall Fabrication Service, 2 side open booth",Radiant Media Solutions Private Limited,Ask Price,N/A,Not Found,Not Found,IndiaMARThttps://www.indiamart.com › reworkzone › profile.html,Ahmedabad,N/A,N/A,https://5.imimg.com/data5/SELLER/Default/2025/2/491451799/FS/DU/PZ/115255430/international-exhibition-stall-fabrication-service-250x250.jpg,https://www.indiamart.com/proddetail/international-exhibition-stall-fabrication-service-2855841899133.html,"International Exhibition Stall Fabrication Service, 2 side open booth"
Event Management,Exhibition Stall Fabrication,exhibition stall fabrication,"Exhibition Stall Fabrication Service, 2 side open booth",7 Entertainment,Ask Price,N/A,contactsevenentertainment@gmail.com,NA,https://www.7entertainment.in/,Vadodara,N/A,N/A,https://5.imimg.com/data5/SELLER/Default/2024/11/463646939/JE/QA/MA/228262461/exhibition-stall-fabrication-service-250x250.jpg,https://www.indiamart.com/proddetail/exhibition-stall-fabrication-service-2855248550488.html,"Exhibition Stall Fabrication Service, 2 side open booth"
Event Management,Exhibition Stall Fabrication,exhibition stall fabrication,"Exhibition Stall Fabrication Service, 1 side open booth",Jyukh Marketing Pvt. Ltd.,Ask Price,N/A,084690 99911,Not Found,https://www.jyukhmarketing.in/,Ahmedabad,N/A,N/A,https://5.imimg.com/data5/SELLER/Default/2024/9/450144355/MA/IR/CH/8945852/promotional-candies-250x250.jpg,https://www.indiamart.com/proddetail/exhibition-stall-fabrication-service-10824269273.html,"Exhibition Stall Fabrication Service, 1 side open booth"
Event Management,Exhibition Stall Fabrication,exhibition stall fabrication,"Exhibition Stand Design Fabrication Services, 2 side open booth",ADP Associates Private Limited,Ask Price,N/A,090999 70096,NA,http://www.adpassociates.in/,Ahmedabad,N/A,N/A,https://5.imimg.com/data5/SELLER/Default/2024/11/465605387/QV/GA/AC/13226548/exhibition-stand-design-fabrication-services-250x250.jpeg,https://www.indiamart.com/proddetail/exhibition-stand-design-fabrication-services-2855292476573.html,"Exhibition Stand Design Fabrication Services, 2 side open booth"
Event Management,Exhibition Stall Fabrication,exhibition stall fabrication,Exhibition Stall Designer And Fabrication,The Jazz Media,Ask Price,N/A,Not Found,Not Found,https://www.indiamart.com › wallpaper-wala-ahmedabad › aboutus.html,Jamnagar,N/A,N/A,https://5.imimg.com/data5/SELLER/Default/2026/2/582244977/JY/LK/IF/196544279/jindal-textiles-stall-design-file-page-0001-250x250.jpg,https://www.indiamart.com/proddetail/exhibition-stall-designer-and-fabrication-2858783337933.html,Exhibition Stall Designer And Fabrication
Event Management,Exhibition Stall Fabrication,exhibition stall fabrication,Exhibition Stall Fabrication Services,Strivertex,Ask Price,N/A,Not Found,Not Found,https://www.indiamart.com › proddetail,Ahmedabad,N/A,N/A,https://3.imimg.com/data3/FA/ER/MY-4285326/exhibition-stall-fabrication-services-250x250.jpg,https://www.indiamart.com/proddetail/exhibition-stall-fabrication-services-6804885497.html,Exhibition Stall Fabrication Services
Event Management,Exhibition Stall Fabrication,exhibition stall fabrication,Exhibition Stall Fabrication Service,Trade Exposition,Ask Price,N/A,+91 9824 123 643,sanyal@trade-exposition.com,https://trade-exposition.com/,Ahmedabad,N/A,N/A,https://5.imimg.com/data5/AY/CO/MY-47300515/exhibition-stall-fabrication-service-250x250.jpg,https://www.indiamart.com/proddetail/exhibition-stall-fabrication-service-16563194591.html,Exhibition Stall Fabrication Service
Event Management,Exhibition Stall Fabrication,exhibition stall fabrication,Customise Exhibition Stall Fabrication,R V Event Management,"₹ 7,500",N/A,Not Found,Not Found,https://www.risingstarallinone.in,Rajkot,N/A,N/A,https://5.imimg.com/data5/SELLER/Default/2022/4/OR/NU/MO/5822650/corporate-exhibition-stall-fabrication-250x250.jpg,https://www.indiamart.com/proddetail/customise-exhibition-stall-fabrication-22146680930.html,Customise Exhibition Stall Fabrication
Event Management,Exhibition Stall Fabrication,exhibition stall fabrication,Exhibition Stall Fabrication Service,Pyramid Events & Entertainment,Ask Price,N/A,Not Found,Not Found,Website Not Found,Rajkot,N/A,N/A,https://5.imimg.com/data5/WA_9696/Default/2026/4/596276865/GX/AB/JV/5911898/image-1775042274-402-917600522700-250x250.jpeg,https://www.indiamart.com/proddetail/exhibition-stall-fabrication-service-2858933498497.html,Exhibition Stall Fabrication Service
Event Management,Exhibition Stall Fabrication,exhibition stall fabrication,"Product Launching Exhibition Stall Fabrication Service, Pan India",Safal Events & Promotions,Ask Price,N/A,097372 47000,Not Found,http://www.safalevent.com,Rajkot,N/A,N/A,https://5.imimg.com/data5/SELLER/Default/2022/10/BN/QE/FN/28119846/product-launching-exhibition-stall-fabrication-service-250x250.jpg,https://www.indiamart.com/proddetail/product-launching-exhibition-stall-fabrication-service-18994689091.html,"Product Launching Exhibition Stall Fabrication Service, Pan India"
Event Management,Exhibition Stall Fabrication,exhibition stall fabrication,4x9m Exhibition Stall Fabrication Service,Krrish Creation,"₹ 6,000",N/A,+91 98254 74680,krrishcreation@gmail.com,https://krrishcreation.com,Ahmedabad,N/A,N/A,https://5.imimg.com/data5/SELLER/Default/2023/5/307882708/WE/YW/AJ/123450735/exhibition-stalls-fabricators-in-delhi-250x250.jpeg,https://www.indiamart.com/proddetail/4x9m-exhibition-stall-fabrication-service-2851183125655.html,4x9m Exhibition Stall Fabrication Service
Event Management,Exhibition Stall Fabrication,exhibition stall fabrication,Exhibition Stall Fabrication Service,APS Projects,Ask Price,APS Projects,+91 99099 58329,info@apsprojects.in,https://apsprojects.in,Ahmedabad,N/A,N/A,https://5.imimg.com/data5/SELLER/Default/2025/8/535304182/KQ/ZX/FV/9895807/exhibition-stall-fabrication-service-250x250.jpg,https://www.indiamart.com/proddetail/exhibition-stall-fabrication-service-2857219016373.html,Exhibition Stall Fabrication Service
Event Management,Exhibition Stall Fabrication,exhibition stall fabrication,Pop Up Exhibition Stall Fabrication Service,Imperial Events,"₹ 5,000",N/A,+91 98250 67687,info@imperialevents.in,https://imperialevents.in,Ahmedabad,N/A,N/A,https://5.imimg.com/data5/SELLER/Default/2023/11/359597470/HM/GS/HS/8496164/exhibition-stall-designing-service-250x250.jpeg,https://www.indiamart.com/proddetail/pop-up-exhibition-stall-fabrication-service-10601276773.html,Pop Up Exhibition Stall Fabrication Service
Event Management,Exhibition Stall Fabrication,exhibition stall fabrication,Exhibition Stall Fabrication Service,Dezine Solution,Ask Price,N/A,99245 23136,info@thedezine.in,https://www.thedezine.in,Vadodara,N/A,N/A,https://5.imimg.com/data5/SELLER/PDFImage/2025/6/523344569/ZC/KD/QQ/2106681/corporate-brochure-250x250.png,https://www.indiamart.com/proddetail/exhibition-stall-fabrication-service-2856824185791.html,Exhibition Stall Fabrication Service
Event Management,Exhibition Stall Fabrication,exhibition stall fabrication,Exhibition Stall Fabricator,Fitpack Packaging,Ask Price,N/A, +91-9314446777,group@fitpackindia.com,https://fitpack.com/,Ahmedabad,N/A,N/A,https://5.imimg.com/data5/SELLER/Default/2025/6/517909781/LA/RL/KM/10784701/43-250x250.jpg,https://www.indiamart.com/proddetail/exhibition-stall-fabricator-2856715832130.html,Exhibition Stall Fabricator
Event Management,Exhibition Stall Fabrication,exhibition stall fabrication,"Wooden Stall Fabrication, exhibition",Insta Swish Enterprise,"₹ 4,000",N/A,+91 70695 32424,info@instaswish.in,https://instaswish.co.in,Gandhinagar,N/A,N/A,https://5.imimg.com/data5/SELLER/Default/2024/9/452017659/OU/PY/FV/60450771/wooden-stall-fabrication-250x250.jpeg,https://www.indiamart.com/proddetail/wooden-stall-fabrication-2854914892512.html,"Wooden Stall Fabrication, exhibition"
Event Management,Exhibition Stall Fabrication,exhibition stall fabrication,Exhibition Stall Fabrication Service,Reworkzone,"₹ 3,000",N/A,+91 89800 04518 (India) ,hello@reworkzone.com ,https://reworkzone.com/contact/,Ahmedabad,N/A,N/A,https://5.imimg.com/data5/SELLER/Default/2026/2/585056384/CQ/VD/RP/31982833/customised-exhibition-stall-250x250.png,https://www.indiamart.com/proddetail/exhibition-stall-fabrication-service-2858839114148.html,Exhibition Stall Fabrication Service
Event Management,Exhibition Stall Fabrication,exhibition stall fabrication,"Exhibition Stall Fabrication Service, 3 side open booth",Symbol Art,"₹ 8,500",N/A,Not Found,Not Found,https://www.indiamart.com › symbol-art › profile.html,Ahmedabad,N/A,N/A,https://5.imimg.com/data5/SELLER/Default/2024/4/407418010/WD/GO/WF/28826653/exhibition-stall-fabrication-service-250x250.jpg,https://www.indiamart.com/proddetail/exhibition-stall-fabrication-service-2853784235833.html,"Exhibition Stall Fabrication Service, 3 side open booth"
Event Management,Exhibition Stall Fabrication,exhibition stall fabrication,"Exhibition Stall Fabrication Service, Pan India, Gujarat",Shubh Enterprise,"₹ 6,500",N/A,Not Found,Not Found,https://www.indiamart.com › shubhenterprise-vadodara,Vadodara,N/A,N/A,https://5.imimg.com/data5/SELLER/Default/2022/12/LI/JT/IS/23933285/exhibition-stall-fabrication-service-250x250.jpg,https://www.indiamart.com/proddetail/exhibition-stall-fabrication-service-2849508744991.html,"Exhibition Stall Fabrication Service, Pan India, Gujarat"
Event Management,Exhibition Stall Fabrication,exhibition stall fabrication,"International Exhibition Stall Fabrication Service, 2 side open booth",Radiant Media Solutions Private Limited,Ask Price,N/A,Not Found,Not Found,IndiaMARThttps://www.indiamart.com › reworkzone › profile.html,Ahmedabad,N/A,N/A,https://5.imimg.com/data5/SELLER/Default/2025/2/491451799/FS/DU/PZ/115255430/international-exhibition-stall-fabrication-service-250x250.jpg,https://www.indiamart.com/proddetail/international-exhibition-stall-fabrication-service-2855841899133.html,"International Exhibition Stall Fabrication Service, 2 side open booth"
Event Management,Exhibition Stall Fabrication,exhibition stall fabrication,"Exhibition Stall Fabrication Service, 2 side open booth",7 Entertainment,Ask Price,N/A,contactsevenentertainment@gmail.com,NA,https://www.7entertainment.in/,Vadodara,N/A,N/A,https://5.imimg.com/data5/SELLER/Default/2024/11/463646939/JE/QA/MA/228262461/exhibition-stall-fabrication-service-250x250.jpg,https://www.indiamart.com/proddetail/exhibition-stall-fabrication-service-2855248550488.html,"Exhibition Stall Fabrication Service, 2 side open booth"
Event Management,Exhibition Stall Fabrication,exhibition stall fabrication,"Exhibition Stall Fabrication Service, 1 side open booth",Jyukh Marketing Pvt. Ltd.,Ask Price,N/A,084690 99911,Not Found,https://www.jyukhmarketing.in/,Ahmedabad,N/A,N/A,https://5.imimg.com/data5/SELLER/Default/2024/9/450144355/MA/IR/CH/8945852/promotional-candies-250x250.jpg,https://www.indiamart.com/proddetail/exhibition-stall-fabrication-service-10824269273.html,"Exhibition Stall Fabrication Service, 1 side open booth"
Event Management,Exhibition Stall Fabrication,exhibition stall fabrication,"Exhibition Stand Design Fabrication Services, 2 side open booth",ADP Associates Private Limited,Ask Price,N/A,090999 70096,NA,http://www.adpassociates.in/,Ahmedabad,N/A,N/A,https://5.imimg.com/data5/SELLER/Default/2024/11/465605387/QV/GA/AC/13226548/exhibition-stand-design-fabrication-services-250x250.jpeg,https://www.indiamart.com/proddetail/exhibition-stand-design-fabrication-services-2855292476573.html,"Exhibition Stand Design Fabrication Services, 2 side open booth"
Event Management,Exhibition Stall Fabrication,exhibition stall fabrication,Exhibition Stall Designer And Fabrication,The Jazz Media,Ask Price,N/A,Not Found,Not Found,https://www.indiamart.com › wallpaper-wala-ahmedabad › aboutus.html,Jamnagar,N/A,N/A,https://5.imimg.com/data5/SELLER/Default/2026/2/582244977/JY/LK/IF/196544279/jindal-textiles-stall-design-file-page-0001-250x250.jpg,https://www.indiamart.com/proddetail/exhibition-stall-designer-and-fabrication-2858783337933.html,Exhibition Stall Designer And Fabrication
Event Management,Exhibition Stall Fabrication,exhibition stall fabrication,Exhibition Stall Fabrication Services,Strivertex,Ask Price,N/A,Not Found,Not Found,https://www.indiamart.com › proddetail,Ahmedabad,N/A,N/A,https://3.imimg.com/data3/FA/ER/MY-4285326/exhibition-stall-fabrication-services-250x250.jpg,https://www.indiamart.com/proddetail/exhibition-stall-fabrication-services-6804885497.html,Exhibition Stall Fabrication Services
Event Management,Exhibition Stall Fabrication,exhibition stall fabrication,Exhibition Stall Fabrication Service,Trade Exposition,Ask Price,N/A,+91 9824 123 643,sanyal@trade-exposition.com,https://trade-exposition.com/,Ahmedabad,N/A,N/A,https://5.imimg.com/data5/AY/CO/MY-47300515/exhibition-stall-fabrication-service-250x250.jpg,https://www.indiamart.com/proddetail/exhibition-stall-fabrication-service-16563194591.html,Exhibition Stall Fabrication Service
Event Management,Exhibition Stall Fabrication,exhibition stall fabrication,Customise Exhibition Stall Fabrication,R V Event Management,"₹ 7,500",N/A,Not Found,Not Found,https://www.risingstarallinone.in,Rajkot,N/A,N/A,https://5.imimg.com/data5/SELLER/Default/2022/4/OR/NU/MO/5822650/corporate-exhibition-stall-fabrication-250x250.jpg,https://www.indiamart.com/proddetail/customise-exhibition-stall-fabrication-22146680930.html,Customise Exhibition Stall Fabrication
Event Management,Exhibition Stall Fabrication,exhibition stall fabrication,Exhibition Stall Fabrication Service,Pyramid Events & Entertainment,Ask Price,N/A,Not Found,Not Found,Website Not Found,Rajkot,N/A,N/A,https://5.imimg.com/data5/WA_9696/Default/2026/4/596276865/GX/AB/JV/5911898/image-1775042274-402-917600522700-250x250.jpeg,https://www.indiamart.com/proddetail/exhibition-stall-fabrication-service-2858933498497.html,Exhibition Stall Fabrication Service
Event Management,Exhibition Stall Fabrication,exhibition stall fabrication,"Product Launching Exhibition Stall Fabrication Service, Pan India",Safal Events & Promotions,Ask Price,N/A,097372 47000,Not Found,http://www.safalevent.com,Rajkot,N/A,N/A,https://5.imimg.com/data5/SELLER/Default/2022/10/BN/QE/FN/28119846/product-launching-exhibition-stall-fabrication-service-250x250.jpg,https://www.indiamart.com/proddetail/product-launching-exhibition-stall-fabrication-service-18994689091.html,"Product Launching Exhibition Stall Fabrication Service, Pan India"
Event Management,Exhibition Stall Fabrication,exhibition stall fabrication,4x9m Exhibition Stall Fabrication Service,Krrish Creation,"₹ 6,000",N/A,+91 98254 74680,krrishcreation@gmail.com,https://krrishcreation.com,Ahmedabad,N/A,N/A,https://5.imimg.com/data5/SELLER/Default/2023/5/307882708/WE/YW/AJ/123450735/exhibition-stalls-fabricators-in-delhi-250x250.jpeg,https://www.indiamart.com/proddetail/4x9m-exhibition-stall-fabrication-service-2851183125655.html,4x9m Exhibition Stall Fabrication Service
Event Management,Exhibition Stall Fabrication,exhibition stall fabrication,Exhibition Stall Fabrication Service,APS Projects,Ask Price,APS Projects,+91 99099 58329,info@apsprojects.in,https://apsprojects.in,Ahmedabad,N/A,N/A,https://5.imimg.com/data5/SELLER/Default/2025/8/535304182/KQ/ZX/FV/9895807/exhibition-stall-fabrication-service-250x250.jpg,https://www.indiamart.com/proddetail/exhibition-stall-fabrication-service-2857219016373.html,Exhibition Stall Fabrication Service
Event Management,Exhibition Stall Fabrication,exhibition stall fabrication,Pop Up Exhibition Stall Fabrication Service,Imperial Events,"₹ 5,000",N/A,+91 98250 67687,info@imperialevents.in,https://imperialevents.in,Ahmedabad,N/A,N/A,https://5.imimg.com/data5/SELLER/Default/2023/11/359597470/HM/GS/HS/8496164/exhibition-stall-designing-service-250x250.jpeg,https://www.indiamart.com/proddetail/pop-up-exhibition-stall-fabrication-service-10601276773.html,Pop Up Exhibition Stall Fabrication Service
Event Management,Exhibition Stall Fabrication,exhibition stall fabrication,Exhibition Stall Fabrication Service,Dezine Solution,Ask Price,N/A,99245 23136,info@thedezine.in,https://www.thedezine.in,Vadodara,N/A,N/A,https://5.imimg.com/data5/SELLER/PDFImage/2025/6/523344569/ZC/KD/QQ/2106681/corporate-brochure-250x250.png,https://www.indiamart.com/proddetail/exhibition-stall-fabrication-service-2856824185791.html,Exhibition Stall Fabrication Service
Event Management,Exhibition Stall Fabrication,exhibition stall fabrication,Exhibition Stall Fabricator,Fitpack Packaging,Ask Price,N/A, +91-9314446777,group@fitpackindia.com,https://fitpack.com/,Ahmedabad,N/A,N/A,https://5.imimg.com/data5/SELLER/Default/2025/6/517909781/LA/RL/KM/10784701/43-250x250.jpg,https://www.indiamart.com/proddetail/exhibition-stall-fabricator-2856715832130.html,Exhibition Stall Fabricator
Event Management,Exhibition Stall Fabrication,exhibition stall fabrication,"Wooden Stall Fabrication, exhibition",Insta Swish Enterprise,"₹ 4,000",N/A,+91 70695 32424,info@instaswish.in,https://instaswish.co.in,Gandhinagar,N/A,N/A,https://5.imimg.com/data5/SELLER/Default/2024/9/452017659/OU/PY/FV/60450771/wooden-stall-fabrication-250x250.jpeg,https://www.indiamart.com/proddetail/wooden-stall-fabrication-2854914892512.html,"Wooden Stall Fabrication, exhibition"
Event Management,Exhibition Stall Fabrication,exhibition stall fabrication,Exhibition Stall Fabrication Service,Reworkzone,"₹ 3,000",N/A,+91 89800 04518 (India) ,hello@reworkzone.com ,https://reworkzone.com/contact/,Ahmedabad,N/A,N/A,https://5.imimg.com/data5/SELLER/Default/2026/2/585056384/CQ/VD/RP/31982833/customised-exhibition-stall-250x250.png,https://www.indiamart.com/proddetail/exhibition-stall-fabrication-service-2858839114148.html,Exhibition Stall Fabrication Service
Event Management,Exhibition Stall Fabrication,exhibition stall fabrication,"Exhibition Stall Fabrication Service, 3 side open booth",Symbol Art,"₹ 8,500",N/A,Not Found,Not Found,https://www.indiamart.com › symbol-art › profile.html,Ahmedabad,N/A,N/A,https://5.imimg.com/data5/SELLER/Default/2024/4/407418010/WD/GO/WF/28826653/exhibition-stall-fabrication-service-250x250.jpg,https://www.indiamart.com/proddetail/exhibition-stall-fabrication-service-2853784235833.html,"Exhibition Stall Fabrication Service, 3 side open booth"
Event Management,Exhibition Stall Fabrication,exhibition stall fabrication,"Exhibition Stall Fabrication Service, Pan India, Gujarat",Shubh Enterprise,"₹ 6,500",N/A,Not Found,Not Found,https://www.indiamart.com › shubhenterprise-vadodara,Vadodara,N/A,N/A,https://5.imimg.com/data5/SELLER/Default/2022/12/LI/JT/IS/23933285/exhibition-stall-fabrication-service-250x250.jpg,https://www.indiamart.com/proddetail/exhibition-stall-fabrication-service-2849508744991.html,"Exhibition Stall Fabrication Service, Pan India, Gujarat"
Event Management,Exhibition Stall Fabrication,exhibition stall fabrication,"International Exhibition Stall Fabrication Service, 2 side open booth",Radiant Media Solutions Private Limited,Ask Price,N/A,Not Found,Not Found,IndiaMARThttps://www.indiamart.com › reworkzone › profile.html,Ahmedabad,N/A,N/A,https://5.imimg.com/data5/SELLER/Default/2025/2/491451799/FS/DU/PZ/115255430/international-exhibition-stall-fabrication-service-250x250.jpg,https://www.indiamart.com/proddetail/international-exhibition-stall-fabrication-service-2855841899133.html,"International Exhibition Stall Fabrication Service, 2 side open booth"
Event Management,Exhibition Stall Fabrication,exhibition stall fabrication,"Exhibition Stall Fabrication Service, 2 side open booth",7 Entertainment,Ask Price,N/A,contactsevenentertainment@gmail.com,NA,https://www.7entertainment.in/,Vadodara,N/A,N/A,https://5.imimg.com/data5/SELLER/Default/2024/11/463646939/JE/QA/MA/228262461/exhibition-stall-fabrication-service-250x250.jpg,https://www.indiamart.com/proddetail/exhibition-stall-fabrication-service-2855248550488.html,"Exhibition Stall Fabrication Service, 2 side open booth"
Event Management,Exhibition Stall Fabrication,exhibition stall fabrication,"Exhibition Stall Fabrication Service, 1 side open booth",Jyukh Marketing Pvt. Ltd.,Ask Price,N/A,084690 99911,Not Found,https://www.jyukhmarketing.in/,Ahmedabad,N/A,N/A,https://5.imimg.com/data5/SELLER/Default/2024/9/450144355/MA/IR/CH/8945852/promotional-candies-250x250.jpg,https://www.indiamart.com/proddetail/exhibition-stall-fabrication-service-10824269273.html,"Exhibition Stall Fabrication Service, 1 side open booth"
Event Management,Exhibition Stall Fabrication,exhibition stall fabrication,"Exhibition Stand Design Fabrication Services, 2 side open booth",ADP Associates Private Limited,Ask Price,N/A,090999 70096,NA,http://www.adpassociates.in/,Ahmedabad,N/A,N/A,https://5.imimg.com/data5/SELLER/Default/2024/11/465605387/QV/GA/AC/13226548/exhibition-stand-design-fabrication-services-250x250.jpeg,https://www.indiamart.com/proddetail/exhibition-stand-design-fabrication-services-2855292476573.html,"Exhibition Stand Design Fabrication Services, 2 side open booth"
Event Management,Exhibition Stall Fabrication,exhibition stall fabrication,Exhibition Stall Designer And Fabrication,The Jazz Media,Ask Price,N/A,Not Found,Not Found,https://www.indiamart.com › wallpaper-wala-ahmedabad › aboutus.html,Jamnagar,N/A,N/A,https://5.imimg.com/data5/SELLER/Default/2026/2/582244977/JY/LK/IF/196544279/jindal-textiles-stall-design-file-page-0001-250x250.jpg,https://www.indiamart.com/proddetail/exhibition-stall-designer-and-fabrication-2858783337933.html,Exhibition Stall Designer And Fabrication
Event Management,Exhibition Stall Fabrication,exhibition stall fabrication,Exhibition Stall Fabrication Services,Strivertex,Ask Price,N/A,Not Found,Not Found,https://www.indiamart.com › proddetail,Ahmedabad,N/A,N/A,https://3.imimg.com/data3/FA/ER/MY-4285326/exhibition-stall-fabrication-services-250x250.jpg,https://www.indiamart.com/proddetail/exhibition-stall-fabrication-services-6804885497.html,Exhibition Stall Fabrication Services
Event Management,Exhibition Stall Fabrication,exhibition stall fabrication,Exhibition Stall Fabrication Service,Trade Exposition,Ask Price,N/A,+91 9824 123 643,sanyal@trade-exposition.com,https://trade-exposition.com/,Ahmedabad,N/A,N/A,https://5.imimg.com/data5/AY/CO/MY-47300515/exhibition-stall-fabrication-service-250x250.jpg,https://www.indiamart.com/proddetail/exhibition-stall-fabrication-service-16563194591.html,Exhibition Stall Fabrication Service
Event Management,Exhibition Stall Fabrication,exhibition stall fabrication,Customise Exhibition Stall Fabrication,R V Event Management,"₹ 7,500",N/A,Not Found,Not Found,https://www.risingstarallinone.in,Rajkot,N/A,N/A,https://5.imimg.com/data5/SELLER/Default/2022/4/OR/NU/MO/5822650/corporate-exhibition-stall-fabrication-250x250.jpg,https://www.indiamart.com/proddetail/customise-exhibition-stall-fabrication-22146680930.html,Customise Exhibition Stall Fabrication
Event Management,Exhibition Stall Fabrication,exhibition stall fabrication,Exhibition Stall Fabrication Service,Pyramid Events & Entertainment,Ask Price,N/A,Not Found,Not Found,Website Not Found,Rajkot,N/A,N/A,https://5.imimg.com/data5/WA_9696/Default/2026/4/596276865/GX/AB/JV/5911898/image-1775042274-402-917600522700-250x250.jpeg,https://www.indiamart.com/proddetail/exhibition-stall-fabrication-service-2858933498497.html,Exhibition Stall Fabrication Service
Event Management,Exhibition Stall Fabrication,exhibition stall fabrication,"Product Launching Exhibition Stall Fabrication Service, Pan India",Safal Events & Promotions,Ask Price,N/A,097372 47000,Not Found,http://www.safalevent.com,Rajkot,N/A,N/A,https://5.imimg.com/data5/SELLER/Default/2022/10/BN/QE/FN/28119846/product-launching-exhibition-stall-fabrication-service-250x250.jpg,https://www.indiamart.com/proddetail/product-launching-exhibition-stall-fabrication-service-18994689091.html,"Product Launching Exhibition Stall Fabrication Service, Pan India"
Event Management,Exhibition Stall Fabrication,exhibition stall fabrication,4x9m Exhibition Stall Fabrication Service,Krrish Creation,"₹ 6,000",N/A,+91 98254 74680,krrishcreation@gmail.com,https://krrishcreation.com,Ahmedabad,N/A,N/A,https://5.imimg.com/data5/SELLER/Default/2023/5/307882708/WE/YW/AJ/123450735/exhibition-stalls-fabricators-in-delhi-250x250.jpeg,https://www.indiamart.com/proddetail/4x9m-exhibition-stall-fabrication-service-2851183125655.html,4x9m Exhibition Stall Fabrication Service
Event Management,Exhibition Stall Fabrication,exhibition stall fabrication,Exhibition Stall Fabrication Service,APS Projects,Ask Price,APS Projects,+91 99099 58329,info@apsprojects.in,https://apsprojects.in,Ahmedabad,N/A,N/A,https://5.imimg.com/data5/SELLER/Default/2025/8/535304182/KQ/ZX/FV/9895807/exhibition-stall-fabrication-service-250x250.jpg,https://www.indiamart.com/proddetail/exhibition-stall-fabrication-service-2857219016373.html,Exhibition Stall Fabrication Service
Event Management,Exhibition Stall Fabrication,exhibition stall fabrication,Pop Up Exhibition Stall Fabrication Service,Imperial Events,"₹ 5,000",N/A,+91 98250 67687,info@imperialevents.in,https://imperialevents.in,Ahmedabad,N/A,N/A,https://5.imimg.com/data5/SELLER/Default/2023/11/359597470/HM/GS/HS/8496164/exhibition-stall-designing-service-250x250.jpeg,https://www.indiamart.com/proddetail/pop-up-exhibition-stall-fabrication-service-10601276773.html,Pop Up Exhibition Stall Fabrication Service
Event Management,Exhibition Stall Fabrication,exhibition stall fabrication,Exhibition Stall Fabrication Service,Dezine Solution,Ask Price,N/A,99245 23136,info@thedezine.in,https://www.thedezine.in,Vadodara,N/A,N/A,https://5.imimg.com/data5/SELLER/PDFImage/2025/6/523344569/ZC/KD/QQ/2106681/corporate-brochure-250x250.png,https://www.indiamart.com/proddetail/exhibition-stall-fabrication-service-2856824185791.html,Exhibition Stall Fabrication Service
Event Management,Exhibition Stall Fabrication,exhibition stall fabrication,Exhibition Stall Fabricator,Fitpack Packaging,Ask Price,N/A, +91-9314446777,group@fitpackindia.com,https://fitpack.com/,Ahmedabad,N/A,N/A,https://5.imimg.com/data5/SELLER/Default/2025/6/517909781/LA/RL/KM/10784701/43-250x250.jpg,https://www.indiamart.com/proddetail/exhibition-stall-fabricator-2856715832130.html,Exhibition Stall Fabricator
Event Management,Exhibition Stall Fabrication,exhibition stall fabrication,"Wooden Stall Fabrication, exhibition",Insta Swish Enterprise,"₹ 4,000",N/A,+91 70695 32424,info@instaswish.in,https://instaswish.co.in,Gandhinagar,N/A,N/A,https://5.imimg.com/data5/SELLER/Default/2024/9/452017659/OU/PY/FV/60450771/wooden-stall-fabrication-250x250.jpeg,https://www.indiamart.com/proddetail/wooden-stall-fabrication-2854914892512.html,"Wooden Stall Fabrication, exhibition"
Event Management,Exhibition Stall Fabrication,exhibition stall fabrication,Exhibition Stall Fabrication Service,Reworkzone,"₹ 3,000",N/A,+91 89800 04518 (India) ,hello@reworkzone.com ,https://reworkzone.com/contact/,Ahmedabad,N/A,N/A,https://5.imimg.com/data5/SELLER/Default/2026/2/585056384/CQ/VD/RP/31982833/customised-exhibition-stall-250x250.png,https://www.indiamart.com/proddetail/exhibition-stall-fabrication-service-2858839114148.html,Exhibition Stall Fabrication Service
Event Management,Exhibition Stall Fabrication,exhibition stall fabrication,"Exhibition Stall Fabrication Service, 3 side open booth",Symbol Art,"₹ 8,500",N/A,Not Found,Not Found,https://www.indiamart.com › symbol-art › profile.html,Ahmedabad,N/A,N/A,https://5.imimg.com/data5/SELLER/Default/2024/4/407418010/WD/GO/WF/28826653/exhibition-stall-fabrication-service-250x250.jpg,https://www.indiamart.com/proddetail/exhibition-stall-fabrication-service-2853784235833.html,"Exhibition Stall Fabrication Service, 3 side open booth"
Event Management,Exhibition Stall Fabrication,exhibition stall fabrication,"Exhibition Stall Fabrication Service, Pan India, Gujarat",Shubh Enterprise,"₹ 6,500",N/A,Not Found,Not Found,https://www.indiamart.com › shubhenterprise-vadodara,Vadodara,N/A,N/A,https://5.imimg.com/data5/SELLER/Default/2022/12/LI/JT/IS/23933285/exhibition-stall-fabrication-service-250x250.jpg,https://www.indiamart.com/proddetail/exhibition-stall-fabrication-service-2849508744991.html,"Exhibition Stall Fabrication Service, Pan India, Gujarat"
Event Management,Exhibition Stall Fabrication,exhibition stall fabrication,"International Exhibition Stall Fabrication Service, 2 side open booth",Radiant Media Solutions Private Limited,Ask Price,N/A,Not Found,Not Found,IndiaMARThttps://www.indiamart.com › reworkzone › profile.html,Ahmedabad,N/A,N/A,https://5.imimg.com/data5/SELLER/Default/2025/2/491451799/FS/DU/PZ/115255430/international-exhibition-stall-fabrication-service-250x250.jpg,https://www.indiamart.com/proddetail/international-exhibition-stall-fabrication-service-2855841899133.html,"International Exhibition Stall Fabrication Service, 2 side open booth"
Event Management,Exhibition Stall Fabrication,exhibition stall fabrication,"Exhibition Stall Fabrication Service, 2 side open booth",7 Entertainment,Ask Price,N/A,contactsevenentertainment@gmail.com,NA,https://www.7entertainment.in/,Vadodara,N/A,N/A,https://5.imimg.com/data5/SELLER/Default/2024/11/463646939/JE/QA/MA/228262461/exhibition-stall-fabrication-service-250x250.jpg,https://www.indiamart.com/proddetail/exhibition-stall-fabrication-service-2855248550488.html,"Exhibition Stall Fabrication Service, 2 side open booth"
Event Management,Exhibition Stall Fabrication,exhibition stall fabrication,"Exhibition Stall Fabrication Service, 1 side open booth",Jyukh Marketing Pvt. Ltd.,Ask Price,N/A,084690 99911,Not Found,https://www.jyukhmarketing.in/,Ahmedabad,N/A,N/A,https://5.imimg.com/data5/SELLER/Default/2024/9/450144355/MA/IR/CH/8945852/promotional-candies-250x250.jpg,https://www.indiamart.com/proddetail/exhibition-stall-fabrication-service-10824269273.html,"Exhibition Stall Fabrication Service, 1 side open booth"
Event Management,Exhibition Stall Fabrication,exhibition stall fabrication,"Exhibition Stand Design Fabrication Services, 2 side open booth",ADP Associates Private Limited,Ask Price,N/A,090999 70096,NA,http://www.adpassociates.in/,Ahmedabad,N/A,N/A,https://5.imimg.com/data5/SELLER/Default/2024/11/465605387/QV/GA/AC/13226548/exhibition-stand-design-fabrication-services-250x250.jpeg,https://www.indiamart.com/proddetail/exhibition-stand-design-fabrication-services-2855292476573.html,"Exhibition Stand Design Fabrication Services, 2 side open booth"
Event Management,Exhibition Stall Fabrication,exhibition stall fabrication,Exhibition Stall Designer And Fabrication,The Jazz Media,Ask Price,N/A,Not Found,Not Found,https://www.indiamart.com › wallpaper-wala-ahmedabad › aboutus.html,Jamnagar,N/A,N/A,https://5.imimg.com/data5/SELLER/Default/2026/2/582244977/JY/LK/IF/196544279/jindal-textiles-stall-design-file-page-0001-250x250.jpg,https://www.indiamart.com/proddetail/exhibition-stall-designer-and-fabrication-2858783337933.html,Exhibition Stall Designer And Fabrication
Event Management,Exhibition Stall Fabrication,exhibition stall fabrication,Exhibition Stall Fabrication Services,Strivertex,Ask Price,N/A,Not Found,Not Found,https://www.indiamart.com › proddetail,Ahmedabad,N/A,N/A,https://3.imimg.com/data3/FA/ER/MY-4285326/exhibition-stall-fabrication-services-250x250.jpg,https://www.indiamart.com/proddetail/exhibition-stall-fabrication-services-6804885497.html,Exhibition Stall Fabrication Services
Event Management,Exhibition Stall Fabrication,exhibition stall fabrication,Exhibition Stall Fabrication Service,Trade Exposition,Ask Price,N/A,+91 9824 123 643,sanyal@trade-exposition.com,https://trade-exposition.com/,Ahmedabad,N/A,N/A,https://5.imimg.com/data5/AY/CO/MY-47300515/exhibition-stall-fabrication-service-250x250.jpg,https://www.indiamart.com/proddetail/exhibition-stall-fabrication-service-16563194591.html,Exhibition Stall Fabrication Service
Facility Management,Housekeeping Services,housekeeping services,Cleaning Housekeeping Manpower Service,Samrat Security Force,Ask Price,N/A,Not Found,Not Found,https://www.indiamart.com › samratsecurity-force-rajkot,Rajkot,N/A,N/A,https://5.imimg.com/data5/SELLER/Default/2025/10/552915893/XE/FP/DJ/197498931/house-cleaning-service-250x250.jpg,https://www.indiamart.com/proddetail/housekeeping-manpower-service-2857574996297.html,Cleaning Housekeeping Manpower Service
Facility Management,Housekeeping Services,housekeeping services,Swachh Safar - On Board Housekeeping Service Monitoring Application,Skydot Infotech,Ask Price,N/A,Not Found,Not Found,https://skydotinfotech.com › about,Rajkot,N/A,N/A,https://5.imimg.com/data5/SELLER/Default/2025/10/553389626/FZ/NJ/OO/57325049/swachh-swafar-brochure-250x250.jpg,https://www.indiamart.com/proddetail/swachh-safar-on-board-housekeeping-service-monitoring-application-2857726025255.html,Swachh Safar - On Board Housekeeping Service Monitoring Application
Facility Management,Housekeeping Services,housekeeping services,Manpower Housekeeping Service,Mayank Enterprise,"₹ 18,000",/Month,8047619231,Contact Form Available,https://www.mayankenterprise.co.in,Ahmedabad,N/A,N/A,https://5.imimg.com/data5/SELLER/Default/2024/9/451157239/UY/UC/IP/120752142/manpower-housekeeping-service-250x250.jpg,https://www.indiamart.com/proddetail/manpower-housekeeping-service-2854893675462.html,Manpower Housekeeping Service
Facility Management,Housekeeping Services,housekeeping services,Housekeeping Staff Service,Keydus Management Service (OPC) Private Limited,"₹ 18,000",/Month,Not Found,Not Found,Not Found,Ahmedabad,N/A,N/A,https://5.imimg.com/data5/ANDROID/Default/2025/1/485154263/OD/SU/BT/55783200/product-jpeg-250x250.jpg,https://www.indiamart.com/proddetail/housekeeping-staff-service-2855713299688.html,Housekeeping Staff Service
Facility Management,Housekeeping Services,housekeeping services,Cleaning Housekeeping Manpower Services,MM Enterprise,₹ 600,/Day,"+91 96385 30091, +91 93779 77979",mmenterprise999@gmail.com,https://www.mmstalldesigner.com,Ahmedabad,N/A,N/A,https://5.imimg.com/data5/SELLER/Default/2025/4/501560374/YA/SB/XW/192649993/housekeeping-manpower-services-250x250.jpeg,https://www.indiamart.com/proddetail/housekeeping-manpower-services-2854735785191.html,Cleaning Housekeeping Manpower Services
Facility Management,Housekeeping Services,housekeeping services,Cleaning Housekeeping Manpower Service,Samrat Security Force,Ask Price,N/A,Not Found,Not Found,https://www.indiamart.com › samratsecurity-force-rajkot,Rajkot,N/A,N/A,https://5.imimg.com/data5/SELLER/Default/2025/10/552915893/XE/FP/DJ/197498931/house-cleaning-service-250x250.jpg,https://www.indiamart.com/proddetail/housekeeping-manpower-service-2857574996297.html,Cleaning Housekeeping Manpower Service
Facility Management,Housekeeping Services,housekeeping services,Swachh Safar - On Board Housekeeping Service Monitoring Application,Skydot Infotech,Ask Price,N/A,Not Found,Not Found,https://skydotinfotech.com › about,Rajkot,N/A,N/A,https://5.imimg.com/data5/SELLER/Default/2025/10/553389626/FZ/NJ/OO/57325049/swachh-swafar-brochure-250x250.jpg,https://www.indiamart.com/proddetail/swachh-safar-on-board-housekeeping-service-monitoring-application-2857726025255.html,Swachh Safar - On Board Housekeeping Service Monitoring Application
Facility Management,Housekeeping Services,housekeeping services,Manpower Housekeeping Service,Mayank Enterprise,"₹ 18,000",/Month,8047619231,Contact Form Available,https://www.mayankenterprise.co.in,Ahmedabad,N/A,N/A,https://5.imimg.com/data5/SELLER/Default/2024/9/451157239/UY/UC/IP/120752142/manpower-housekeeping-service-250x250.jpg,https://www.indiamart.com/proddetail/manpower-housekeeping-service-2854893675462.html,Manpower Housekeeping Service
Facility Management,Housekeeping Services,housekeeping services,Housekeeping Staff Service,Keydus Management Service (OPC) Private Limited,"₹ 18,000",/Month,Not Found,Not Found,Not Found,Ahmedabad,N/A,N/A,https://5.imimg.com/data5/ANDROID/Default/2025/1/485154263/OD/SU/BT/55783200/product-jpeg-250x250.jpg,https://www.indiamart.com/proddetail/housekeeping-staff-service-2855713299688.html,Housekeeping Staff Service
Facility Management,Housekeeping Services,housekeeping services,Cleaning Housekeeping Manpower Services,MM Enterprise,₹ 600,/Day,"+91 96385 30091, +91 93779 77979",mmenterprise999@gmail.com,https://www.mmstalldesigner.com,Ahmedabad,N/A,N/A,https://5.imimg.com/data5/SELLER/Default/2025/4/501560374/YA/SB/XW/192649993/housekeeping-manpower-services-250x250.jpeg,https://www.indiamart.com/proddetail/housekeeping-manpower-services-2854735785191.html,Cleaning Housekeeping Manpower Services
Facility Management,Housekeeping Services,housekeeping services,Cleaning Housekeeping Manpower Service,Samrat Security Force,Ask Price,N/A,Not Found,Not Found,https://www.indiamart.com › samratsecurity-force-rajkot,Rajkot,N/A,N/A,https://5.imimg.com/data5/SELLER/Default/2025/10/552915893/XE/FP/DJ/197498931/house-cleaning-service-250x250.jpg,https://www.indiamart.com/proddetail/housekeeping-manpower-service-2857574996297.html,Cleaning Housekeeping Manpower Service
Facility Management,Housekeeping Services,housekeeping services,Swachh Safar - On Board Housekeeping Service Monitoring Application,Skydot Infotech,Ask Price,N/A,Not Found,Not Found,https://skydotinfotech.com › about,Rajkot,N/A,N/A,https://5.imimg.com/data5/SELLER/Default/2025/10/553389626/FZ/NJ/OO/57325049/swachh-swafar-brochure-250x250.jpg,https://www.indiamart.com/proddetail/swachh-safar-on-board-housekeeping-service-monitoring-application-2857726025255.html,Swachh Safar - On Board Housekeeping Service Monitoring Application
Facility Management,Housekeeping Services,housekeeping services,Manpower Housekeeping Service,Mayank Enterprise,"₹ 18,000",/Month,8047619231,Contact Form Available,https://www.mayankenterprise.co.in,Ahmedabad,N/A,N/A,https://5.imimg.com/data5/SELLER/Default/2024/9/451157239/UY/UC/IP/120752142/manpower-housekeeping-service-250x250.jpg,https://www.indiamart.com/proddetail/manpower-housekeeping-service-2854893675462.html,Manpower Housekeeping Service
Facility Management,Housekeeping Services,housekeeping services,Housekeeping Staff Service,Keydus Management Service (OPC) Private Limited,"₹ 18,000",/Month,Not Found,Not Found,Not Found,Ahmedabad,N/A,N/A,https://5.imimg.com/data5/ANDROID/Default/2025/1/485154263/OD/SU/BT/55783200/product-jpeg-250x250.jpg,https://www.indiamart.com/proddetail/housekeeping-staff-service-2855713299688.html,Housekeeping Staff Service
Facility Management,Housekeeping Services,housekeeping services,Cleaning Housekeeping Manpower Services,MM Enterprise,₹ 600,/Day,"+91 96385 30091, +91 93779 77979",mmenterprise999@gmail.com,https://www.mmstalldesigner.com,Ahmedabad,N/A,N/A,https://5.imimg.com/data5/SELLER/Default/2025/4/501560374/YA/SB/XW/192649993/housekeeping-manpower-services-250x250.jpeg,https://www.indiamart.com/proddetail/housekeeping-manpower-services-2854735785191.html,Cleaning Housekeeping Manpower Services
Facility Management,Housekeeping Services,housekeeping services,Cleaning Housekeeping Manpower Service,Samrat Security Force,Ask Price,N/A,Not Found,Not Found,https://www.indiamart.com › samratsecurity-force-rajkot,Rajkot,N/A,N/A,https://5.imimg.com/data5/SELLER/Default/2025/10/552915893/XE/FP/DJ/197498931/house-cleaning-service-250x250.jpg,https://www.indiamart.com/proddetail/housekeeping-manpower-service-2857574996297.html,Cleaning Housekeeping Manpower Service
Facility Management,Housekeeping Services,housekeeping services,Swachh Safar - On Board Housekeeping Service Monitoring Application,Skydot Infotech,Ask Price,N/A,Not Found,Not Found,https://skydotinfotech.com › about,Rajkot,N/A,N/A,https://5.imimg.com/data5/SELLER/Default/2025/10/553389626/FZ/NJ/OO/57325049/swachh-swafar-brochure-250x250.jpg,https://www.indiamart.com/proddetail/swachh-safar-on-board-housekeeping-service-monitoring-application-2857726025255.html,Swachh Safar - On Board Housekeeping Service Monitoring Application
Facility Management,Housekeeping Services,housekeeping services,Manpower Housekeeping Service,Mayank Enterprise,"₹ 18,000",/Month,8047619231,Contact Form Available,https://www.mayankenterprise.co.in,Ahmedabad,N/A,N/A,https://5.imimg.com/data5/SELLER/Default/2024/9/451157239/UY/UC/IP/120752142/manpower-housekeeping-service-250x250.jpg,https://www.indiamart.com/proddetail/manpower-housekeeping-service-2854893675462.html,Manpower Housekeeping Service
Facility Management,Housekeeping Services,housekeeping services,Housekeeping Staff Service,Keydus Management Service (OPC) Private Limited,"₹ 18,000",/Month,Not Found,Not Found,Not Found,Ahmedabad,N/A,N/A,https://5.imimg.com/data5/ANDROID/Default/2025/1/485154263/OD/SU/BT/55783200/product-jpeg-250x250.jpg,https://www.indiamart.com/proddetail/housekeeping-staff-service-2855713299688.html,Housekeeping Staff Service
Facility Management,Housekeeping Services,housekeeping services,Cleaning Housekeeping Manpower Services,MM Enterprise,₹ 600,/Day,"+91 96385 30091, +91 93779 77979",mmenterprise999@gmail.com,https://www.mmstalldesigner.com,Ahmedabad,N/A,N/A,https://5.imimg.com/data5/SELLER/Default/2025/4/501560374/YA/SB/XW/192649993/housekeeping-manpower-services-250x250.jpeg,https://www.indiamart.com/proddetail/housekeeping-manpower-services-2854735785191.html,Cleaning Housekeeping Manpower Services
Facility Management,Housekeeping Services,housekeeping services,Cleaning Housekeeping Manpower Service,Samrat Security Force,Ask Price,N/A,Not Found,Not Found,https://www.indiamart.com › samratsecurity-force-rajkot,Rajkot,N/A,N/A,https://5.imimg.com/data5/SELLER/Default/2025/10/552915893/XE/FP/DJ/197498931/house-cleaning-service-250x250.jpg,https://www.indiamart.com/proddetail/housekeeping-manpower-service-2857574996297.html,Cleaning Housekeeping Manpower Service
Facility Management,Housekeeping Services,housekeeping services,Swachh Safar - On Board Housekeeping Service Monitoring Application,Skydot Infotech,Ask Price,N/A,Not Found,Not Found,https://skydotinfotech.com › about,Rajkot,N/A,N/A,https://5.imimg.com/data5/SELLER/Default/2025/10/553389626/FZ/NJ/OO/57325049/swachh-swafar-brochure-250x250.jpg,https://www.indiamart.com/proddetail/swachh-safar-on-board-housekeeping-service-monitoring-application-2857726025255.html,Swachh Safar - On Board Housekeeping Service Monitoring Application
Facility Management,Housekeeping Services,housekeeping services,Manpower Housekeeping Service,Mayank Enterprise,"₹ 18,000",/Month,8047619231,Contact Form Available,https://www.mayankenterprise.co.in,Ahmedabad,N/A,N/A,https://5.imimg.com/data5/SELLER/Default/2024/9/451157239/UY/UC/IP/120752142/manpower-housekeeping-service-250x250.jpg,https://www.indiamart.com/proddetail/manpower-housekeeping-service-2854893675462.html,Manpower Housekeeping Service
Facility Management,Housekeeping Services,housekeeping services,Housekeeping Staff Service,Keydus Management Service (OPC) Private Limited,"₹ 18,000",/Month,Not Found,Not Found,Not Found,Ahmedabad,N/A,N/A,https://5.imimg.com/data5/ANDROID/Default/2025/1/485154263/OD/SU/BT/55783200/product-jpeg-250x250.jpg,https://www.indiamart.com/proddetail/housekeeping-staff-service-2855713299688.html,Housekeeping Staff Service
Facility Management,Housekeeping Services,housekeeping services,Cleaning Housekeeping Manpower Services,MM Enterprise,₹ 600,/Day,"+91 96385 30091, +91 93779 77979",mmenterprise999@gmail.com,https://www.mmstalldesigner.com,Ahmedabad,N/A,N/A,https://5.imimg.com/data5/SELLER/Default/2025/4/501560374/YA/SB/XW/192649993/housekeeping-manpower-services-250x250.jpeg,https://www.indiamart.com/proddetail/housekeeping-manpower-services-2854735785191.html,Cleaning Housekeeping Manpower Services
Facility Management,Security Guard Services,security guard services,Male 30 Security Guard Services,Eagle Eye Security Services,Ask Price,Eagle Eye Security Services,-9879206885,Contact@eagleeyegroup.in ,https://eagleeyegroup.in/,Rajkot,N/A,N/A,https://5.imimg.com/data5/NZ/VK/NM/ANDROID-88824142/product-jpeg-250x250.jpg,https://www.indiamart.com/proddetail/security-guard-services-21656666662.html,Male 30 Security Guard Services
Facility Management,Security Guard Services,security guard services,Commercial Security Guard Services,Khodiyar Enterprise,Ask Price,N/A,+91 98250 72891,khodiyarenterprise2014@gmail.com,https://khodiyarenterprise.in,Bhavnagar,N/A,N/A,https://3.imimg.com/data3/ES/JD/MY-12680221/commercial-security-guard-services-250x250.jpg,https://www.indiamart.com/proddetail/commercial-security-guard-services-9639873148.html,Commercial Security Guard Services
Facility Management,Security Guard Services,security guard services,Unarmed Guards Service,Royal Commando'S Security Services,Ask Price,Unarmed Guards Service,8460297655,Not Found,Not Found,Barwala,N/A,N/A,https://3.imimg.com/data3/YI/KX/MY-5233351/unarmed-guards-250x250.jpeg,https://www.indiamart.com/proddetail/unarmed-guards-service-8311232248.html,Unarmed Guards Service
Facility Management,Security Guard Services,security guard services,Male 30 Security Guard Services,Eagle Eye Security Services,Ask Price,Eagle Eye Security Services,-9879206885,Contact@eagleeyegroup.in ,https://eagleeyegroup.in/,Rajkot,N/A,N/A,https://5.imimg.com/data5/NZ/VK/NM/ANDROID-88824142/product-jpeg-250x250.jpg,https://www.indiamart.com/proddetail/security-guard-services-21656666662.html,Male 30 Security Guard Services
Facility Management,Security Guard Services,security guard services,Commercial Security Guard Services,Khodiyar Enterprise,Ask Price,N/A,+91 98250 72891,khodiyarenterprise2014@gmail.com,https://khodiyarenterprise.in,Bhavnagar,N/A,N/A,https://3.imimg.com/data3/ES/JD/MY-12680221/commercial-security-guard-services-250x250.jpg,https://www.indiamart.com/proddetail/commercial-security-guard-services-9639873148.html,Commercial Security Guard Services
Facility Management,Security Guard Services,security guard services,Unarmed Guards Service,Royal Commando'S Security Services,Ask Price,Unarmed Guards Service,8460297655,Not Found,Not Found,Barwala,N/A,N/A,https://3.imimg.com/data3/YI/KX/MY-5233351/unarmed-guards-250x250.jpeg,https://www.indiamart.com/proddetail/unarmed-guards-service-8311232248.html,Unarmed Guards Service
Facility Management,Security Guard Services,security guard services,Male 30 Security Guard Services,Eagle Eye Security Services,Ask Price,Eagle Eye Security Services,-9879206885,Contact@eagleeyegroup.in ,https://eagleeyegroup.in/,Rajkot,N/A,N/A,https://5.imimg.com/data5/NZ/VK/NM/ANDROID-88824142/product-jpeg-250x250.jpg,https://www.indiamart.com/proddetail/security-guard-services-21656666662.html,Male 30 Security Guard Services
Facility Management,Security Guard Services,security guard services,Commercial Security Guard Services,Khodiyar Enterprise,Ask Price,N/A,+91 98250 72891,khodiyarenterprise2014@gmail.com,https://khodiyarenterprise.in,Bhavnagar,N/A,N/A,https://3.imimg.com/data3/ES/JD/MY-12680221/commercial-security-guard-services-250x250.jpg,https://www.indiamart.com/proddetail/commercial-security-guard-services-9639873148.html,Commercial Security Guard Services
Facility Management,Security Guard Services,security guard services,Unarmed Guards Service,Royal Commando'S Security Services,Ask Price,Unarmed Guards Service,8460297655,Not Found,Not Found,Barwala,N/A,N/A,https://3.imimg.com/data3/YI/KX/MY-5233351/unarmed-guards-250x250.jpeg,https://www.indiamart.com/proddetail/unarmed-guards-service-8311232248.html,Unarmed Guards Service
Facility Management,Security Guard Services,security guard services,Male 30 Security Guard Services,Eagle Eye Security Services,Ask Price,Eagle Eye Security Services,-9879206885,Contact@eagleeyegroup.in ,https://eagleeyegroup.in/,Rajkot,N/A,N/A,https://5.imimg.com/data5/NZ/VK/NM/ANDROID-88824142/product-jpeg-250x250.jpg,https://www.indiamart.com/proddetail/security-guard-services-21656666662.html,Male 30 Security Guard Services
Facility Management,Security Guard Services,security guard services,Commercial Security Guard Services,Khodiyar Enterprise,Ask Price,N/A,+91 98250 72891,khodiyarenterprise2014@gmail.com,https://khodiyarenterprise.in,Bhavnagar,N/A,N/A,https://3.imimg.com/data3/ES/JD/MY-12680221/commercial-security-guard-services-250x250.jpg,https://www.indiamart.com/proddetail/commercial-security-guard-services-9639873148.html,Commercial Security Guard Services
Facility Management,Security Guard Services,security guard services,Unarmed Guards Service,Royal Commando'S Security Services,Ask Price,Unarmed Guards Service,8460297655,Not Found,Not Found,Barwala,N/A,N/A,https://3.imimg.com/data3/YI/KX/MY-5233351/unarmed-guards-250x250.jpeg,https://www.indiamart.com/proddetail/unarmed-guards-service-8311232248.html,Unarmed Guards Service
Facility Management,Security Guard Services,security guard services,Male 30 Security Guard Services,Eagle Eye Security Services,Ask Price,Eagle Eye Security Services,-9879206885,Contact@eagleeyegroup.in ,https://eagleeyegroup.in/,Rajkot,N/A,N/A,https://5.imimg.com/data5/NZ/VK/NM/ANDROID-88824142/product-jpeg-250x250.jpg,https://www.indiamart.com/proddetail/security-guard-services-21656666662.html,Male 30 Security Guard Services
Facility Management,Security Guard Services,security guard services,Commercial Security Guard Services,Khodiyar Enterprise,Ask Price,N/A,+91 98250 72891,khodiyarenterprise2014@gmail.com,https://khodiyarenterprise.in,Bhavnagar,N/A,N/A,https://3.imimg.com/data3/ES/JD/MY-12680221/commercial-security-guard-services-250x250.jpg,https://www.indiamart.com/proddetail/commercial-security-guard-services-9639873148.html,Commercial Security Guard Services
Facility Management,Security Guard Services,security guard services,Unarmed Guards Service,Royal Commando'S Security Services,Ask Price,Unarmed Guards Service,8460297655,Not Found,Not Found,Barwala,N/A,N/A,https://3.imimg.com/data3/YI/KX/MY-5233351/unarmed-guards-250x250.jpeg,https://www.indiamart.com/proddetail/unarmed-guards-service-8311232248.html,Unarmed Guards Service
Facility Management,Pest Control Services,pest control services,Pesto Kit Remove harmful Bugs From your Vegetable Garden,Harekrushna Farm Tech,₹ 799,N/A,+91 90999 83462,Not Found,https://hkfarmtech.in/?srsltid=AfmBOorGEEVkBivkWqB0y3QCvh1g4jSUpjXEHEizjfS-oLCq_YQDXN5j,Babra,N/A,N/A,https://5.imimg.com/data5/SELLER/Default/2025/3/496294464/VZ/YX/RG/211304139/mock-up-1-250x250.jpg,https://www.indiamart.com/proddetail/pesto-kit-remove-harmful-bugs-from-your-vegetable-garden-2856146045962.html,Pesto Kit Remove harmful Bugs From your Vegetable Garden
Facility Management,Pest Control Services,pest control services,KONGSBERG/NORCONTROL,Nazar Enterprises,"₹ 1,000",N/A,+91 98980 21452,nazarenterprise@gmail.com,https://www.nazarenterprises.net/,Bhavnagar,N/A,N/A,https://5.imimg.com/data5/SELLER/Default/2025/11/561992246/UL/XH/LD/60244883/kongsberg-norcontrol-250x250.jpg,https://www.indiamart.com/proddetail/kongsberg-norcontrol-2857985108033.html,GST Email Mobile Member: 8 yrs
Facility Management,Pest Control Services,pest control services,Herbal Pest Control Sprays,World Biotec And Fertilizers,Ask Price,N/A,Not Found,Not Found,https://www.indiamart.com › world-biotech-fertilizers › profile.html,Rajkot,N/A,N/A,https://2.imimg.com/data2/TV/VF/MY-4355859/herbal-pest-control-spray-250x250.jpg,https://www.indiamart.com/proddetail/herbal-pest-control-sprays-3849735912.html,Herbal Pest Control Sprays
Facility Management,Pest Control Services,pest control services,Termite Control Pipe Reticulation System,Rapid Pest Control,₹ 25,N/A,Call +91-9251 183 861 ,rapidpestexperts@gmail.com,https://rapidpestexperts.in/termite-control/?gad_source=1&gad_campaignid=23599951430&gbraid=0AAAABC95PQoWQaamNuLqn--MCNBogVleZ&gclid=Cj0KCQjw54nRBhDCARIsAMcY_SB46ErLyJj-flQFGlNohhk2ksemZaNDzztXVQD8NTTb0DwhwtahtkYaAu89EALw_wcB,Rajkot,N/A,N/A,https://5.imimg.com/data5/ANDROID/Default/2026/1/578072155/KK/AS/IZ/3271625/product-jpeg-250x250.jpg,https://www.indiamart.com/proddetail/termite-control-pipe-reticulation-system-4369305955.html,Termite Control Pipe Reticulation System
Facility Management,Pest Control Services,pest control services,Dust Mites Pest Control Services,Safekill Pest Services,Ask Price,Safekill Pest Services,088667 27288,Not Found,http://www.safekill.in,Junagadh,N/A,N/A,https://5.imimg.com/data5/CO/JB/UP/GLADMIN-37977674/selection-017-250x250.png,https://www.indiamart.com/proddetail/dust-mites-pest-control-services-20917946712.html,Dust Mites Pest Control Services
Facility Management,Pest Control Services,pest control services,"Herbal Disease Controller, Zuki",Dharti Agro Seeds,"₹ 1,400",N/A,0712-2726148,info@dhartiagro.com,https://dhartiagro.com,Rajkot,N/A,N/A,https://4.imimg.com/data4/IH/UA/CQ/NSDMERP-31433375/31433375product11538570095-250x250.jpg,https://www.indiamart.com/proddetail/herbal-disease-controller-20166988288.html,"Herbal Disease Controller, Zuki"
Facility Management,Pest Control Services,pest control services,Commercial Chemical Treatment Pest Control Service,Vinayak Agro And Card Agency,₹ 300,N/A,Not Found,Not Found,ttps://www.indiamart.com › vinayakagrocardagency › aboutus.html,Surat,N/A,N/A,https://5.imimg.com/data5/ANDROID/Default/2022/6/GZ/IV/HT/33272134/product-jpeg-250x250.jpg,https://www.indiamart.com/proddetail/pest-control-service-25867141030.html,Commercial Chemical Treatment Pest Control Service
Facility Management,Pest Control Services,pest control services,Storage Pest Control Services In Ahmedabad,Demira Pest Control,Ask Price,N/A,99744 08040,demirapest@gmail.com,https://demirapest.com,Ahmedabad,N/A,N/A,https://5.imimg.com/data5/SELLER/Default/2023/12/366972061/JP/QF/PI/8440192/pest-control-service-250x250.jpg,https://www.indiamart.com/proddetail/storage-pest-control-services-in-ahmedabad-2853053917073.html,Storage Pest Control Services In Ahmedabad
Facility Management,Pest Control Services,pest control services,Red mites Pest Control,Pigeon Control India,₹ 10,N/A,demirapest@gmail.com,NA,https://demirapest.com,Vadodara,N/A,N/A,https://5.imimg.com/data5/SELLER/Default/2023/9/347293698/QC/TN/TF/2987821/cockroaches-pest-control-services-250x250.jpg,https://www.indiamart.com/proddetail/red-mites-pest-control-2851675434273.html,Red mites Pest Control
Facility Management,Pest Control Services,pest control services,"Anti Termite Treatment Service, pest control",Habile Home Care Services,₹ 2.50,Habile Home Care Services,7942788274,Not Found,https://www.habilebirdnets.com/,Ahmedabad,N/A,N/A,https://5.imimg.com/data5/ANDROID/Default/2023/2/FM/OX/FC/44033582/product-jpeg-250x250.jpg,https://www.indiamart.com/proddetail/anti-termite-treatment-service-2850336805673.html,"Anti Termite Treatment Service, pest control"
Facility Management,Pest Control Services,pest control services,Insects Commercial Pest Control Service,Star Safety Solution,₹ 4,N/A,Not Found,Not Found,https://www.indiamart.com › star-safety-solution › aboutus.html,Vadodara,N/A,N/A,https://5.imimg.com/data5/SELLER/Default/2024/8/447277859/GJ/GV/ZQ/53715512/insects-commercial-pest-control-service-250x250.jpg,https://www.indiamart.com/proddetail/insects-commercial-pest-control-service-2854767706773.html,Insects Commercial Pest Control Service
Facility Management,Pest Control Services,pest control services,Amc For Pest Control Services,Span Shield Enterprise,₹ 25,N/A,Not Found,Not Found,https://www.indiamart.com › proddetail,Ahmedabad,N/A,N/A,https://5.imimg.com/data5/SELLER/Default/2026/1/572485348/JQ/VT/KC/11017498/amc-for-pest-control-services-250x250.jpg,https://www.indiamart.com/proddetail/amc-for-pest-control-services-2858286529155.html,Amc For Pest Control Services
Facility Management,Pest Control Services,pest control services,Residential Pest Control Services,Nectar Pest Management Services,₹ 9,Nectar Pest Management Services,+91 98250 72884,nectarpestcontrol@gmail.com,https://nectarpestcontrol.com,Mundra,N/A,N/A,https://5.imimg.com/data5/SELLER/Default/2026/3/594586754/WY/HC/EA/222001302/residential-pest-control-services-250x250.jpg,https://www.indiamart.com/proddetail/residential-pest-control-services-2859006466591.html,Residential Pest Control Services
Facility Management,Pest Control Services,pest control services,Hotel Pest Control Service,Komal Pest Control,₹ 4,N/A,+91 94265 25266,info@komalpestcontrol.com,https://komalpestcontrol.com,Ahmedabad,N/A,N/A,https://5.imimg.com/data5/WA_9696/Default/2026/4/598764017/CU/OF/FY/2270107/image-250x250.jpeg,https://www.indiamart.com/proddetail/hotel-pest-control-service-2859081777173.html,Hotel Pest Control Service
Facility Management,Pest Control Services,pest control services,Pesto Kit Remove harmful Bugs From your Vegetable Garden,Harekrushna Farm Tech,₹ 799,N/A,+91 90999 83462,Not Found,https://hkfarmtech.in/?srsltid=AfmBOorGEEVkBivkWqB0y3QCvh1g4jSUpjXEHEizjfS-oLCq_YQDXN5j,Babra,N/A,N/A,https://5.imimg.com/data5/SELLER/Default/2025/3/496294464/VZ/YX/RG/211304139/mock-up-1-250x250.jpg,https://www.indiamart.com/proddetail/pesto-kit-remove-harmful-bugs-from-your-vegetable-garden-2856146045962.html,Pesto Kit Remove harmful Bugs From your Vegetable Garden
Facility Management,Pest Control Services,pest control services,KONGSBERG/NORCONTROL,Nazar Enterprises,"₹ 1,000",N/A,+91 98980 21452,nazarenterprise@gmail.com,https://www.nazarenterprises.net/,Bhavnagar,N/A,N/A,https://5.imimg.com/data5/SELLER/Default/2025/11/561992246/UL/XH/LD/60244883/kongsberg-norcontrol-250x250.jpg,https://www.indiamart.com/proddetail/kongsberg-norcontrol-2857985108033.html,GST Email Mobile Member: 8 yrs
Facility Management,Pest Control Services,pest control services,Herbal Pest Control Sprays,World Biotec And Fertilizers,Ask Price,N/A,Not Found,Not Found,https://www.indiamart.com › world-biotech-fertilizers › profile.html,Rajkot,N/A,N/A,https://2.imimg.com/data2/TV/VF/MY-4355859/herbal-pest-control-spray-250x250.jpg,https://www.indiamart.com/proddetail/herbal-pest-control-sprays-3849735912.html,Herbal Pest Control Sprays
Facility Management,Pest Control Services,pest control services,Termite Control Pipe Reticulation System,Rapid Pest Control,₹ 25,N/A,Call +91-9251 183 861 ,rapidpestexperts@gmail.com,https://rapidpestexperts.in/termite-control/?gad_source=1&gad_campaignid=23599951430&gbraid=0AAAABC95PQoWQaamNuLqn--MCNBogVleZ&gclid=Cj0KCQjw54nRBhDCARIsAMcY_SB46ErLyJj-flQFGlNohhk2ksemZaNDzztXVQD8NTTb0DwhwtahtkYaAu89EALw_wcB,Rajkot,N/A,N/A,https://5.imimg.com/data5/ANDROID/Default/2026/1/578072155/KK/AS/IZ/3271625/product-jpeg-250x250.jpg,https://www.indiamart.com/proddetail/termite-control-pipe-reticulation-system-4369305955.html,Termite Control Pipe Reticulation System
Facility Management,Pest Control Services,pest control services,Dust Mites Pest Control Services,Safekill Pest Services,Ask Price,Safekill Pest Services,088667 27288,Not Found,http://www.safekill.in,Junagadh,N/A,N/A,https://5.imimg.com/data5/CO/JB/UP/GLADMIN-37977674/selection-017-250x250.png,https://www.indiamart.com/proddetail/dust-mites-pest-control-services-20917946712.html,Dust Mites Pest Control Services
Facility Management,Pest Control Services,pest control services,"Herbal Disease Controller, Zuki",Dharti Agro Seeds,"₹ 1,400",N/A,0712-2726148,info@dhartiagro.com,https://dhartiagro.com,Rajkot,N/A,N/A,https://4.imimg.com/data4/IH/UA/CQ/NSDMERP-31433375/31433375product11538570095-250x250.jpg,https://www.indiamart.com/proddetail/herbal-disease-controller-20166988288.html,"Herbal Disease Controller, Zuki"
Facility Management,Pest Control Services,pest control services,Commercial Chemical Treatment Pest Control Service,Vinayak Agro And Card Agency,₹ 300,N/A,Not Found,Not Found,ttps://www.indiamart.com › vinayakagrocardagency › aboutus.html,Surat,N/A,N/A,https://5.imimg.com/data5/ANDROID/Default/2022/6/GZ/IV/HT/33272134/product-jpeg-250x250.jpg,https://www.indiamart.com/proddetail/pest-control-service-25867141030.html,Commercial Chemical Treatment Pest Control Service
Facility Management,Pest Control Services,pest control services,Storage Pest Control Services In Ahmedabad,Demira Pest Control,Ask Price,N/A,99744 08040,demirapest@gmail.com,https://demirapest.com,Ahmedabad,N/A,N/A,https://5.imimg.com/data5/SELLER/Default/2023/12/366972061/JP/QF/PI/8440192/pest-control-service-250x250.jpg,https://www.indiamart.com/proddetail/storage-pest-control-services-in-ahmedabad-2853053917073.html,Storage Pest Control Services In Ahmedabad
Facility Management,Pest Control Services,pest control services,Red mites Pest Control,Pigeon Control India,₹ 10,N/A,8047820397,Not Publicly Listed,https://www.pigeoncontrol.co.in,Vadodara,N/A,N/A,https://5.imimg.com/data5/SELLER/Default/2023/9/347293698/QC/TN/TF/2987821/cockroaches-pest-control-services-250x250.jpg,https://www.indiamart.com/proddetail/red-mites-pest-control-2851675434273.html,Red mites Pest Control
Facility Management,Pest Control Services,pest control services,"Anti Termite Treatment Service, pest control",Habile Home Care Services,₹ 2.50,Habile Home Care Services,7942788274,Not Found,https://www.habilebirdnets.com/,Ahmedabad,N/A,N/A,https://5.imimg.com/data5/ANDROID/Default/2023/2/FM/OX/FC/44033582/product-jpeg-250x250.jpg,https://www.indiamart.com/proddetail/anti-termite-treatment-service-2850336805673.html,"Anti Termite Treatment Service, pest control"
Facility Management,Pest Control Services,pest control services,Insects Commercial Pest Control Service,Star Safety Solution,₹ 4,N/A,Not Found,Not Found,https://www.indiamart.com › star-safety-solution › aboutus.html,Vadodara,N/A,N/A,https://5.imimg.com/data5/SELLER/Default/2024/8/447277859/GJ/GV/ZQ/53715512/insects-commercial-pest-control-service-250x250.jpg,https://www.indiamart.com/proddetail/insects-commercial-pest-control-service-2854767706773.html,Insects Commercial Pest Control Service
Facility Management,Pest Control Services,pest control services,Amc For Pest Control Services,Span Shield Enterprise,₹ 25,N/A,Not Found,Not Found,https://www.indiamart.com › proddetail,Ahmedabad,N/A,N/A,https://5.imimg.com/data5/SELLER/Default/2026/1/572485348/JQ/VT/KC/11017498/amc-for-pest-control-services-250x250.jpg,https://www.indiamart.com/proddetail/amc-for-pest-control-services-2858286529155.html,Amc For Pest Control Services
Facility Management,Pest Control Services,pest control services,Residential Pest Control Services,Nectar Pest Management Services,₹ 9,Nectar Pest Management Services,+91 98250 72884,nectarpestcontrol@gmail.com,https://nectarpestcontrol.com,Mundra,N/A,N/A,https://5.imimg.com/data5/SELLER/Default/2026/3/594586754/WY/HC/EA/222001302/residential-pest-control-services-250x250.jpg,https://www.indiamart.com/proddetail/residential-pest-control-services-2859006466591.html,Residential Pest Control Services
Facility Management,Pest Control Services,pest control services,Hotel Pest Control Service,Komal Pest Control,₹ 4,N/A,+91 94265 25266,info@komalpestcontrol.com,https://komalpestcontrol.com,Ahmedabad,N/A,N/A,https://5.imimg.com/data5/WA_9696/Default/2026/4/598764017/CU/OF/FY/2270107/image-250x250.jpeg,https://www.indiamart.com/proddetail/hotel-pest-control-service-2859081777173.html,Hotel Pest Control Service
Facility Management,Pest Control Services,pest control services,Pesto Kit Remove harmful Bugs From your Vegetable Garden,Harekrushna Farm Tech,₹ 799,N/A,+91 90999 83462,Not Found,https://hkfarmtech.in/?srsltid=AfmBOorGEEVkBivkWqB0y3QCvh1g4jSUpjXEHEizjfS-oLCq_YQDXN5j,Babra,N/A,N/A,https://5.imimg.com/data5/SELLER/Default/2025/3/496294464/VZ/YX/RG/211304139/mock-up-1-250x250.jpg,https://www.indiamart.com/proddetail/pesto-kit-remove-harmful-bugs-from-your-vegetable-garden-2856146045962.html,Pesto Kit Remove harmful Bugs From your Vegetable Garden
Facility Management,Pest Control Services,pest control services,KONGSBERG/NORCONTROL,Nazar Enterprises,"₹ 1,000",N/A,+91 98980 21452,nazarenterprise@gmail.com,https://www.nazarenterprises.net/,Bhavnagar,N/A,N/A,https://5.imimg.com/data5/SELLER/Default/2025/11/561992246/UL/XH/LD/60244883/kongsberg-norcontrol-250x250.jpg,https://www.indiamart.com/proddetail/kongsberg-norcontrol-2857985108033.html,GST Email Mobile Member: 8 yrs
Facility Management,Pest Control Services,pest control services,Herbal Pest Control Sprays,World Biotec And Fertilizers,Ask Price,N/A,Not Found,Not Found,https://www.indiamart.com › world-biotech-fertilizers › profile.html,Rajkot,N/A,N/A,https://2.imimg.com/data2/TV/VF/MY-4355859/herbal-pest-control-spray-250x250.jpg,https://www.indiamart.com/proddetail/herbal-pest-control-sprays-3849735912.html,Herbal Pest Control Sprays
Facility Management,Pest Control Services,pest control services,Termite Control Pipe Reticulation System,Rapid Pest Control,₹ 25,N/A,Call +91-9251 183 861 ,rapidpestexperts@gmail.com,https://rapidpestexperts.in/termite-control/?gad_source=1&gad_campaignid=23599951430&gbraid=0AAAABC95PQoWQaamNuLqn--MCNBogVleZ&gclid=Cj0KCQjw54nRBhDCARIsAMcY_SB46ErLyJj-flQFGlNohhk2ksemZaNDzztXVQD8NTTb0DwhwtahtkYaAu89EALw_wcB,Rajkot,N/A,N/A,https://5.imimg.com/data5/ANDROID/Default/2026/1/578072155/KK/AS/IZ/3271625/product-jpeg-250x250.jpg,https://www.indiamart.com/proddetail/termite-control-pipe-reticulation-system-4369305955.html,Termite Control Pipe Reticulation System
Facility Management,Pest Control Services,pest control services,Dust Mites Pest Control Services,Safekill Pest Services,Ask Price,Safekill Pest Services,088667 27288,Not Found,http://www.safekill.in,Junagadh,N/A,N/A,https://5.imimg.com/data5/CO/JB/UP/GLADMIN-37977674/selection-017-250x250.png,https://www.indiamart.com/proddetail/dust-mites-pest-control-services-20917946712.html,Dust Mites Pest Control Services
Facility Management,Pest Control Services,pest control services,"Herbal Disease Controller, Zuki",Dharti Agro Seeds,"₹ 1,400",N/A,0712-2726148,info@dhartiagro.com,https://dhartiagro.com,Rajkot,N/A,N/A,https://4.imimg.com/data4/IH/UA/CQ/NSDMERP-31433375/31433375product11538570095-250x250.jpg,https://www.indiamart.com/proddetail/herbal-disease-controller-20166988288.html,"Herbal Disease Controller, Zuki"
Facility Management,Pest Control Services,pest control services,Commercial Chemical Treatment Pest Control Service,Vinayak Agro And Card Agency,₹ 300,N/A,Not Found,Not Found,ttps://www.indiamart.com › vinayakagrocardagency › aboutus.html,Surat,N/A,N/A,https://5.imimg.com/data5/ANDROID/Default/2022/6/GZ/IV/HT/33272134/product-jpeg-250x250.jpg,https://www.indiamart.com/proddetail/pest-control-service-25867141030.html,Commercial Chemical Treatment Pest Control Service
Facility Management,Pest Control Services,pest control services,Storage Pest Control Services In Ahmedabad,Demira Pest Control,Ask Price,N/A,99744 08040,demirapest@gmail.com,https://demirapest.com,Ahmedabad,N/A,N/A,https://5.imimg.com/data5/SELLER/Default/2023/12/366972061/JP/QF/PI/8440192/pest-control-service-250x250.jpg,https://www.indiamart.com/proddetail/storage-pest-control-services-in-ahmedabad-2853053917073.html,Storage Pest Control Services In Ahmedabad
Facility Management,Pest Control Services,pest control services,Red mites Pest Control,Pigeon Control India,₹ 10,N/A,8047820397,Not Publicly Listed,https://www.pigeoncontrol.co.in,Vadodara,N/A,N/A,https://5.imimg.com/data5/SELLER/Default/2023/9/347293698/QC/TN/TF/2987821/cockroaches-pest-control-services-250x250.jpg,https://www.indiamart.com/proddetail/red-mites-pest-control-2851675434273.html,Red mites Pest Control
Facility Management,Pest Control Services,pest control services,"Anti Termite Treatment Service, pest control",Habile Home Care Services,₹ 2.50,Habile Home Care Services,7942788274,Not Found,https://www.habilebirdnets.com/,Ahmedabad,N/A,N/A,https://5.imimg.com/data5/ANDROID/Default/2023/2/FM/OX/FC/44033582/product-jpeg-250x250.jpg,https://www.indiamart.com/proddetail/anti-termite-treatment-service-2850336805673.html,"Anti Termite Treatment Service, pest control"
Facility Management,Pest Control Services,pest control services,Insects Commercial Pest Control Service,Star Safety Solution,₹ 4,N/A,Not Found,Not Found,https://www.indiamart.com › star-safety-solution › aboutus.html,Vadodara,N/A,N/A,https://5.imimg.com/data5/SELLER/Default/2024/8/447277859/GJ/GV/ZQ/53715512/insects-commercial-pest-control-service-250x250.jpg,https://www.indiamart.com/proddetail/insects-commercial-pest-control-service-2854767706773.html,Insects Commercial Pest Control Service
Facility Management,Pest Control Services,pest control services,Amc For Pest Control Services,Span Shield Enterprise,₹ 25,N/A,Not Found,Not Found,https://www.indiamart.com › proddetail,Ahmedabad,N/A,N/A,https://5.imimg.com/data5/SELLER/Default/2026/1/572485348/JQ/VT/KC/11017498/amc-for-pest-control-services-250x250.jpg,https://www.indiamart.com/proddetail/amc-for-pest-control-services-2858286529155.html,Amc For Pest Control Services
Facility Management,Pest Control Services,pest control services,Residential Pest Control Services,Nectar Pest Management Services,₹ 9,Nectar Pest Management Services,+91 98250 72884,nectarpestcontrol@gmail.com,https://nectarpestcontrol.com,Mundra,N/A,N/A,https://5.imimg.com/data5/SELLER/Default/2026/3/594586754/WY/HC/EA/222001302/residential-pest-control-services-250x250.jpg,https://www.indiamart.com/proddetail/residential-pest-control-services-2859006466591.html,Residential Pest Control Services
Facility Management,Pest Control Services,pest control services,Hotel Pest Control Service,Komal Pest Control,₹ 4,N/A,+91 94265 25266,info@komalpestcontrol.com,https://komalpestcontrol.com,Ahmedabad,N/A,N/A,https://5.imimg.com/data5/WA_9696/Default/2026/4/598764017/CU/OF/FY/2270107/image-250x250.jpeg,https://www.indiamart.com/proddetail/hotel-pest-control-service-2859081777173.html,Hotel Pest Control Service
Facility Management,Pest Control Services,pest control services,Pesto Kit Remove harmful Bugs From your Vegetable Garden,Harekrushna Farm Tech,₹ 799,N/A,+91 90999 83462,Not Found,https://hkfarmtech.in/?srsltid=AfmBOorGEEVkBivkWqB0y3QCvh1g4jSUpjXEHEizjfS-oLCq_YQDXN5j,Babra,N/A,N/A,https://5.imimg.com/data5/SELLER/Default/2025/3/496294464/VZ/YX/RG/211304139/mock-up-1-250x250.jpg,https://www.indiamart.com/proddetail/pesto-kit-remove-harmful-bugs-from-your-vegetable-garden-2856146045962.html,Pesto Kit Remove harmful Bugs From your Vegetable Garden
Facility Management,Pest Control Services,pest control services,KONGSBERG/NORCONTROL,Nazar Enterprises,"₹ 1,000",N/A,+91 98980 21452,nazarenterprise@gmail.com,https://www.nazarenterprises.net/,Bhavnagar,N/A,N/A,https://5.imimg.com/data5/SELLER/Default/2025/11/561992246/UL/XH/LD/60244883/kongsberg-norcontrol-250x250.jpg,https://www.indiamart.com/proddetail/kongsberg-norcontrol-2857985108033.html,GST Email Mobile Member: 8 yrs
Facility Management,Pest Control Services,pest control services,Herbal Pest Control Sprays,World Biotec And Fertilizers,Ask Price,N/A,Not Found,Not Found,https://www.indiamart.com › world-biotech-fertilizers › profile.html,Rajkot,N/A,N/A,https://2.imimg.com/data2/TV/VF/MY-4355859/herbal-pest-control-spray-250x250.jpg,https://www.indiamart.com/proddetail/herbal-pest-control-sprays-3849735912.html,Herbal Pest Control Sprays
Facility Management,Pest Control Services,pest control services,Termite Control Pipe Reticulation System,Rapid Pest Control,₹ 25,N/A,Call +91-9251 183 861 ,rapidpestexperts@gmail.com,https://rapidpestexperts.in/termite-control/?gad_source=1&gad_campaignid=23599951430&gbraid=0AAAABC95PQoWQaamNuLqn--MCNBogVleZ&gclid=Cj0KCQjw54nRBhDCARIsAMcY_SB46ErLyJj-flQFGlNohhk2ksemZaNDzztXVQD8NTTb0DwhwtahtkYaAu89EALw_wcB,Rajkot,N/A,N/A,https://5.imimg.com/data5/ANDROID/Default/2026/1/578072155/KK/AS/IZ/3271625/product-jpeg-250x250.jpg,https://www.indiamart.com/proddetail/termite-control-pipe-reticulation-system-4369305955.html,Termite Control Pipe Reticulation System
Facility Management,Pest Control Services,pest control services,Dust Mites Pest Control Services,Safekill Pest Services,Ask Price,Safekill Pest Services,088667 27288,Not Found,http://www.safekill.in,Junagadh,N/A,N/A,https://5.imimg.com/data5/CO/JB/UP/GLADMIN-37977674/selection-017-250x250.png,https://www.indiamart.com/proddetail/dust-mites-pest-control-services-20917946712.html,Dust Mites Pest Control Services
Facility Management,Pest Control Services,pest control services,"Herbal Disease Controller, Zuki",Dharti Agro Seeds,"₹ 1,400",N/A,0712-2726148,info@dhartiagro.com,https://dhartiagro.com,Rajkot,N/A,N/A,https://4.imimg.com/data4/IH/UA/CQ/NSDMERP-31433375/31433375product11538570095-250x250.jpg,https://www.indiamart.com/proddetail/herbal-disease-controller-20166988288.html,"Herbal Disease Controller, Zuki"
Facility Management,Pest Control Services,pest control services,Commercial Chemical Treatment Pest Control Service,Vinayak Agro And Card Agency,₹ 300,N/A,Not Found,Not Found,ttps://www.indiamart.com › vinayakagrocardagency › aboutus.html,Surat,N/A,N/A,https://5.imimg.com/data5/ANDROID/Default/2022/6/GZ/IV/HT/33272134/product-jpeg-250x250.jpg,https://www.indiamart.com/proddetail/pest-control-service-25867141030.html,Commercial Chemical Treatment Pest Control Service
Facility Management,Pest Control Services,pest control services,Storage Pest Control Services In Ahmedabad,Demira Pest Control,Ask Price,N/A,99744 08040,demirapest@gmail.com,https://demirapest.com,Ahmedabad,N/A,N/A,https://5.imimg.com/data5/SELLER/Default/2023/12/366972061/JP/QF/PI/8440192/pest-control-service-250x250.jpg,https://www.indiamart.com/proddetail/storage-pest-control-services-in-ahmedabad-2853053917073.html,Storage Pest Control Services In Ahmedabad
Facility Management,Pest Control Services,pest control services,Red mites Pest Control,Pigeon Control India,₹ 10,N/A,8047820397,Not Publicly Listed,https://www.pigeoncontrol.co.in,Vadodara,N/A,N/A,https://5.imimg.com/data5/SELLER/Default/2023/9/347293698/QC/TN/TF/2987821/cockroaches-pest-control-services-250x250.jpg,https://www.indiamart.com/proddetail/red-mites-pest-control-2851675434273.html,Red mites Pest Control
Facility Management,Pest Control Services,pest control services,"Anti Termite Treatment Service, pest control",Habile Home Care Services,₹ 2.50,Habile Home Care Services,7942788274,Not Found,https://www.habilebirdnets.com/,Ahmedabad,N/A,N/A,https://5.imimg.com/data5/ANDROID/Default/2023/2/FM/OX/FC/44033582/product-jpeg-250x250.jpg,https://www.indiamart.com/proddetail/anti-termite-treatment-service-2850336805673.html,"Anti Termite Treatment Service, pest control"
Facility Management,Pest Control Services,pest control services,Insects Commercial Pest Control Service,Star Safety Solution,₹ 4,N/A,Not Found,Not Found,https://www.indiamart.com › star-safety-solution › aboutus.html,Vadodara,N/A,N/A,https://5.imimg.com/data5/SELLER/Default/2024/8/447277859/GJ/GV/ZQ/53715512/insects-commercial-pest-control-service-250x250.jpg,https://www.indiamart.com/proddetail/insects-commercial-pest-control-service-2854767706773.html,Insects Commercial Pest Control Service
Facility Management,Pest Control Services,pest control services,Amc For Pest Control Services,Span Shield Enterprise,₹ 25,N/A,Not Found,Not Found,https://www.indiamart.com › proddetail,Ahmedabad,N/A,N/A,https://5.imimg.com/data5/SELLER/Default/2026/1/572485348/JQ/VT/KC/11017498/amc-for-pest-control-services-250x250.jpg,https://www.indiamart.com/proddetail/amc-for-pest-control-services-2858286529155.html,Amc For Pest Control Services
Facility Management,Pest Control Services,pest control services,Residential Pest Control Services,Nectar Pest Management Services,₹ 9,Nectar Pest Management Services,+91 98250 72884,nectarpestcontrol@gmail.com,https://nectarpestcontrol.com,Mundra,N/A,N/A,https://5.imimg.com/data5/SELLER/Default/2026/3/594586754/WY/HC/EA/222001302/residential-pest-control-services-250x250.jpg,https://www.indiamart.com/proddetail/residential-pest-control-services-2859006466591.html,Residential Pest Control Services
Facility Management,Pest Control Services,pest control services,Hotel Pest Control Service,Komal Pest Control,₹ 4,N/A,+91 94265 25266,info@komalpestcontrol.com,https://komalpestcontrol.com,Ahmedabad,N/A,N/A,https://5.imimg.com/data5/WA_9696/Default/2026/4/598764017/CU/OF/FY/2270107/image-250x250.jpeg,https://www.indiamart.com/proddetail/hotel-pest-control-service-2859081777173.html,Hotel Pest Control Service
Facility Management,Pest Control Services,pest control services,Pesto Kit Remove harmful Bugs From your Vegetable Garden,Harekrushna Farm Tech,₹ 799,N/A,+91 90999 83462,Not Found,https://hkfarmtech.in/?srsltid=AfmBOorGEEVkBivkWqB0y3QCvh1g4jSUpjXEHEizjfS-oLCq_YQDXN5j,Babra,N/A,N/A,https://5.imimg.com/data5/SELLER/Default/2025/3/496294464/VZ/YX/RG/211304139/mock-up-1-250x250.jpg,https://www.indiamart.com/proddetail/pesto-kit-remove-harmful-bugs-from-your-vegetable-garden-2856146045962.html,Pesto Kit Remove harmful Bugs From your Vegetable Garden
Facility Management,Pest Control Services,pest control services,KONGSBERG/NORCONTROL,Nazar Enterprises,"₹ 1,000",N/A,+91 98980 21452,nazarenterprise@gmail.com,https://www.nazarenterprises.net/,Bhavnagar,N/A,N/A,https://5.imimg.com/data5/SELLER/Default/2025/11/561992246/UL/XH/LD/60244883/kongsberg-norcontrol-250x250.jpg,https://www.indiamart.com/proddetail/kongsberg-norcontrol-2857985108033.html,GST Email Mobile Member: 8 yrs
Facility Management,Pest Control Services,pest control services,Herbal Pest Control Sprays,World Biotec And Fertilizers,Ask Price,N/A,Not Found,Not Found,https://www.indiamart.com › world-biotech-fertilizers › profile.html,Rajkot,N/A,N/A,https://2.imimg.com/data2/TV/VF/MY-4355859/herbal-pest-control-spray-250x250.jpg,https://www.indiamart.com/proddetail/herbal-pest-control-sprays-3849735912.html,Herbal Pest Control Sprays
Facility Management,Pest Control Services,pest control services,Termite Control Pipe Reticulation System,Rapid Pest Control,₹ 25,N/A,Call +91-9251 183 861 ,rapidpestexperts@gmail.com,https://rapidpestexperts.in/termite-control/?gad_source=1&gad_campaignid=23599951430&gbraid=0AAAABC95PQoWQaamNuLqn--MCNBogVleZ&gclid=Cj0KCQjw54nRBhDCARIsAMcY_SB46ErLyJj-flQFGlNohhk2ksemZaNDzztXVQD8NTTb0DwhwtahtkYaAu89EALw_wcB,Rajkot,N/A,N/A,https://5.imimg.com/data5/ANDROID/Default/2026/1/578072155/KK/AS/IZ/3271625/product-jpeg-250x250.jpg,https://www.indiamart.com/proddetail/termite-control-pipe-reticulation-system-4369305955.html,Termite Control Pipe Reticulation System
Facility Management,Pest Control Services,pest control services,Dust Mites Pest Control Services,Safekill Pest Services,Ask Price,Safekill Pest Services,088667 27288,Not Found,http://www.safekill.in,Junagadh,N/A,N/A,https://5.imimg.com/data5/CO/JB/UP/GLADMIN-37977674/selection-017-250x250.png,https://www.indiamart.com/proddetail/dust-mites-pest-control-services-20917946712.html,Dust Mites Pest Control Services
Facility Management,Pest Control Services,pest control services,"Herbal Disease Controller, Zuki",Dharti Agro Seeds,"₹ 1,400",N/A,0712-2726148,info@dhartiagro.com,https://dhartiagro.com,Rajkot,N/A,N/A,https://4.imimg.com/data4/IH/UA/CQ/NSDMERP-31433375/31433375product11538570095-250x250.jpg,https://www.indiamart.com/proddetail/herbal-disease-controller-20166988288.html,"Herbal Disease Controller, Zuki"
Facility Management,Pest Control Services,pest control services,Commercial Chemical Treatment Pest Control Service,Vinayak Agro And Card Agency,₹ 300,N/A,Not Found,Not Found,ttps://www.indiamart.com › vinayakagrocardagency › aboutus.html,Surat,N/A,N/A,https://5.imimg.com/data5/ANDROID/Default/2022/6/GZ/IV/HT/33272134/product-jpeg-250x250.jpg,https://www.indiamart.com/proddetail/pest-control-service-25867141030.html,Commercial Chemical Treatment Pest Control Service
Facility Management,Pest Control Services,pest control services,Storage Pest Control Services In Ahmedabad,Demira Pest Control,Ask Price,N/A,99744 08040,demirapest@gmail.com,https://demirapest.com,Ahmedabad,N/A,N/A,https://5.imimg.com/data5/SELLER/Default/2023/12/366972061/JP/QF/PI/8440192/pest-control-service-250x250.jpg,https://www.indiamart.com/proddetail/storage-pest-control-services-in-ahmedabad-2853053917073.html,Storage Pest Control Services In Ahmedabad
Facility Management,Pest Control Services,pest control services,Red mites Pest Control,Pigeon Control India,₹ 10,N/A,8047820397,Not Publicly Listed,https://www.pigeoncontrol.co.in,Vadodara,N/A,N/A,https://5.imimg.com/data5/SELLER/Default/2023/9/347293698/QC/TN/TF/2987821/cockroaches-pest-control-services-250x250.jpg,https://www.indiamart.com/proddetail/red-mites-pest-control-2851675434273.html,Red mites Pest Control
Facility Management,Pest Control Services,pest control services,"Anti Termite Treatment Service, pest control",Habile Home Care Services,₹ 2.50,Habile Home Care Services,7942788274,Not Found,https://www.habilebirdnets.com/,Ahmedabad,N/A,N/A,https://5.imimg.com/data5/ANDROID/Default/2023/2/FM/OX/FC/44033582/product-jpeg-250x250.jpg,https://www.indiamart.com/proddetail/anti-termite-treatment-service-2850336805673.html,"Anti Termite Treatment Service, pest control"
Facility Management,Pest Control Services,pest control services,Insects Commercial Pest Control Service,Star Safety Solution,₹ 4,N/A,Not Found,Not Found,https://www.indiamart.com › star-safety-solution › aboutus.html,Vadodara,N/A,N/A,https://5.imimg.com/data5/SELLER/Default/2024/8/447277859/GJ/GV/ZQ/53715512/insects-commercial-pest-control-service-250x250.jpg,https://www.indiamart.com/proddetail/insects-commercial-pest-control-service-2854767706773.html,Insects Commercial Pest Control Service
Facility Management,Pest Control Services,pest control services,Amc For Pest Control Services,Span Shield Enterprise,₹ 25,N/A,Not Found,Not Found,https://www.indiamart.com › proddetail,Ahmedabad,N/A,N/A,https://5.imimg.com/data5/SELLER/Default/2026/1/572485348/JQ/VT/KC/11017498/amc-for-pest-control-services-250x250.jpg,https://www.indiamart.com/proddetail/amc-for-pest-control-services-2858286529155.html,Amc For Pest Control Services
Facility Management,Pest Control Services,pest control services,Residential Pest Control Services,Nectar Pest Management Services,₹ 9,Nectar Pest Management Services,+91 98250 72884,nectarpestcontrol@gmail.com,https://nectarpestcontrol.com,Mundra,N/A,N/A,https://5.imimg.com/data5/SELLER/Default/2026/3/594586754/WY/HC/EA/222001302/residential-pest-control-services-250x250.jpg,https://www.indiamart.com/proddetail/residential-pest-control-services-2859006466591.html,Residential Pest Control Services
Facility Management,Pest Control Services,pest control services,Hotel Pest Control Service,Komal Pest Control,₹ 4,N/A,+91 94265 25266,info@komalpestcontrol.com,https://komalpestcontrol.com,Ahmedabad,N/A,N/A,https://5.imimg.com/data5/WA_9696/Default/2026/4/598764017/CU/OF/FY/2270107/image-250x250.jpeg,https://www.indiamart.com/proddetail/hotel-pest-control-service-2859081777173.html,Hotel Pest Control Service
Facility Management,Ac Repair And Maintenance,ac repair and maintenance,"Split AC Preventive Maintenance AIR CONDITIONER REPAIR AND SERVICE, in Rajkot",Yarn Enterprise,₹ 750,N/A,Not Found,Not Found,https://www.exportersindia.com › rajkot › cotton-blended-yarn.htm,Rajkot,N/A,N/A,https://5.imimg.com/data5/SELLER/Default/2024/5/419537818/EF/AZ/YI/112311862/voltas-ductable-ac-250x250.jpg,https://www.indiamart.com/proddetail/split-ac-preventive-maintenance-air-conditioner-repair-and-service-in-rajkot-2854095744673.html,"Split AC Preventive Maintenance AIR CONDITIONER REPAIR AND SERVICE, in Rajkot"
Facility Management,Ac Repair And Maintenance,ac repair and maintenance,"Air Conditioners Repairing, ac",Sun Shine Air,₹ 600,N/A,Not Found,Not Found,IndiaMARThttps://www.indiamart.com › sunshine-air,Ahmedabad - Deals in Amreli,N/A,N/A,https://5.imimg.com/data5/SELLER/Default/2022/12/ZL/RT/ZJ/9274511/ac-repair-service-250x250.jpg,https://www.indiamart.com/proddetail/air-conditioners-repairing-14139452312.html,"Air Conditioners Repairing, ac"
Facility Management,Ac Repair And Maintenance,ac repair and maintenance,"Preventive Maintenance Ac Repair Services, in Surat",Bhavani Refrigeration Sales And Service,₹ 300,Bhavani Refrigeration Sales And Service,+91 80476 83488,Email via website contact form,https://www.bhavaniac.com/?utm_source=chatgpt.com,Surat,N/A,N/A,https://5.imimg.com/data5/SELLER/Default/2023/8/335427448/CR/DH/BZ/42540115/ac-repair-services-250x250.jpg,https://www.indiamart.com/proddetail/ac-repair-services-22858998062.html,"Preventive Maintenance Ac Repair Services, in Surat"
Facility Management,Ac Repair And Maintenance,ac repair and maintenance,"Self Centralized AC Cassette Air Conditioner Repairing, in Ahmedabad., Normal",Amod Enterprise,₹ 500,N/A,098240 08407,amodenterprise.ahm@gmail.com,https://www.google.com/search?q=amod+enterprise&oq=Amod+Enterprise&gs_lcrp=EgZjaHJvbWUqCggAEAAY4wIYgAQyCggAEAAY4wIYgAQyEAgBEC4YrwEYxwEYgAQYjgUyCAgCEAAYFhgeMggIAxAAGBYYHjIICAQQABgWGB4yDQgFEAAYhgMYgAQYigUyDQgGEAAYhgMYgAQYigUyCggHEAAYgAQYogQyBwgIEAAY7wUyBwgJEAAY7wXSAQc4NzFqMGo0qAIAsAIA&sourceid=chrome&ie=UTF-8,Ahmedabad,N/A,N/A,https://5.imimg.com/data5/QG/HL/KN/SELLER-8012057/cassette-air-conditioner-repairing-250x250.PNG,https://www.indiamart.com/proddetail/cassette-air-conditioner-repairing-21706517812.html,"Self Centralized AC Cassette Air Conditioner Repairing, in Ahmedabad., Normal"
Facility Management,Ac Repair And Maintenance,ac repair and maintenance,Industrial AC Maintenance Services,Devam Engineering,Ask Price,N/A,97639 30937,sales@devamengineering.com,https://www.devamengineering.com,Ahmedabad,N/A,N/A,https://5.imimg.com/data5/SELLER/Default/2026/2/586636152/FC/CG/ID/146739825/industrial-ac-maintenance-services-250x250.jpeg,https://www.indiamart.com/proddetail/industrial-ac-maintenance-services-2849629395188.html,Industrial AC Maintenance Services
Facility Management,Ac Repair And Maintenance,ac repair and maintenance,"Air Conditioner Repair, Maintenance and Services, ac",Aroma Airconditioning,Ask Price,N/A,+91 99090 35642,sales@aromaac.com,https://aromaac.com,Ahmedabad,N/A,N/A,https://5.imimg.com/data5/SELLER/Default/2026/3/588440746/HS/NZ/TA/62600550/air-conditioner-maintenance-services-250x250.jpg,https://www.indiamart.com/proddetail/air-conditioner-repair-maintenance-and-services-2858899272862.html,"Air Conditioner Repair, Maintenance and Services, ac"
Facility Management,Ac Repair And Maintenance,ac repair and maintenance,"Air Conditioner Maintenance Services, ac, repair",Gautam Enterprise,"₹ 6,500",N/A,+91 98793 33704,contact@gautam-enterprise.com,https://gautam-enterprise.com,Vadodara,N/A,N/A,https://5.imimg.com/data5/SELLER/Default/2023/1/GI/GI/QT/99492519/air-conditioner-amc-contractor-250x250.jpg,https://www.indiamart.com/proddetail/air-conditioner-maintenance-services-21906400448.html,"Air Conditioner Maintenance Services, ac, repair"
Facility Management,Ac Repair And Maintenance,ac repair and maintenance,AC Maintenance Service,Unnati Industries,Ask Price,Member: 11 months,Not Found,Not Found,https://unnati-industries.grexa.site,Vadodara,N/A,N/A,https://5.imimg.com/data5/SELLER/Default/2025/7/524134217/ZT/BR/UI/248315091/2-250x250.jpg,https://www.indiamart.com/proddetail/ac-maintenance-service-2856839127188.html,AC Maintenance Service
Facility Management,Ac Repair And Maintenance,ac repair and maintenance,Ductable Ac Repairing Service,Siddhi Aircon Engineers,₹ 650,N/A,Not Found,Not Found,https://www.shreebhavanimandapmfg.com,Ahmedabad,N/A,N/A,https://5.imimg.com/data5/SELLER/Default/2023/11/358535493/YA/HF/VG/42539093/ductable-ac-repairing-service-250x250.jpg,https://www.indiamart.com/proddetail/ductable-ac-repairing-service-2852155240997.html,Ductable Ac Repairing Service
Facility Management,Ac Repair And Maintenance,ac repair and maintenance,"Packaged Air Conditioner Repairing Service, in Local, 420V, ac",S M Refrigeration Service,₹ 750,S M Refrigeration Service,Not Found,Not Found,https://www.indiamart.com › sm-refrigeration-service › profile.html,Gandhidham,N/A,N/A,https://5.imimg.com/data5/SELLER/Default/2022/5/FT/YO/HE/36778856/packaged-air-conditioner-repairing-service-250x250.jpg,https://www.indiamart.com/proddetail/packaged-air-conditioner-repairing-service-20388322862.html,"Packaged Air Conditioner Repairing Service, in Local, 420V, ac"
Facility Management,Ac Repair And Maintenance,ac repair and maintenance,"Split AC Preventive Maintenance AIR CONDITIONER REPAIR AND SERVICE, in Rajkot",Yarn Enterprise,₹ 750,N/A,Not Found,Not Found,https://www.exportersindia.com › rajkot › cotton-blended-yarn.htm,Rajkot,N/A,N/A,https://5.imimg.com/data5/SELLER/Default/2024/5/419537818/EF/AZ/YI/112311862/voltas-ductable-ac-250x250.jpg,https://www.indiamart.com/proddetail/split-ac-preventive-maintenance-air-conditioner-repair-and-service-in-rajkot-2854095744673.html,"Split AC Preventive Maintenance AIR CONDITIONER REPAIR AND SERVICE, in Rajkot"
Facility Management,Ac Repair And Maintenance,ac repair and maintenance,"Air Conditioners Repairing, ac",Sun Shine Air,₹ 600,N/A,Not Found,Not Found,IndiaMARThttps://www.indiamart.com › sunshine-air,Ahmedabad - Deals in Amreli,N/A,N/A,https://5.imimg.com/data5/SELLER/Default/2022/12/ZL/RT/ZJ/9274511/ac-repair-service-250x250.jpg,https://www.indiamart.com/proddetail/air-conditioners-repairing-14139452312.html,"Air Conditioners Repairing, ac"
Facility Management,Ac Repair And Maintenance,ac repair and maintenance,"Preventive Maintenance Ac Repair Services, in Surat",Bhavani Refrigeration Sales And Service,₹ 300,Bhavani Refrigeration Sales And Service,+91 80476 83488,Email via website contact form,https://www.bhavaniac.com/?utm_source=chatgpt.com,Surat,N/A,N/A,https://5.imimg.com/data5/SELLER/Default/2023/8/335427448/CR/DH/BZ/42540115/ac-repair-services-250x250.jpg,https://www.indiamart.com/proddetail/ac-repair-services-22858998062.html,"Preventive Maintenance Ac Repair Services, in Surat"
Facility Management,Ac Repair And Maintenance,ac repair and maintenance,"Self Centralized AC Cassette Air Conditioner Repairing, in Ahmedabad., Normal",Amod Enterprise,₹ 500,N/A,098240 08407,amodenterprise.ahm@gmail.com,https://www.google.com/search?q=amod+enterprise&oq=Amod+Enterprise&gs_lcrp=EgZjaHJvbWUqCggAEAAY4wIYgAQyCggAEAAY4wIYgAQyEAgBEC4YrwEYxwEYgAQYjgUyCAgCEAAYFhgeMggIAxAAGBYYHjIICAQQABgWGB4yDQgFEAAYhgMYgAQYigUyDQgGEAAYhgMYgAQYigUyCggHEAAYgAQYogQyBwgIEAAY7wUyBwgJEAAY7wXSAQc4NzFqMGo0qAIAsAIA&sourceid=chrome&ie=UTF-8,Ahmedabad,N/A,N/A,https://5.imimg.com/data5/QG/HL/KN/SELLER-8012057/cassette-air-conditioner-repairing-250x250.PNG,https://www.indiamart.com/proddetail/cassette-air-conditioner-repairing-21706517812.html,"Self Centralized AC Cassette Air Conditioner Repairing, in Ahmedabad., Normal"
Facility Management,Ac Repair And Maintenance,ac repair and maintenance,Industrial AC Maintenance Services,Devam Engineering,Ask Price,N/A,97639 30937,sales@devamengineering.com,https://www.devamengineering.com,Ahmedabad,N/A,N/A,https://5.imimg.com/data5/SELLER/Default/2026/2/586636152/FC/CG/ID/146739825/industrial-ac-maintenance-services-250x250.jpeg,https://www.indiamart.com/proddetail/industrial-ac-maintenance-services-2849629395188.html,Industrial AC Maintenance Services
Facility Management,Ac Repair And Maintenance,ac repair and maintenance,"Air Conditioner Repair, Maintenance and Services, ac",Aroma Airconditioning,Ask Price,N/A,+91 99090 35642,sales@aromaac.com,https://aromaac.com,Ahmedabad,N/A,N/A,https://5.imimg.com/data5/SELLER/Default/2026/3/588440746/HS/NZ/TA/62600550/air-conditioner-maintenance-services-250x250.jpg,https://www.indiamart.com/proddetail/air-conditioner-repair-maintenance-and-services-2858899272862.html,"Air Conditioner Repair, Maintenance and Services, ac"
Facility Management,Ac Repair And Maintenance,ac repair and maintenance,"Air Conditioner Maintenance Services, ac, repair",Gautam Enterprise,"₹ 6,500",N/A,+91 98793 33704,contact@gautam-enterprise.com,https://gautam-enterprise.com,Vadodara,N/A,N/A,https://5.imimg.com/data5/SELLER/Default/2023/1/GI/GI/QT/99492519/air-conditioner-amc-contractor-250x250.jpg,https://www.indiamart.com/proddetail/air-conditioner-maintenance-services-21906400448.html,"Air Conditioner Maintenance Services, ac, repair"
Facility Management,Ac Repair And Maintenance,ac repair and maintenance,AC Maintenance Service,Unnati Industries,Ask Price,Member: 11 months,Not Found,Not Found,https://unnati-industries.grexa.site,Vadodara,N/A,N/A,https://5.imimg.com/data5/SELLER/Default/2025/7/524134217/ZT/BR/UI/248315091/2-250x250.jpg,https://www.indiamart.com/proddetail/ac-maintenance-service-2856839127188.html,AC Maintenance Service
Facility Management,Ac Repair And Maintenance,ac repair and maintenance,Ductable Ac Repairing Service,Siddhi Aircon Engineers,₹ 650,N/A,Not Found,Not Found,https://www.shreebhavanimandapmfg.com,Ahmedabad,N/A,N/A,https://5.imimg.com/data5/SELLER/Default/2023/11/358535493/YA/HF/VG/42539093/ductable-ac-repairing-service-250x250.jpg,https://www.indiamart.com/proddetail/ductable-ac-repairing-service-2852155240997.html,Ductable Ac Repairing Service
Facility Management,Ac Repair And Maintenance,ac repair and maintenance,"Packaged Air Conditioner Repairing Service, in Local, 420V, ac",S M Refrigeration Service,₹ 750,S M Refrigeration Service,Not Found,Not Found,https://www.indiamart.com › sm-refrigeration-service › profile.html,Gandhidham,N/A,N/A,https://5.imimg.com/data5/SELLER/Default/2022/5/FT/YO/HE/36778856/packaged-air-conditioner-repairing-service-250x250.jpg,https://www.indiamart.com/proddetail/packaged-air-conditioner-repairing-service-20388322862.html,"Packaged Air Conditioner Repairing Service, in Local, 420V, ac"
Facility Management,Ac Repair And Maintenance,ac repair and maintenance,"Split AC Preventive Maintenance AIR CONDITIONER REPAIR AND SERVICE, in Rajkot",Yarn Enterprise,₹ 750,N/A,Not Found,Not Found,https://www.exportersindia.com › rajkot › cotton-blended-yarn.htm,Rajkot,N/A,N/A,https://5.imimg.com/data5/SELLER/Default/2024/5/419537818/EF/AZ/YI/112311862/voltas-ductable-ac-250x250.jpg,https://www.indiamart.com/proddetail/split-ac-preventive-maintenance-air-conditioner-repair-and-service-in-rajkot-2854095744673.html,"Split AC Preventive Maintenance AIR CONDITIONER REPAIR AND SERVICE, in Rajkot"
Facility Management,Ac Repair And Maintenance,ac repair and maintenance,"Air Conditioners Repairing, ac",Sun Shine Air,₹ 600,N/A,Not Found,Not Found,IndiaMARThttps://www.indiamart.com › sunshine-air,Ahmedabad - Deals in Amreli,N/A,N/A,https://5.imimg.com/data5/SELLER/Default/2022/12/ZL/RT/ZJ/9274511/ac-repair-service-250x250.jpg,https://www.indiamart.com/proddetail/air-conditioners-repairing-14139452312.html,"Air Conditioners Repairing, ac"
Facility Management,Ac Repair And Maintenance,ac repair and maintenance,"Preventive Maintenance Ac Repair Services, in Surat",Bhavani Refrigeration Sales And Service,₹ 300,Bhavani Refrigeration Sales And Service,+91 80476 83488,Email via website contact form,https://www.bhavaniac.com/?utm_source=chatgpt.com,Surat,N/A,N/A,https://5.imimg.com/data5/SELLER/Default/2023/8/335427448/CR/DH/BZ/42540115/ac-repair-services-250x250.jpg,https://www.indiamart.com/proddetail/ac-repair-services-22858998062.html,"Preventive Maintenance Ac Repair Services, in Surat"
Facility Management,Ac Repair And Maintenance,ac repair and maintenance,"Self Centralized AC Cassette Air Conditioner Repairing, in Ahmedabad., Normal",Amod Enterprise,₹ 500,N/A,098240 08407,amodenterprise.ahm@gmail.com,https://www.google.com/search?q=amod+enterprise&oq=Amod+Enterprise&gs_lcrp=EgZjaHJvbWUqCggAEAAY4wIYgAQyCggAEAAY4wIYgAQyEAgBEC4YrwEYxwEYgAQYjgUyCAgCEAAYFhgeMggIAxAAGBYYHjIICAQQABgWGB4yDQgFEAAYhgMYgAQYigUyDQgGEAAYhgMYgAQYigUyCggHEAAYgAQYogQyBwgIEAAY7wUyBwgJEAAY7wXSAQc4NzFqMGo0qAIAsAIA&sourceid=chrome&ie=UTF-8,Ahmedabad,N/A,N/A,https://5.imimg.com/data5/QG/HL/KN/SELLER-8012057/cassette-air-conditioner-repairing-250x250.PNG,https://www.indiamart.com/proddetail/cassette-air-conditioner-repairing-21706517812.html,"Self Centralized AC Cassette Air Conditioner Repairing, in Ahmedabad., Normal"
Facility Management,Ac Repair And Maintenance,ac repair and maintenance,Industrial AC Maintenance Services,Devam Engineering,Ask Price,N/A,97639 30937,sales@devamengineering.com,https://www.devamengineering.com,Ahmedabad,N/A,N/A,https://5.imimg.com/data5/SELLER/Default/2026/2/586636152/FC/CG/ID/146739825/industrial-ac-maintenance-services-250x250.jpeg,https://www.indiamart.com/proddetail/industrial-ac-maintenance-services-2849629395188.html,Industrial AC Maintenance Services
Facility Management,Ac Repair And Maintenance,ac repair and maintenance,"Air Conditioner Repair, Maintenance and Services, ac",Aroma Airconditioning,Ask Price,N/A,+91 99090 35642,sales@aromaac.com,https://aromaac.com,Ahmedabad,N/A,N/A,https://5.imimg.com/data5/SELLER/Default/2026/3/588440746/HS/NZ/TA/62600550/air-conditioner-maintenance-services-250x250.jpg,https://www.indiamart.com/proddetail/air-conditioner-repair-maintenance-and-services-2858899272862.html,"Air Conditioner Repair, Maintenance and Services, ac"
Facility Management,Ac Repair And Maintenance,ac repair and maintenance,"Air Conditioner Maintenance Services, ac, repair",Gautam Enterprise,"₹ 6,500",N/A,+91 98793 33704,contact@gautam-enterprise.com,https://gautam-enterprise.com,Vadodara,N/A,N/A,https://5.imimg.com/data5/SELLER/Default/2023/1/GI/GI/QT/99492519/air-conditioner-amc-contractor-250x250.jpg,https://www.indiamart.com/proddetail/air-conditioner-maintenance-services-21906400448.html,"Air Conditioner Maintenance Services, ac, repair"
Facility Management,Ac Repair And Maintenance,ac repair and maintenance,AC Maintenance Service,Unnati Industries,Ask Price,Member: 11 months,Not Found,Not Found,https://unnati-industries.grexa.site,Vadodara,N/A,N/A,https://5.imimg.com/data5/SELLER/Default/2025/7/524134217/ZT/BR/UI/248315091/2-250x250.jpg,https://www.indiamart.com/proddetail/ac-maintenance-service-2856839127188.html,AC Maintenance Service
Facility Management,Ac Repair And Maintenance,ac repair and maintenance,Ductable Ac Repairing Service,Siddhi Aircon Engineers,₹ 650,N/A,Not Found,Not Found,https://www.shreebhavanimandapmfg.com,Ahmedabad,N/A,N/A,https://5.imimg.com/data5/SELLER/Default/2023/11/358535493/YA/HF/VG/42539093/ductable-ac-repairing-service-250x250.jpg,https://www.indiamart.com/proddetail/ductable-ac-repairing-service-2852155240997.html,Ductable Ac Repairing Service
Facility Management,Ac Repair And Maintenance,ac repair and maintenance,"Packaged Air Conditioner Repairing Service, in Local, 420V, ac",S M Refrigeration Service,₹ 750,S M Refrigeration Service,Not Found,Not Found,https://www.indiamart.com › sm-refrigeration-service › profile.html,Gandhidham,N/A,N/A,https://5.imimg.com/data5/SELLER/Default/2022/5/FT/YO/HE/36778856/packaged-air-conditioner-repairing-service-250x250.jpg,https://www.indiamart.com/proddetail/packaged-air-conditioner-repairing-service-20388322862.html,"Packaged Air Conditioner Repairing Service, in Local, 420V, ac"
Facility Management,Ac Repair And Maintenance,ac repair and maintenance,"Split AC Preventive Maintenance AIR CONDITIONER REPAIR AND SERVICE, in Rajkot",Yarn Enterprise,₹ 750,N/A,Not Found,Not Found,https://www.exportersindia.com › rajkot › cotton-blended-yarn.htm,Rajkot,N/A,N/A,https://5.imimg.com/data5/SELLER/Default/2024/5/419537818/EF/AZ/YI/112311862/voltas-ductable-ac-250x250.jpg,https://www.indiamart.com/proddetail/split-ac-preventive-maintenance-air-conditioner-repair-and-service-in-rajkot-2854095744673.html,"Split AC Preventive Maintenance AIR CONDITIONER REPAIR AND SERVICE, in Rajkot"
Facility Management,Ac Repair And Maintenance,ac repair and maintenance,"Air Conditioners Repairing, ac",Sun Shine Air,₹ 600,N/A,Not Found,Not Found,IndiaMARThttps://www.indiamart.com › sunshine-air,Ahmedabad - Deals in Amreli,N/A,N/A,https://5.imimg.com/data5/SELLER/Default/2022/12/ZL/RT/ZJ/9274511/ac-repair-service-250x250.jpg,https://www.indiamart.com/proddetail/air-conditioners-repairing-14139452312.html,"Air Conditioners Repairing, ac"
Facility Management,Ac Repair And Maintenance,ac repair and maintenance,"Preventive Maintenance Ac Repair Services, in Surat",Bhavani Refrigeration Sales And Service,₹ 300,Bhavani Refrigeration Sales And Service,+91 80476 83488,Email via website contact form,https://www.bhavaniac.com/?utm_source=chatgpt.com,Surat,N/A,N/A,https://5.imimg.com/data5/SELLER/Default/2023/8/335427448/CR/DH/BZ/42540115/ac-repair-services-250x250.jpg,https://www.indiamart.com/proddetail/ac-repair-services-22858998062.html,"Preventive Maintenance Ac Repair Services, in Surat"
Facility Management,Ac Repair And Maintenance,ac repair and maintenance,"Self Centralized AC Cassette Air Conditioner Repairing, in Ahmedabad., Normal",Amod Enterprise,₹ 500,N/A,098240 08407,amodenterprise.ahm@gmail.com,https://www.google.com/search?q=amod+enterprise&oq=Amod+Enterprise&gs_lcrp=EgZjaHJvbWUqCggAEAAY4wIYgAQyCggAEAAY4wIYgAQyEAgBEC4YrwEYxwEYgAQYjgUyCAgCEAAYFhgeMggIAxAAGBYYHjIICAQQABgWGB4yDQgFEAAYhgMYgAQYigUyDQgGEAAYhgMYgAQYigUyCggHEAAYgAQYogQyBwgIEAAY7wUyBwgJEAAY7wXSAQc4NzFqMGo0qAIAsAIA&sourceid=chrome&ie=UTF-8,Ahmedabad,N/A,N/A,https://5.imimg.com/data5/QG/HL/KN/SELLER-8012057/cassette-air-conditioner-repairing-250x250.PNG,https://www.indiamart.com/proddetail/cassette-air-conditioner-repairing-21706517812.html,"Self Centralized AC Cassette Air Conditioner Repairing, in Ahmedabad., Normal"
Facility Management,Ac Repair And Maintenance,ac repair and maintenance,Industrial AC Maintenance Services,Devam Engineering,Ask Price,N/A,97639 30937,sales@devamengineering.com,https://www.devamengineering.com,Ahmedabad,N/A,N/A,https://5.imimg.com/data5/SELLER/Default/2026/2/586636152/FC/CG/ID/146739825/industrial-ac-maintenance-services-250x250.jpeg,https://www.indiamart.com/proddetail/industrial-ac-maintenance-services-2849629395188.html,Industrial AC Maintenance Services
Facility Management,Ac Repair And Maintenance,ac repair and maintenance,"Air Conditioner Repair, Maintenance and Services, ac",Aroma Airconditioning,Ask Price,N/A,+91 99090 35642,sales@aromaac.com,https://aromaac.com,Ahmedabad,N/A,N/A,https://5.imimg.com/data5/SELLER/Default/2026/3/588440746/HS/NZ/TA/62600550/air-conditioner-maintenance-services-250x250.jpg,https://www.indiamart.com/proddetail/air-conditioner-repair-maintenance-and-services-2858899272862.html,"Air Conditioner Repair, Maintenance and Services, ac"
Facility Management,Ac Repair And Maintenance,ac repair and maintenance,"Air Conditioner Maintenance Services, ac, repair",Gautam Enterprise,"₹ 6,500",N/A,+91 98793 33704,contact@gautam-enterprise.com,https://gautam-enterprise.com,Vadodara,N/A,N/A,https://5.imimg.com/data5/SELLER/Default/2023/1/GI/GI/QT/99492519/air-conditioner-amc-contractor-250x250.jpg,https://www.indiamart.com/proddetail/air-conditioner-maintenance-services-21906400448.html,"Air Conditioner Maintenance Services, ac, repair"
Facility Management,Ac Repair And Maintenance,ac repair and maintenance,AC Maintenance Service,Unnati Industries,Ask Price,Member: 11 months,Not Found,Not Found,https://unnati-industries.grexa.site,Vadodara,N/A,N/A,https://5.imimg.com/data5/SELLER/Default/2025/7/524134217/ZT/BR/UI/248315091/2-250x250.jpg,https://www.indiamart.com/proddetail/ac-maintenance-service-2856839127188.html,AC Maintenance Service
Facility Management,Ac Repair And Maintenance,ac repair and maintenance,Ductable Ac Repairing Service,Siddhi Aircon Engineers,₹ 650,N/A,Not Found,Not Found,https://www.shreebhavanimandapmfg.com,Ahmedabad,N/A,N/A,https://5.imimg.com/data5/SELLER/Default/2023/11/358535493/YA/HF/VG/42539093/ductable-ac-repairing-service-250x250.jpg,https://www.indiamart.com/proddetail/ductable-ac-repairing-service-2852155240997.html,Ductable Ac Repairing Service
Facility Management,Ac Repair And Maintenance,ac repair and maintenance,"Packaged Air Conditioner Repairing Service, in Local, 420V, ac",S M Refrigeration Service,₹ 750,S M Refrigeration Service,Not Found,Not Found,https://www.indiamart.com › sm-refrigeration-service › profile.html,Gandhidham,N/A,N/A,https://5.imimg.com/data5/SELLER/Default/2022/5/FT/YO/HE/36778856/packaged-air-conditioner-repairing-service-250x250.jpg,https://www.indiamart.com/proddetail/packaged-air-conditioner-repairing-service-20388322862.html,"Packaged Air Conditioner Repairing Service, in Local, 420V, ac"
Facility Management,Ac Repair And Maintenance,ac repair and maintenance,"Split AC Preventive Maintenance AIR CONDITIONER REPAIR AND SERVICE, in Rajkot",Yarn Enterprise,₹ 750,N/A,Not Found,Not Found,https://www.exportersindia.com › rajkot › cotton-blended-yarn.htm,Rajkot,N/A,N/A,https://5.imimg.com/data5/SELLER/Default/2024/5/419537818/EF/AZ/YI/112311862/voltas-ductable-ac-250x250.jpg,https://www.indiamart.com/proddetail/split-ac-preventive-maintenance-air-conditioner-repair-and-service-in-rajkot-2854095744673.html,"Split AC Preventive Maintenance AIR CONDITIONER REPAIR AND SERVICE, in Rajkot"
Facility Management,Ac Repair And Maintenance,ac repair and maintenance,"Air Conditioners Repairing, ac",Sun Shine Air,₹ 600,N/A,Not Found,Not Found,IndiaMARThttps://www.indiamart.com › sunshine-air,Ahmedabad - Deals in Amreli,N/A,N/A,https://5.imimg.com/data5/SELLER/Default/2022/12/ZL/RT/ZJ/9274511/ac-repair-service-250x250.jpg,https://www.indiamart.com/proddetail/air-conditioners-repairing-14139452312.html,"Air Conditioners Repairing, ac"
Facility Management,Ac Repair And Maintenance,ac repair and maintenance,"Preventive Maintenance Ac Repair Services, in Surat",Bhavani Refrigeration Sales And Service,₹ 300,Bhavani Refrigeration Sales And Service,+91 80476 83488,Email via website contact form,https://www.bhavaniac.com/?utm_source=chatgpt.com,Surat,N/A,N/A,https://5.imimg.com/data5/SELLER/Default/2023/8/335427448/CR/DH/BZ/42540115/ac-repair-services-250x250.jpg,https://www.indiamart.com/proddetail/ac-repair-services-22858998062.html,"Preventive Maintenance Ac Repair Services, in Surat"
Facility Management,Ac Repair And Maintenance,ac repair and maintenance,"Self Centralized AC Cassette Air Conditioner Repairing, in Ahmedabad., Normal",Amod Enterprise,₹ 500,N/A,098240 08407,amodenterprise.ahm@gmail.com,https://www.google.com/search?q=amod+enterprise&oq=Amod+Enterprise&gs_lcrp=EgZjaHJvbWUqCggAEAAY4wIYgAQyCggAEAAY4wIYgAQyEAgBEC4YrwEYxwEYgAQYjgUyCAgCEAAYFhgeMggIAxAAGBYYHjIICAQQABgWGB4yDQgFEAAYhgMYgAQYigUyDQgGEAAYhgMYgAQYigUyCggHEAAYgAQYogQyBwgIEAAY7wUyBwgJEAAY7wXSAQc4NzFqMGo0qAIAsAIA&sourceid=chrome&ie=UTF-8,Ahmedabad,N/A,N/A,https://5.imimg.com/data5/QG/HL/KN/SELLER-8012057/cassette-air-conditioner-repairing-250x250.PNG,https://www.indiamart.com/proddetail/cassette-air-conditioner-repairing-21706517812.html,"Self Centralized AC Cassette Air Conditioner Repairing, in Ahmedabad., Normal"
Facility Management,Ac Repair And Maintenance,ac repair and maintenance,Industrial AC Maintenance Services,Devam Engineering,Ask Price,N/A,97639 30937,sales@devamengineering.com,https://www.devamengineering.com,Ahmedabad,N/A,N/A,https://5.imimg.com/data5/SELLER/Default/2026/2/586636152/FC/CG/ID/146739825/industrial-ac-maintenance-services-250x250.jpeg,https://www.indiamart.com/proddetail/industrial-ac-maintenance-services-2849629395188.html,Industrial AC Maintenance Services
Facility Management,Ac Repair And Maintenance,ac repair and maintenance,"Air Conditioner Repair, Maintenance and Services, ac",Aroma Airconditioning,Ask Price,N/A,+91 99090 35642,sales@aromaac.com,https://aromaac.com,Ahmedabad,N/A,N/A,https://5.imimg.com/data5/SELLER/Default/2026/3/588440746/HS/NZ/TA/62600550/air-conditioner-maintenance-services-250x250.jpg,https://www.indiamart.com/proddetail/air-conditioner-repair-maintenance-and-services-2858899272862.html,"Air Conditioner Repair, Maintenance and Services, ac"
Facility Management,Ac Repair And Maintenance,ac repair and maintenance,"Air Conditioner Maintenance Services, ac, repair",Gautam Enterprise,"₹ 6,500",N/A,+91 98793 33704,contact@gautam-enterprise.com,https://gautam-enterprise.com,Vadodara,N/A,N/A,https://5.imimg.com/data5/SELLER/Default/2023/1/GI/GI/QT/99492519/air-conditioner-amc-contractor-250x250.jpg,https://www.indiamart.com/proddetail/air-conditioner-maintenance-services-21906400448.html,"Air Conditioner Maintenance Services, ac, repair"
Facility Management,Ac Repair And Maintenance,ac repair and maintenance,AC Maintenance Service,Unnati Industries,Ask Price,Member: 11 months,Not Found,Not Found,https://unnati-industries.grexa.site,Vadodara,N/A,N/A,https://5.imimg.com/data5/SELLER/Default/2025/7/524134217/ZT/BR/UI/248315091/2-250x250.jpg,https://www.indiamart.com/proddetail/ac-maintenance-service-2856839127188.html,AC Maintenance Service
Facility Management,Ac Repair And Maintenance,ac repair and maintenance,Ductable Ac Repairing Service,Siddhi Aircon Engineers,₹ 650,N/A,Not Found,Not Found,https://www.shreebhavanimandapmfg.com,Ahmedabad,N/A,N/A,https://5.imimg.com/data5/SELLER/Default/2023/11/358535493/YA/HF/VG/42539093/ductable-ac-repairing-service-250x250.jpg,https://www.indiamart.com/proddetail/ductable-ac-repairing-service-2852155240997.html,Ductable Ac Repairing Service
Facility Management,Ac Repair And Maintenance,ac repair and maintenance,"Packaged Air Conditioner Repairing Service, in Local, 420V, ac",S M Refrigeration Service,₹ 750,S M Refrigeration Service,Not Found,Not Found,https://www.indiamart.com › sm-refrigeration-service › profile.html,Gandhidham,N/A,N/A,https://5.imimg.com/data5/SELLER/Default/2022/5/FT/YO/HE/36778856/packaged-air-conditioner-repairing-service-250x250.jpg,https://www.indiamart.com/proddetail/packaged-air-conditioner-repairing-service-20388322862.html,"Packaged Air Conditioner Repairing Service, in Local, 420V, ac"
,,,,,,,+91 99837 37745,balajimarketingsystem2414@gmail.com,https://balajimarketingsystems.com/?utm_source=chatgpt.com,,,,,,
